INSERT INTO "Person" ("id", "name") VALUES (1, 'Edimilson');
INSERT INTO "Person" ("id", "name") VALUES (2, 'Josiel');
INSERT INTO "Person" ("id", "name") VALUES (3, 'Tiago');
INSERT INTO "Person" ("id", "name") VALUES (4, 'Mauro');
INSERT INTO "Person" ("id", "name") VALUES (5, 'Anderson');
INSERT INTO "Person" ("id", "name") VALUES (6, 'Leonardo');
INSERT INTO "Person" ("id", "name") VALUES (7, 'Márcio');
INSERT INTO "Person" ("id", "name") VALUES (8, 'Nilton');
INSERT INTO "Person" ("id", "name") VALUES (9, 'Gilmar');
INSERT INTO "Person" ("id", "name") VALUES (10, 'Carlos Santos');
INSERT INTO "Person" ("id", "name") VALUES (11, 'Rômulo');
INSERT INTO "Territory" ("id", "mapImageUrl", "name", "number", "warningMessage") VALUES (1, '', 'Centro Oeste', '1', '');
INSERT INTO "Block" ("id", "name", "territory_id") VALUES (1, 'A', 1);
INSERT INTO "Address" ("id", "number", "street", "visitUnallowedAt", "visitedAt", "block_id") VALUES (1, 'Lojão', 'José Pereira Maciel', NULL, NULL, 1);
INSERT INTO "Address" ("id", "number", "street", "visitUnallowedAt", "visitedAt", "block_id") VALUES (2, 'SN°1', 'José Pereira Maciel', NULL, NULL, 1);
INSERT INTO "Address" ("id", "number", "street", "visitUnallowedAt", "visitedAt", "block_id") VALUES (3, '328Dir', 'José Pereira Maciel', NULL, NULL, 1);
INSERT INTO "Address" ("id", "number", "street", "visitUnallowedAt", "visitedAt", "block_id") VALUES (4, '328Esq', 'José Pereira Maciel', NULL, NULL, 1);
INSERT INTO "Address" ("id", "number", "street", "visitUnallowedAt", "visitedAt", "block_id") VALUES (5, '362', 'José Pereira Maciel', NULL, NULL, 1);
INSERT INTO "Address" ("id", "number", "street", "visitUnallowedAt", "visitedAt", "block_id") VALUES (6, '374', 'José Pereira Maciel', NULL, NULL, 1);
INSERT INTO "Address" ("id", "number", "street", "visitUnallowedAt", "visitedAt", "block_id") VALUES (7, '499', 'José Pereira Maciel', NULL, NULL, 1);
INSERT INTO "Address" ("id", "number", "street", "visitUnallowedAt", "visitedAt", "block_id") VALUES (8, '390', 'José Pereira Maciel', NULL, NULL, 1);
INSERT INTO "Address" ("id", "number", "street", "visitUnallowedAt", "visitedAt", "block_id") VALUES (9, '420Res', 'José Pereira Maciel', NULL, NULL, 1);
INSERT INTO "Address" ("id", "number", "street", "visitUnallowedAt", "visitedAt", "block_id") VALUES (10, '420', 'José Pereira Maciel', NULL, NULL, 1);
INSERT INTO "Address" ("id", "number", "street", "visitUnallowedAt", "visitedAt", "block_id") VALUES (11, '280', 'Guilherme Rodrigues da Silva', NULL, NULL, 1);
INSERT INTO "Address" ("id", "number", "street", "visitUnallowedAt", "visitedAt", "block_id") VALUES (12, '300', 'Guilherme Rodrigues da Silva', NULL, NULL, 1);
INSERT INTO "Address" ("id", "number", "street", "visitUnallowedAt", "visitedAt", "block_id") VALUES (13, '362', 'Guilherme Rodrigues da Silva', NULL, NULL, 1);
INSERT INTO "Address" ("id", "number", "street", "visitUnallowedAt", "visitedAt", "block_id") VALUES (14, '362', 'Guilherme Rodrigues da Silva', NULL, NULL, 1);
INSERT INTO "Address" ("id", "number", "street", "visitUnallowedAt", "visitedAt", "block_id") VALUES (15, 'SN°5', 'Guilherme Rodrigues da Silva', NULL, NULL, 1);
INSERT INTO "Address" ("id", "number", "street", "visitUnallowedAt", "visitedAt", "block_id") VALUES (16, 'SN°1', 'Manoel Genuíno Santana', NULL, NULL, 1);
INSERT INTO "Address" ("id", "number", "street", "visitUnallowedAt", "visitedAt", "block_id") VALUES (17, 'SN°2', 'Manoel Genuíno Santana', NULL, NULL, 1);
INSERT INTO "Address" ("id", "number", "street", "visitUnallowedAt", "visitedAt", "block_id") VALUES (18, '138', 'Manoel Genuíno Santana', NULL, NULL, 1);
INSERT INTO "Address" ("id", "number", "street", "visitUnallowedAt", "visitedAt", "block_id") VALUES (19, '279', 'Manoel Genuíno Santana', NULL, NULL, 1);
INSERT INTO "Address" ("id", "number", "street", "visitUnallowedAt", "visitedAt", "block_id") VALUES (20, '273', 'Antônio José Scheffer', NULL, NULL, 1);
INSERT INTO "Address" ("id", "number", "street", "visitUnallowedAt", "visitedAt", "block_id") VALUES (21, '317', 'Antônio José Scheffer', NULL, NULL, 1);
INSERT INTO "Address" ("id", "number", "street", "visitUnallowedAt", "visitedAt", "block_id") VALUES (22, '329', 'Antônio José Scheffer', NULL, NULL, 1);
INSERT INTO "Address" ("id", "number", "street", "visitUnallowedAt", "visitedAt", "block_id") VALUES (23, '333', 'Antônio José Scheffer', NULL, NULL, 1);
INSERT INTO "Address" ("id", "number", "street", "visitUnallowedAt", "visitedAt", "block_id") VALUES (24, '341', 'Antônio José Scheffer', NULL, NULL, 1);
INSERT INTO "Address" ("id", "number", "street", "visitUnallowedAt", "visitedAt", "block_id") VALUES (25, '353', 'Antônio José Scheffer', NULL, NULL, 1);
INSERT INTO "Address" ("id", "number", "street", "visitUnallowedAt", "visitedAt", "block_id") VALUES (26, '365', 'Antônio José Scheffer', NULL, NULL, 1);
INSERT INTO "Address" ("id", "number", "street", "visitUnallowedAt", "visitedAt", "block_id") VALUES (27, '375', 'Antônio José Scheffer', NULL, NULL, 1);
INSERT INTO "Address" ("id", "number", "street", "visitUnallowedAt", "visitedAt", "block_id") VALUES (28, 'SN°9', 'Antônio José Scheffer', NULL, NULL, 1);
INSERT INTO "Block" ("id", "name", "territory_id") VALUES (2, 'B', 1);
INSERT INTO "Address" ("id", "number", "street", "visitUnallowedAt", "visitedAt", "block_id") VALUES (29, '403Loj', 'Antônio José Scheffer', NULL, NULL, 2);
INSERT INTO "Address" ("id", "number", "street", "visitUnallowedAt", "visitedAt", "block_id") VALUES (30, '403Res', 'Antônio José Scheffer', NULL, NULL, 2);
INSERT INTO "Address" ("id", "number", "street", "visitUnallowedAt", "visitedAt", "block_id") VALUES (31, '427', 'Antônio José Scheffer', NULL, NULL, 2);
INSERT INTO "Address" ("id", "number", "street", "visitUnallowedAt", "visitedAt", "block_id") VALUES (32, 'SN°4', 'Antônio José Scheffer', NULL, NULL, 2);
INSERT INTO "Address" ("id", "number", "street", "visitUnallowedAt", "visitedAt", "block_id") VALUES (33, '455', 'Antônio José Scheffer', NULL, NULL, 2);
INSERT INTO "Address" ("id", "number", "street", "visitUnallowedAt", "visitedAt", "block_id") VALUES (34, 'SN°1', 'João Fernandes de Oliveira', NULL, NULL, 2);
INSERT INTO "Address" ("id", "number", "street", "visitUnallowedAt", "visitedAt", "block_id") VALUES (35, '45', 'João Fernandes de Oliveira', NULL, NULL, 2);
INSERT INTO "Address" ("id", "number", "street", "visitUnallowedAt", "visitedAt", "block_id") VALUES (36, 'SN°3', 'João Fernandes de Oliveira', NULL, NULL, 2);
INSERT INTO "Address" ("id", "number", "street", "visitUnallowedAt", "visitedAt", "block_id") VALUES (37, 'SN°4', 'João Fernandes de Oliveira', NULL, NULL, 2);
INSERT INTO "Address" ("id", "number", "street", "visitUnallowedAt", "visitedAt", "block_id") VALUES (38, '75', 'João Fernandes de Oliveira', NULL, NULL, 2);
INSERT INTO "Address" ("id", "number", "street", "visitUnallowedAt", "visitedAt", "block_id") VALUES (39, '250', 'Manoel Genuíno Santana', NULL, NULL, 2);
INSERT INTO "Address" ("id", "number", "street", "visitUnallowedAt", "visitedAt", "block_id") VALUES (40, '264', 'Manoel Genuíno Santana', NULL, NULL, 2);
INSERT INTO "Address" ("id", "number", "street", "visitUnallowedAt", "visitedAt", "block_id") VALUES (41, 'SN°3', 'Manoel Genuíno Santana', NULL, NULL, 2);
INSERT INTO "Address" ("id", "number", "street", "visitUnallowedAt", "visitedAt", "block_id") VALUES (42, 'sN°4', 'Manoel Genuíno Santana', NULL, NULL, 2);
INSERT INTO "Address" ("id", "number", "street", "visitUnallowedAt", "visitedAt", "block_id") VALUES (43, '292', 'Manoel Genuíno Santana', NULL, NULL, 2);
INSERT INTO "Address" ("id", "number", "street", "visitUnallowedAt", "visitedAt", "block_id") VALUES (44, '3F', 'Manoel Genuíno Santana', NULL, NULL, 2);
INSERT INTO "Address" ("id", "number", "street", "visitUnallowedAt", "visitedAt", "block_id") VALUES (45, 'SN°7', 'Manoel Genuíno Santana', NULL, NULL, 2);
INSERT INTO "Address" ("id", "number", "street", "visitUnallowedAt", "visitedAt", "block_id") VALUES (46, 'SN°8', 'Manoel Genuíno Santana', NULL, NULL, 2);
INSERT INTO "Block" ("id", "name", "territory_id") VALUES (3, 'C', 1);
INSERT INTO "Address" ("id", "number", "street", "visitUnallowedAt", "visitedAt", "block_id") VALUES (47, 'SN°1', 'José Pereira Maciel', NULL, NULL, 3);
INSERT INTO "Address" ("id", "number", "street", "visitUnallowedAt", "visitedAt", "block_id") VALUES (48, 'SN°2', 'José Pereira Maciel', NULL, NULL, 3);
INSERT INTO "Address" ("id", "number", "street", "visitUnallowedAt", "visitedAt", "block_id") VALUES (49, 'SN°3', 'José Pereira Maciel', NULL, NULL, 3);
INSERT INTO "Address" ("id", "number", "street", "visitUnallowedAt", "visitedAt", "block_id") VALUES (50, 'SN°4', 'José Pereira Maciel', NULL, NULL, 3);
INSERT INTO "Address" ("id", "number", "street", "visitUnallowedAt", "visitedAt", "block_id") VALUES (51, '530', 'José Pereira Maciel', NULL, NULL, 3);
INSERT INTO "Address" ("id", "number", "street", "visitUnallowedAt", "visitedAt", "block_id") VALUES (52, 'SN°6', 'José Pereira Maciel', NULL, NULL, 3);
INSERT INTO "Address" ("id", "number", "street", "visitUnallowedAt", "visitedAt", "block_id") VALUES (53, 'SN°1', 'José Hespanhol', NULL, NULL, 3);
INSERT INTO "Address" ("id", "number", "street", "visitUnallowedAt", "visitedAt", "block_id") VALUES (54, 'SN°2', 'José Hespanhol', NULL, NULL, 3);
INSERT INTO "Address" ("id", "number", "street", "visitUnallowedAt", "visitedAt", "block_id") VALUES (55, 'SN°3', 'José Hespanhol', NULL, NULL, 3);
INSERT INTO "Address" ("id", "number", "street", "visitUnallowedAt", "visitedAt", "block_id") VALUES (56, 'SN°1', 'Antônio José Scheffer', NULL, NULL, 3);
INSERT INTO "Address" ("id", "number", "street", "visitUnallowedAt", "visitedAt", "block_id") VALUES (57, '517', 'Antônio José Scheffer', NULL, NULL, 3);
INSERT INTO "Address" ("id", "number", "street", "visitUnallowedAt", "visitedAt", "block_id") VALUES (58, 'SN°3', 'Antônio José Scheffer', NULL, NULL, 3);
INSERT INTO "Address" ("id", "number", "street", "visitUnallowedAt", "visitedAt", "block_id") VALUES (59, '561', 'Antônio José Scheffer', NULL, NULL, 3);
INSERT INTO "Address" ("id", "number", "street", "visitUnallowedAt", "visitedAt", "block_id") VALUES (60, '34', 'João Fernandes de Oliveira', NULL, NULL, 3);
INSERT INTO "Address" ("id", "number", "street", "visitUnallowedAt", "visitedAt", "block_id") VALUES (61, '45', 'João Fernandes de Oliveira', NULL, NULL, 3);
INSERT INTO "Address" ("id", "number", "street", "visitUnallowedAt", "visitedAt", "block_id") VALUES (62, 'SN°3', 'João Fernandes de Oliveira', NULL, NULL, 3);
INSERT INTO "Address" ("id", "number", "street", "visitUnallowedAt", "visitedAt", "block_id") VALUES (63, '48', 'João Fernandes de Oliveira', NULL, NULL, 3);
INSERT INTO "Block" ("id", "name", "territory_id") VALUES (4, 'D', 1);
INSERT INTO "Address" ("id", "number", "street", "visitUnallowedAt", "visitedAt", "block_id") VALUES (64, '191', 'Guilherme Rodrigues da Silva', NULL, NULL, 4);
INSERT INTO "Address" ("id", "number", "street", "visitUnallowedAt", "visitedAt", "block_id") VALUES (65, '172', 'Guilherme Rodrigues da Silva', NULL, NULL, 4);
INSERT INTO "Address" ("id", "number", "street", "visitUnallowedAt", "visitedAt", "block_id") VALUES (66, '182', 'Guilherme Rodrigues da Silva', NULL, NULL, 4);
INSERT INTO "Address" ("id", "number", "street", "visitUnallowedAt", "visitedAt", "block_id") VALUES (67, 'SN°1', 'Antônio José Scheffer', NULL, NULL, 4);
INSERT INTO "Address" ("id", "number", "street", "visitUnallowedAt", "visitedAt", "block_id") VALUES (68, '252', 'Antônio José Scheffer', NULL, NULL, 4);
INSERT INTO "Address" ("id", "number", "street", "visitUnallowedAt", "visitedAt", "block_id") VALUES (69, '338', 'Antônio José Scheffer', NULL, NULL, 4);
INSERT INTO "Address" ("id", "number", "street", "visitUnallowedAt", "visitedAt", "block_id") VALUES (70, '328', 'Antônio José Scheffer', NULL, NULL, 4);
INSERT INTO "Address" ("id", "number", "street", "visitUnallowedAt", "visitedAt", "block_id") VALUES (71, '340', 'Antônio José Scheffer', NULL, NULL, 4);
INSERT INTO "Address" ("id", "number", "street", "visitUnallowedAt", "visitedAt", "block_id") VALUES (72, '350', 'Antônio José Scheffer', NULL, NULL, 4);
INSERT INTO "Address" ("id", "number", "street", "visitUnallowedAt", "visitedAt", "block_id") VALUES (73, '364', 'Antônio José Scheffer', NULL, NULL, 4);
INSERT INTO "Address" ("id", "number", "street", "visitUnallowedAt", "visitedAt", "block_id") VALUES (74, 'SN°8', 'Antônio José Scheffer', NULL, NULL, 4);
INSERT INTO "Address" ("id", "number", "street", "visitUnallowedAt", "visitedAt", "block_id") VALUES (75, '400', 'Antônio José Scheffer', NULL, NULL, 4);
INSERT INTO "Block" ("id", "name", "territory_id") VALUES (5, 'E', 1);
INSERT INTO "Address" ("id", "number", "street", "visitUnallowedAt", "visitedAt", "block_id") VALUES (76, '400 L', 'Antônio José Scheffer', NULL, NULL, 5);
INSERT INTO "Address" ("id", "number", "street", "visitUnallowedAt", "visitedAt", "block_id") VALUES (77, '400 C', 'Antônio José Scheffer', NULL, NULL, 5);
INSERT INTO "Address" ("id", "number", "street", "visitUnallowedAt", "visitedAt", "block_id") VALUES (78, 'SN°3', 'Antônio José Scheffer', NULL, NULL, 5);
INSERT INTO "Address" ("id", "number", "street", "visitUnallowedAt", "visitedAt", "block_id") VALUES (79, 'SN°4', 'Antônio José Scheffer', NULL, NULL, 5);
INSERT INTO "Address" ("id", "number", "street", "visitUnallowedAt", "visitedAt", "block_id") VALUES (80, 'SN°5', 'Antônio José Scheffer', NULL, NULL, 5);
INSERT INTO "Address" ("id", "number", "street", "visitUnallowedAt", "visitedAt", "block_id") VALUES (81, 'SN°6', 'Antônio José Scheffer', NULL, NULL, 5);
INSERT INTO "Address" ("id", "number", "street", "visitUnallowedAt", "visitedAt", "block_id") VALUES (82, '450', 'Antônio José Scheffer', NULL, NULL, 5);
INSERT INTO "Address" ("id", "number", "street", "visitUnallowedAt", "visitedAt", "block_id") VALUES (83, '456', 'Antônio José Scheffer', NULL, NULL, 5);
INSERT INTO "Address" ("id", "number", "street", "visitUnallowedAt", "visitedAt", "block_id") VALUES (84, 'SN°9', 'Antônio José Scheffer', NULL, NULL, 5);
INSERT INTO "Address" ("id", "number", "street", "visitUnallowedAt", "visitedAt", "block_id") VALUES (85, '472', 'Antônio José Scheffer', NULL, NULL, 5);
INSERT INTO "Address" ("id", "number", "street", "visitUnallowedAt", "visitedAt", "block_id") VALUES (86, '498', 'Antônio José Scheffer', NULL, NULL, 5);
INSERT INTO "Address" ("id", "number", "street", "visitUnallowedAt", "visitedAt", "block_id") VALUES (87, 'SN°12', 'Antônio José Scheffer', NULL, NULL, 5);
INSERT INTO "Address" ("id", "number", "street", "visitUnallowedAt", "visitedAt", "block_id") VALUES (88, '550', 'Antônio José Scheffer', NULL, NULL, 5);
INSERT INTO "Address" ("id", "number", "street", "visitUnallowedAt", "visitedAt", "block_id") VALUES (89, '568', 'Antônio José Scheffer', NULL, NULL, 5);
INSERT INTO "Address" ("id", "number", "street", "visitUnallowedAt", "visitedAt", "block_id") VALUES (90, '580', 'Antônio José Scheffer', NULL, NULL, 5);
INSERT INTO "Address" ("id", "number", "street", "visitUnallowedAt", "visitedAt", "block_id") VALUES (91, 'SN°16', 'Antônio José Scheffer', NULL, NULL, 5);
INSERT INTO "Address" ("id", "number", "street", "visitUnallowedAt", "visitedAt", "block_id") VALUES (92, '551', 'Pedro Inácio dos Santos', NULL, NULL, 5);
INSERT INTO "Address" ("id", "number", "street", "visitUnallowedAt", "visitedAt", "block_id") VALUES (93, 'SN°1', 'Antônio Teixeira de Farias', NULL, NULL, 5);
INSERT INTO "Address" ("id", "number", "street", "visitUnallowedAt", "visitedAt", "block_id") VALUES (94, 'SN°2', 'Antônio Teixeira de Farias', NULL, NULL, 5);
INSERT INTO "Address" ("id", "number", "street", "visitUnallowedAt", "visitedAt", "block_id") VALUES (95, '417', 'Antônio Teixeira de Farias', NULL, NULL, 5);
INSERT INTO "Address" ("id", "number", "street", "visitUnallowedAt", "visitedAt", "block_id") VALUES (96, '391', 'Antônio Teixeira de Farias', NULL, NULL, 5);
INSERT INTO "Address" ("id", "number", "street", "visitUnallowedAt", "visitedAt", "block_id") VALUES (97, '391F', 'Antônio Teixeira de Farias', NULL, NULL, 5);
INSERT INTO "Address" ("id", "number", "street", "visitUnallowedAt", "visitedAt", "block_id") VALUES (98, '427', 'Antônio Teixeira de Farias', NULL, NULL, 5);
INSERT INTO "Address" ("id", "number", "street", "visitUnallowedAt", "visitedAt", "block_id") VALUES (99, '413', 'Antônio Teixeira de Farias', NULL, NULL, 5);
INSERT INTO "Address" ("id", "number", "street", "visitUnallowedAt", "visitedAt", "block_id") VALUES (100, '423', 'Antônio Teixeira de Farias', NULL, NULL, 5);
INSERT INTO "Address" ("id", "number", "street", "visitUnallowedAt", "visitedAt", "block_id") VALUES (101, 'SN°9', 'Antônio Teixeira de Farias', NULL, NULL, 5);
INSERT INTO "Address" ("id", "number", "street", "visitUnallowedAt", "visitedAt", "block_id") VALUES (102, 'SN°10', 'Antônio Teixeira de Farias', NULL, NULL, 5);
INSERT INTO "Address" ("id", "number", "street", "visitUnallowedAt", "visitedAt", "block_id") VALUES (103, 'SN°11', 'Antônio Teixeira de Farias', NULL, NULL, 5);
INSERT INTO "Address" ("id", "number", "street", "visitUnallowedAt", "visitedAt", "block_id") VALUES (104, '483', 'Antônio Teixeira de Farias', NULL, NULL, 5);
INSERT INTO "Address" ("id", "number", "street", "visitUnallowedAt", "visitedAt", "block_id") VALUES (105, '220', 'Antônio Teixeira de Farias', NULL, NULL, 5);
INSERT INTO "Address" ("id", "number", "street", "visitUnallowedAt", "visitedAt", "block_id") VALUES (106, 'SN°1', 'Manoel Genuíno Santana', NULL, NULL, 5);
INSERT INTO "Address" ("id", "number", "street", "visitUnallowedAt", "visitedAt", "block_id") VALUES (107, '170', 'Manoel Genuíno Santana', NULL, NULL, 5);
INSERT INTO "Address" ("id", "number", "street", "visitUnallowedAt", "visitedAt", "block_id") VALUES (108, 'SN°3', 'Manoel Genuíno Santana', NULL, NULL, 5);
INSERT INTO "Block" ("id", "name", "territory_id") VALUES (6, 'F', 1);
INSERT INTO "Address" ("id", "number", "street", "visitUnallowedAt", "visitedAt", "block_id") VALUES (109, '542', 'Pedro Inácio dos Santos', NULL, NULL, 6);
INSERT INTO "Address" ("id", "number", "street", "visitUnallowedAt", "visitedAt", "block_id") VALUES (110, 'SN°2', 'Pedro Inácio dos Santos', NULL, NULL, 6);
INSERT INTO "Address" ("id", "number", "street", "visitUnallowedAt", "visitedAt", "block_id") VALUES (111, '568', 'Pedro Inácio dos Santos', NULL, NULL, 6);
INSERT INTO "Address" ("id", "number", "street", "visitUnallowedAt", "visitedAt", "block_id") VALUES (112, '568F', 'Pedro Inácio dos Santos', NULL, NULL, 6);
INSERT INTO "Address" ("id", "number", "street", "visitUnallowedAt", "visitedAt", "block_id") VALUES (113, '584', 'Pedro Inácio dos Santos', NULL, NULL, 6);
INSERT INTO "Address" ("id", "number", "street", "visitUnallowedAt", "visitedAt", "block_id") VALUES (114, 'SN°6', 'Pedro Inácio dos Santos', NULL, NULL, 6);
INSERT INTO "Address" ("id", "number", "street", "visitUnallowedAt", "visitedAt", "block_id") VALUES (115, '592', 'Pedro Inácio dos Santos', NULL, NULL, 6);
INSERT INTO "Address" ("id", "number", "street", "visitUnallowedAt", "visitedAt", "block_id") VALUES (116, '628', 'Pedro Inácio dos Santos', NULL, NULL, 6);
INSERT INTO "Address" ("id", "number", "street", "visitUnallowedAt", "visitedAt", "block_id") VALUES (117, '628F', 'Pedro Inácio dos Santos', NULL, NULL, 6);
INSERT INTO "Address" ("id", "number", "street", "visitUnallowedAt", "visitedAt", "block_id") VALUES (118, '634', 'Antônio José Scheffer', NULL, NULL, 6);
INSERT INTO "Address" ("id", "number", "street", "visitUnallowedAt", "visitedAt", "block_id") VALUES (119, '646', 'Antônio José Scheffer', NULL, NULL, 6);
INSERT INTO "Address" ("id", "number", "street", "visitUnallowedAt", "visitedAt", "block_id") VALUES (120, '652', 'Antônio José Scheffer', NULL, NULL, 6);
INSERT INTO "Address" ("id", "number", "street", "visitUnallowedAt", "visitedAt", "block_id") VALUES (121, 'SN°4', 'Antônio José Scheffer', NULL, NULL, 6);
INSERT INTO "Address" ("id", "number", "street", "visitUnallowedAt", "visitedAt", "block_id") VALUES (122, '668', 'Antônio José Scheffer', NULL, NULL, 6);
INSERT INTO "Address" ("id", "number", "street", "visitUnallowedAt", "visitedAt", "block_id") VALUES (123, 'SN°6', 'Antônio José Scheffer', NULL, NULL, 6);
INSERT INTO "Address" ("id", "number", "street", "visitUnallowedAt", "visitedAt", "block_id") VALUES (124, 'SN°7', 'Antônio José Scheffer', NULL, NULL, 6);
INSERT INTO "Address" ("id", "number", "street", "visitUnallowedAt", "visitedAt", "block_id") VALUES (125, '750', 'Antônio José Scheffer', NULL, NULL, 6);
INSERT INTO "Address" ("id", "number", "street", "visitUnallowedAt", "visitedAt", "block_id") VALUES (126, 'SN°9', 'Antônio José Scheffer', NULL, NULL, 6);
INSERT INTO "Address" ("id", "number", "street", "visitUnallowedAt", "visitedAt", "block_id") VALUES (127, 'SN°10', 'Antônio José Scheffer', NULL, NULL, 6);
INSERT INTO "Address" ("id", "number", "street", "visitUnallowedAt", "visitedAt", "block_id") VALUES (128, 'SN°1', 'Beco Antônio J Scheffer 1 Dir', NULL, NULL, 6);
INSERT INTO "Address" ("id", "number", "street", "visitUnallowedAt", "visitedAt", "block_id") VALUES (129, 'SN°2', 'Beco Antônio J Scheffer 1 Dir', NULL, NULL, 6);
INSERT INTO "Address" ("id", "number", "street", "visitUnallowedAt", "visitedAt", "block_id") VALUES (130, 'SN°1', 'Beco Antônio J Scheffer 1 Esq', NULL, NULL, 6);
INSERT INTO "Address" ("id", "number", "street", "visitUnallowedAt", "visitedAt", "block_id") VALUES (131, 'SN°2', 'Beco Antônio J Scheffer 1 Esq', NULL, NULL, 6);
INSERT INTO "Address" ("id", "number", "street", "visitUnallowedAt", "visitedAt", "block_id") VALUES (132, 'SN°1', 'Bc A. J. Scheffer 2', NULL, NULL, 6);
INSERT INTO "Address" ("id", "number", "street", "visitUnallowedAt", "visitedAt", "block_id") VALUES (133, 'SN°2', 'Bc A. J. Scheffer 2', NULL, NULL, 6);
INSERT INTO "Address" ("id", "number", "street", "visitUnallowedAt", "visitedAt", "block_id") VALUES (134, '31', 'Ignácio Lado Esq', NULL, NULL, 6);
INSERT INTO "Address" ("id", "number", "street", "visitUnallowedAt", "visitedAt", "block_id") VALUES (135, 'SN°2', 'Ignácio Lado Esq', NULL, NULL, 6);
INSERT INTO "Address" ("id", "number", "street", "visitUnallowedAt", "visitedAt", "block_id") VALUES (136, '35', 'Ignácio Lado Esq', NULL, NULL, 6);
INSERT INTO "Address" ("id", "number", "street", "visitUnallowedAt", "visitedAt", "block_id") VALUES (137, '37', 'Ignácio Lado Esq', NULL, NULL, 6);
INSERT INTO "Address" ("id", "number", "street", "visitUnallowedAt", "visitedAt", "block_id") VALUES (138, 'SN°5', 'Ignácio Lado Esq', NULL, NULL, 6);
INSERT INTO "Address" ("id", "number", "street", "visitUnallowedAt", "visitedAt", "block_id") VALUES (139, 'SN°1', 'Beco Paralelo R Ignácio', NULL, NULL, 6);
INSERT INTO "Address" ("id", "number", "street", "visitUnallowedAt", "visitedAt", "block_id") VALUES (140, 'SN°2', 'Beco Paralelo R Ignácio', NULL, NULL, 6);
INSERT INTO "Address" ("id", "number", "street", "visitUnallowedAt", "visitedAt", "block_id") VALUES (141, 'SN°3', 'Beco Paralelo R Ignácio', NULL, NULL, 6);
INSERT INTO "Address" ("id", "number", "street", "visitUnallowedAt", "visitedAt", "block_id") VALUES (142, 'SN°4', 'Beco Paralelo R Ignácio', NULL, NULL, 6);
INSERT INTO "Block" ("id", "name", "territory_id") VALUES (7, 'G', 1);
INSERT INTO "Address" ("id", "number", "street", "visitUnallowedAt", "visitedAt", "block_id") VALUES (143, '237', 'Pedro Inácio dos Santos', NULL, NULL, 7);
INSERT INTO "Address" ("id", "number", "street", "visitUnallowedAt", "visitedAt", "block_id") VALUES (144, '255', 'Pedro Inácio dos Santos', NULL, NULL, 7);
INSERT INTO "Address" ("id", "number", "street", "visitUnallowedAt", "visitedAt", "block_id") VALUES (145, '255', 'Pedro Inácio dos Santos', NULL, NULL, 7);
INSERT INTO "Address" ("id", "number", "street", "visitUnallowedAt", "visitedAt", "block_id") VALUES (146, '255', 'Pedro Inácio dos Santos', NULL, NULL, 7);
INSERT INTO "Address" ("id", "number", "street", "visitUnallowedAt", "visitedAt", "block_id") VALUES (147, '261', 'Pedro Inácio dos Santos', NULL, NULL, 7);
INSERT INTO "Address" ("id", "number", "street", "visitUnallowedAt", "visitedAt", "block_id") VALUES (148, 'SN°6', 'Pedro Inácio dos Santos', NULL, NULL, 7);
INSERT INTO "Address" ("id", "number", "street", "visitUnallowedAt", "visitedAt", "block_id") VALUES (149, '297', 'Pedro Inácio dos Santos', NULL, NULL, 7);
INSERT INTO "Address" ("id", "number", "street", "visitUnallowedAt", "visitedAt", "block_id") VALUES (150, '319', 'Pedro Inácio dos Santos', NULL, NULL, 7);
INSERT INTO "Address" ("id", "number", "street", "visitUnallowedAt", "visitedAt", "block_id") VALUES (151, '329', 'Pedro Inácio dos Santos', NULL, NULL, 7);
INSERT INTO "Address" ("id", "number", "street", "visitUnallowedAt", "visitedAt", "block_id") VALUES (152, '339', 'Pedro Inácio dos Santos', NULL, NULL, 7);
INSERT INTO "Address" ("id", "number", "street", "visitUnallowedAt", "visitedAt", "block_id") VALUES (153, '351', 'Pedro Inácio dos Santos', NULL, NULL, 7);
INSERT INTO "Address" ("id", "number", "street", "visitUnallowedAt", "visitedAt", "block_id") VALUES (154, '362', 'Pedro Inácio dos Santos', NULL, NULL, 7);
INSERT INTO "Address" ("id", "number", "street", "visitUnallowedAt", "visitedAt", "block_id") VALUES (155, '373', 'Pedro Inácio dos Santos', NULL, NULL, 7);
INSERT INTO "Address" ("id", "number", "street", "visitUnallowedAt", "visitedAt", "block_id") VALUES (156, '385', 'Pedro Inácio dos Santos', NULL, NULL, 7);
INSERT INTO "Address" ("id", "number", "street", "visitUnallowedAt", "visitedAt", "block_id") VALUES (157, '731', 'Pedro Inácio dos Santos', NULL, NULL, 7);
INSERT INTO "Address" ("id", "number", "street", "visitUnallowedAt", "visitedAt", "block_id") VALUES (158, '69', 'Manoel Genuíno Santana', NULL, NULL, 7);
INSERT INTO "Address" ("id", "number", "street", "visitUnallowedAt", "visitedAt", "block_id") VALUES (159, '332', 'Manoel Genuíno Santana', NULL, NULL, 7);
INSERT INTO "Address" ("id", "number", "street", "visitUnallowedAt", "visitedAt", "block_id") VALUES (160, '354', 'Antônio Teixeira de Farias', NULL, NULL, 7);
INSERT INTO "Address" ("id", "number", "street", "visitUnallowedAt", "visitedAt", "block_id") VALUES (161, '26', 'Antônio Teixeira de Farias', NULL, NULL, 7);
INSERT INTO "Address" ("id", "number", "street", "visitUnallowedAt", "visitedAt", "block_id") VALUES (162, 'SN°3', 'Antônio Teixeira de Farias', NULL, NULL, 7);
INSERT INTO "Address" ("id", "number", "street", "visitUnallowedAt", "visitedAt", "block_id") VALUES (163, 'SN°4', 'Antônio Teixeira de Farias', NULL, NULL, 7);
INSERT INTO "Address" ("id", "number", "street", "visitUnallowedAt", "visitedAt", "block_id") VALUES (164, 'SN°5', 'Antônio Teixeira de Farias', NULL, NULL, 7);
INSERT INTO "Address" ("id", "number", "street", "visitUnallowedAt", "visitedAt", "block_id") VALUES (165, '427', 'Antônio Teixeira de Farias', NULL, NULL, 7);
INSERT INTO "Address" ("id", "number", "street", "visitUnallowedAt", "visitedAt", "block_id") VALUES (166, '427', 'Antônio Teixeira de Farias', NULL, NULL, 7);
INSERT INTO "Address" ("id", "number", "street", "visitUnallowedAt", "visitedAt", "block_id") VALUES (167, 'SN°8', 'Antônio Teixeira de Farias', NULL, NULL, 7);
INSERT INTO "Address" ("id", "number", "street", "visitUnallowedAt", "visitedAt", "block_id") VALUES (168, '140', 'Guilherme Rodrigues da Silva', NULL, NULL, 7);
INSERT INTO "Block" ("id", "name", "territory_id") VALUES (8, 'H', 1);
INSERT INTO "Address" ("id", "number", "street", "visitUnallowedAt", "visitedAt", "block_id") VALUES (169, 'SN°1', 'Pedro Inácio dos Santos', NULL, NULL, 8);
INSERT INTO "Address" ("id", "number", "street", "visitUnallowedAt", "visitedAt", "block_id") VALUES (170, '425', 'Pedro Inácio dos Santos', NULL, NULL, 8);
INSERT INTO "Address" ("id", "number", "street", "visitUnallowedAt", "visitedAt", "block_id") VALUES (171, '437', 'Pedro Inácio dos Santos', NULL, NULL, 8);
INSERT INTO "Address" ("id", "number", "street", "visitUnallowedAt", "visitedAt", "block_id") VALUES (172, '451', 'Pedro Inácio dos Santos', NULL, NULL, 8);
INSERT INTO "Address" ("id", "number", "street", "visitUnallowedAt", "visitedAt", "block_id") VALUES (173, '471', 'Pedro Inácio dos Santos', NULL, NULL, 8);
INSERT INTO "Address" ("id", "number", "street", "visitUnallowedAt", "visitedAt", "block_id") VALUES (174, '503', 'Pedro Inácio dos Santos', NULL, NULL, 8);
INSERT INTO "Address" ("id", "number", "street", "visitUnallowedAt", "visitedAt", "block_id") VALUES (175, '477', 'Pedro Inácio dos Santos', NULL, NULL, 8);
INSERT INTO "Address" ("id", "number", "street", "visitUnallowedAt", "visitedAt", "block_id") VALUES (176, 'SN°8', 'Pedro Inácio dos Santos', NULL, NULL, 8);
INSERT INTO "Address" ("id", "number", "street", "visitUnallowedAt", "visitedAt", "block_id") VALUES (177, '497', 'Pedro Inácio dos Santos', NULL, NULL, 8);
INSERT INTO "Address" ("id", "number", "street", "visitUnallowedAt", "visitedAt", "block_id") VALUES (178, '68', 'Manoel Genuíno Santana', NULL, NULL, 8);
INSERT INTO "Address" ("id", "number", "street", "visitUnallowedAt", "visitedAt", "block_id") VALUES (179, '76', 'Manoel Genuíno Santana', NULL, NULL, 8);
INSERT INTO "Address" ("id", "number", "street", "visitUnallowedAt", "visitedAt", "block_id") VALUES (180, 'SN°3', 'Manoel Genuíno Santana', NULL, NULL, 8);
INSERT INTO "Address" ("id", "number", "street", "visitUnallowedAt", "visitedAt", "block_id") VALUES (181, '364-1', 'Antônio Teixeira de Farias', NULL, NULL, 8);
INSERT INTO "Address" ("id", "number", "street", "visitUnallowedAt", "visitedAt", "block_id") VALUES (182, '364-2', 'Antônio Teixeira de Farias', NULL, NULL, 8);
INSERT INTO "Address" ("id", "number", "street", "visitUnallowedAt", "visitedAt", "block_id") VALUES (183, '364-3', 'Antônio Teixeira de Farias', NULL, NULL, 8);
INSERT INTO "Address" ("id", "number", "street", "visitUnallowedAt", "visitedAt", "block_id") VALUES (184, '364-4', 'Antônio Teixeira de Farias', NULL, NULL, 8);
INSERT INTO "Address" ("id", "number", "street", "visitUnallowedAt", "visitedAt", "block_id") VALUES (185, 'SN°5', 'Antônio Teixeira de Farias', NULL, NULL, 8);
INSERT INTO "Address" ("id", "number", "street", "visitUnallowedAt", "visitedAt", "block_id") VALUES (186, '380', 'Antônio Teixeira de Farias', NULL, NULL, 8);
INSERT INTO "Address" ("id", "number", "street", "visitUnallowedAt", "visitedAt", "block_id") VALUES (187, 'SN°7', 'Antônio Teixeira de Farias', NULL, NULL, 8);
INSERT INTO "Address" ("id", "number", "street", "visitUnallowedAt", "visitedAt", "block_id") VALUES (188, 'SN°8', 'Antônio Teixeira de Farias', NULL, NULL, 8);
INSERT INTO "Address" ("id", "number", "street", "visitUnallowedAt", "visitedAt", "block_id") VALUES (189, 'SN°9', 'Antônio Teixeira de Farias', NULL, NULL, 8);
INSERT INTO "Address" ("id", "number", "street", "visitUnallowedAt", "visitedAt", "block_id") VALUES (190, '448', 'Antônio Teixeira de Farias', NULL, NULL, 8);
INSERT INTO "Address" ("id", "number", "street", "visitUnallowedAt", "visitedAt", "block_id") VALUES (191, 'SN°1', 'Beco na Antônio T. de Farias', NULL, NULL, 8);
INSERT INTO "Address" ("id", "number", "street", "visitUnallowedAt", "visitedAt", "block_id") VALUES (192, 'SN°2', 'Beco na Antônio T. de Farias', NULL, NULL, 8);
INSERT INTO "Block" ("id", "name", "territory_id") VALUES (9, 'I', 1);
INSERT INTO "Address" ("id", "number", "street", "visitUnallowedAt", "visitedAt", "block_id") VALUES (193, 'SN°1', 'Pedro Inácio dos Santos', NULL, NULL, 9);
INSERT INTO "Address" ("id", "number", "street", "visitUnallowedAt", "visitedAt", "block_id") VALUES (194, '446', 'Pedro Inácio dos Santos', NULL, NULL, 9);
INSERT INTO "Address" ("id", "number", "street", "visitUnallowedAt", "visitedAt", "block_id") VALUES (195, 'SN°3', 'Pedro Inácio dos Santos', NULL, NULL, 9);
INSERT INTO "Address" ("id", "number", "street", "visitUnallowedAt", "visitedAt", "block_id") VALUES (196, '512', 'Pedro Inácio dos Santos', NULL, NULL, 9);
INSERT INTO "Address" ("id", "number", "street", "visitUnallowedAt", "visitedAt", "block_id") VALUES (197, '486', 'Pedro Inácio dos Santos', NULL, NULL, 9);
INSERT INTO "Address" ("id", "number", "street", "visitUnallowedAt", "visitedAt", "block_id") VALUES (198, '496', 'Pedro Inácio dos Santos', NULL, NULL, 9);
INSERT INTO "Address" ("id", "number", "street", "visitUnallowedAt", "visitedAt", "block_id") VALUES (199, '496F', 'Pedro Inácio dos Santos', NULL, NULL, 9);
INSERT INTO "Address" ("id", "number", "street", "visitUnallowedAt", "visitedAt", "block_id") VALUES (200, '520', 'Pedro Inácio dos Santos', NULL, NULL, 9);
INSERT INTO "Address" ("id", "number", "street", "visitUnallowedAt", "visitedAt", "block_id") VALUES (201, 'SN°9', 'Pedro Inácio dos Santos', NULL, NULL, 9);
INSERT INTO "Address" ("id", "number", "street", "visitUnallowedAt", "visitedAt", "block_id") VALUES (202, '13', 'Ignácio Lado Direito', NULL, NULL, 9);
INSERT INTO "Address" ("id", "number", "street", "visitUnallowedAt", "visitedAt", "block_id") VALUES (203, 'SN°2', 'Ignácio Lado Direito', NULL, NULL, 9);
INSERT INTO "Address" ("id", "number", "street", "visitUnallowedAt", "visitedAt", "block_id") VALUES (204, 'SN°3', 'Ignácio Lado Direito', NULL, NULL, 9);
INSERT INTO "Address" ("id", "number", "street", "visitUnallowedAt", "visitedAt", "block_id") VALUES (205, 'SN°4', 'Ignácio Lado Direito', NULL, NULL, 9);
INSERT INTO "Address" ("id", "number", "street", "visitUnallowedAt", "visitedAt", "block_id") VALUES (206, '421', 'Manoel Pereira Maciel ', NULL, NULL, 9);
INSERT INTO "Address" ("id", "number", "street", "visitUnallowedAt", "visitedAt", "block_id") VALUES (207, '453', 'Manoel Pereira Maciel ', NULL, NULL, 9);
INSERT INTO "Block" ("id", "name", "territory_id") VALUES (10, 'J', 1);
INSERT INTO "Address" ("id", "number", "street", "visitUnallowedAt", "visitedAt", "block_id") VALUES (208, '238', 'Pedro Inácio dos Santos', NULL, NULL, 10);
INSERT INTO "Address" ("id", "number", "street", "visitUnallowedAt", "visitedAt", "block_id") VALUES (209, '294', 'Pedro Inácio dos Santos', NULL, NULL, 10);
INSERT INTO "Address" ("id", "number", "street", "visitUnallowedAt", "visitedAt", "block_id") VALUES (210, '226', 'Pedro Inácio dos Santos', NULL, NULL, 10);
INSERT INTO "Address" ("id", "number", "street", "visitUnallowedAt", "visitedAt", "block_id") VALUES (211, '290Dir', 'Pedro Inácio dos Santos', NULL, NULL, 10);
INSERT INTO "Address" ("id", "number", "street", "visitUnallowedAt", "visitedAt", "block_id") VALUES (212, '290Esq', 'Pedro Inácio dos Santos', NULL, NULL, 10);
INSERT INTO "Address" ("id", "number", "street", "visitUnallowedAt", "visitedAt", "block_id") VALUES (213, '290F', 'Pedro Inácio dos Santos', NULL, NULL, 10);
INSERT INTO "Address" ("id", "number", "street", "visitUnallowedAt", "visitedAt", "block_id") VALUES (214, '372', 'Pedro Inácio dos Santos', NULL, NULL, 10);
INSERT INTO "Address" ("id", "number", "street", "visitUnallowedAt", "visitedAt", "block_id") VALUES (215, '193', 'Manoel Pereira Maciel', NULL, NULL, 10);
INSERT INTO "Address" ("id", "number", "street", "visitUnallowedAt", "visitedAt", "block_id") VALUES (216, '1415', 'Manoel Pereira Maciel', NULL, NULL, 10);
INSERT INTO "Address" ("id", "number", "street", "visitUnallowedAt", "visitedAt", "block_id") VALUES (217, 'SN°3', 'Manoel Pereira Maciel', NULL, NULL, 10);
INSERT INTO "Address" ("id", "number", "street", "visitUnallowedAt", "visitedAt", "block_id") VALUES (218, 'SN°4', 'Manoel Pereira Maciel', NULL, NULL, 10);
INSERT INTO "Address" ("id", "number", "street", "visitUnallowedAt", "visitedAt", "block_id") VALUES (219, '291', 'Manoel Pereira Maciel', NULL, NULL, 10);
INSERT INTO "Address" ("id", "number", "street", "visitUnallowedAt", "visitedAt", "block_id") VALUES (220, '331', 'Manoel Pereira Maciel', NULL, NULL, 10);
INSERT INTO "Address" ("id", "number", "street", "visitUnallowedAt", "visitedAt", "block_id") VALUES (221, '361', 'Manoel Pereira Maciel', NULL, NULL, 10);
INSERT INTO "Address" ("id", "number", "street", "visitUnallowedAt", "visitedAt", "block_id") VALUES (222, 'SN°8', 'Manoel Pereira Maciel', NULL, NULL, 10);
INSERT INTO "Address" ("id", "number", "street", "visitUnallowedAt", "visitedAt", "block_id") VALUES (223, 'SN°1', 'Guilherme Rodrigues da Silva', NULL, NULL, 10);
INSERT INTO "Territory" ("id", "mapImageUrl", "name", "number", "warningMessage") VALUES (2, '', 'Centro Salão do Reino', '2', '');
INSERT INTO "Block" ("id", "name", "territory_id") VALUES (11, 'A', 2);
INSERT INTO "Address" ("id", "number", "street", "visitUnallowedAt", "visitedAt", "block_id") VALUES (224, '328', 'Mampituba', NULL, NULL, 11);
INSERT INTO "Address" ("id", "number", "street", "visitUnallowedAt", "visitedAt", "block_id") VALUES (225, '360Dir', 'Mampituba', NULL, NULL, 11);
INSERT INTO "Address" ("id", "number", "street", "visitUnallowedAt", "visitedAt", "block_id") VALUES (226, '360Esq', 'Mampituba', NULL, NULL, 11);
INSERT INTO "Address" ("id", "number", "street", "visitUnallowedAt", "visitedAt", "block_id") VALUES (227, '360Res', 'Mampituba', NULL, NULL, 11);
INSERT INTO "Address" ("id", "number", "street", "visitUnallowedAt", "visitedAt", "block_id") VALUES (228, 'SN°5', 'Mampituba', NULL, NULL, 11);
INSERT INTO "Address" ("id", "number", "street", "visitUnallowedAt", "visitedAt", "block_id") VALUES (229, 'SN°6', 'Mampituba', NULL, NULL, 11);
INSERT INTO "Address" ("id", "number", "street", "visitUnallowedAt", "visitedAt", "block_id") VALUES (230, '380', 'Mampituba', NULL, NULL, 11);
INSERT INTO "Address" ("id", "number", "street", "visitUnallowedAt", "visitedAt", "block_id") VALUES (231, '380Res', 'Mampituba', NULL, NULL, 11);
INSERT INTO "Address" ("id", "number", "street", "visitUnallowedAt", "visitedAt", "block_id") VALUES (232, '394', 'Mampituba', NULL, NULL, 11);
INSERT INTO "Address" ("id", "number", "street", "visitUnallowedAt", "visitedAt", "block_id") VALUES (233, '410', 'Mampituba', NULL, NULL, 11);
INSERT INTO "Address" ("id", "number", "street", "visitUnallowedAt", "visitedAt", "block_id") VALUES (234, '83Res', 'José Hespanhol', NULL, NULL, 11);
INSERT INTO "Address" ("id", "number", "street", "visitUnallowedAt", "visitedAt", "block_id") VALUES (235, '83Esq', 'José Hespanhol', NULL, NULL, 11);
INSERT INTO "Address" ("id", "number", "street", "visitUnallowedAt", "visitedAt", "block_id") VALUES (236, '83Dir', 'José Hespanhol', NULL, NULL, 11);
INSERT INTO "Address" ("id", "number", "street", "visitUnallowedAt", "visitedAt", "block_id") VALUES (237, '390', 'José Hespanhol', NULL, NULL, 11);
INSERT INTO "Address" ("id", "number", "street", "visitUnallowedAt", "visitedAt", "block_id") VALUES (238, '58', 'José Hespanhol', NULL, NULL, 11);
INSERT INTO "Address" ("id", "number", "street", "visitUnallowedAt", "visitedAt", "block_id") VALUES (239, '50', 'José Hespanhol', NULL, NULL, 11);
INSERT INTO "Address" ("id", "number", "street", "visitUnallowedAt", "visitedAt", "block_id") VALUES (240, '53', 'José Hespanhol', NULL, NULL, 11);
INSERT INTO "Address" ("id", "number", "street", "visitUnallowedAt", "visitedAt", "block_id") VALUES (241, '360', 'José Hespanhol', NULL, NULL, 11);
INSERT INTO "Address" ("id", "number", "street", "visitUnallowedAt", "visitedAt", "block_id") VALUES (242, '34', 'José Hespanhol', NULL, NULL, 11);
INSERT INTO "Address" ("id", "number", "street", "visitUnallowedAt", "visitedAt", "block_id") VALUES (243, '330', 'José Hespanhol', NULL, NULL, 11);
INSERT INTO "Address" ("id", "number", "street", "visitUnallowedAt", "visitedAt", "block_id") VALUES (244, '345', 'José Hespanhol', NULL, NULL, 11);
INSERT INTO "Address" ("id", "number", "street", "visitUnallowedAt", "visitedAt", "block_id") VALUES (245, '77', '29 de Julho', NULL, NULL, 11);
INSERT INTO "Address" ("id", "number", "street", "visitUnallowedAt", "visitedAt", "block_id") VALUES (246, '357', '29 de Julho', NULL, NULL, 11);
INSERT INTO "Address" ("id", "number", "street", "visitUnallowedAt", "visitedAt", "block_id") VALUES (247, '89Dir', '29 de Julho', NULL, NULL, 11);
INSERT INTO "Address" ("id", "number", "street", "visitUnallowedAt", "visitedAt", "block_id") VALUES (248, '89Esq', '29 de Julho', NULL, NULL, 11);
INSERT INTO "Address" ("id", "number", "street", "visitUnallowedAt", "visitedAt", "block_id") VALUES (249, 'SN°5', '29 de Julho', NULL, NULL, 11);
INSERT INTO "Address" ("id", "number", "street", "visitUnallowedAt", "visitedAt", "block_id") VALUES (250, '98', '29 de Julho', NULL, NULL, 11);
INSERT INTO "Address" ("id", "number", "street", "visitUnallowedAt", "visitedAt", "block_id") VALUES (251, 'SN°7', '29 de Julho', NULL, NULL, 11);
INSERT INTO "Address" ("id", "number", "street", "visitUnallowedAt", "visitedAt", "block_id") VALUES (252, '410', '29 de Julho', NULL, NULL, 11);
INSERT INTO "Block" ("id", "name", "territory_id") VALUES (12, 'B', 2);
INSERT INTO "Address" ("id", "number", "street", "visitUnallowedAt", "visitedAt", "block_id") VALUES (253, 'SN°1', 'José Vicente Antônio', NULL, NULL, 12);
INSERT INTO "Address" ("id", "number", "street", "visitUnallowedAt", "visitedAt", "block_id") VALUES (254, '52', 'José Vicente Antônio', NULL, NULL, 12);
INSERT INTO "Address" ("id", "number", "street", "visitUnallowedAt", "visitedAt", "block_id") VALUES (255, '70', 'José Vicente Antônio', NULL, NULL, 12);
INSERT INTO "Address" ("id", "number", "street", "visitUnallowedAt", "visitedAt", "block_id") VALUES (256, '80', 'José Vicente Antônio', NULL, NULL, 12);
INSERT INTO "Address" ("id", "number", "street", "visitUnallowedAt", "visitedAt", "block_id") VALUES (257, '88', 'José Vicente Antônio', NULL, NULL, 12);
INSERT INTO "Address" ("id", "number", "street", "visitUnallowedAt", "visitedAt", "block_id") VALUES (258, '98', 'José Vicente Antônio', NULL, NULL, 12);
INSERT INTO "Address" ("id", "number", "street", "visitUnallowedAt", "visitedAt", "block_id") VALUES (259, 'SN°7', 'José Vicente Antônio', NULL, NULL, 12);
INSERT INTO "Address" ("id", "number", "street", "visitUnallowedAt", "visitedAt", "block_id") VALUES (260, 'SN°8', 'José Vicente Antônio', NULL, NULL, 12);
INSERT INTO "Address" ("id", "number", "street", "visitUnallowedAt", "visitedAt", "block_id") VALUES (261, '118', 'José Vicente Antônio', NULL, NULL, 12);
INSERT INTO "Address" ("id", "number", "street", "visitUnallowedAt", "visitedAt", "block_id") VALUES (262, '126', 'José Vicente Antônio', NULL, NULL, 12);
INSERT INTO "Address" ("id", "number", "street", "visitUnallowedAt", "visitedAt", "block_id") VALUES (263, '378', 'José Vicente Antônio', NULL, NULL, 12);
INSERT INTO "Address" ("id", "number", "street", "visitUnallowedAt", "visitedAt", "block_id") VALUES (264, '130', 'José Vicente Antônio', NULL, NULL, 12);
INSERT INTO "Address" ("id", "number", "street", "visitUnallowedAt", "visitedAt", "block_id") VALUES (265, '136', 'José Vicente Antônio', NULL, NULL, 12);
INSERT INTO "Address" ("id", "number", "street", "visitUnallowedAt", "visitedAt", "block_id") VALUES (266, '158', 'José Vicente Antônio', NULL, NULL, 12);
INSERT INTO "Address" ("id", "number", "street", "visitUnallowedAt", "visitedAt", "block_id") VALUES (267, '150', 'José Vicente Antônio', NULL, NULL, 12);
INSERT INTO "Address" ("id", "number", "street", "visitUnallowedAt", "visitedAt", "block_id") VALUES (268, '182', 'José Vicente Antônio', NULL, NULL, 12);
INSERT INTO "Address" ("id", "number", "street", "visitUnallowedAt", "visitedAt", "block_id") VALUES (269, 'SN°17', 'José Vicente Antônio', NULL, NULL, 12);
INSERT INTO "Address" ("id", "number", "street", "visitUnallowedAt", "visitedAt", "block_id") VALUES (270, '238', 'Mampituba', NULL, NULL, 12);
INSERT INTO "Address" ("id", "number", "street", "visitUnallowedAt", "visitedAt", "block_id") VALUES (271, '266Dir', 'Mampituba', NULL, NULL, 12);
INSERT INTO "Address" ("id", "number", "street", "visitUnallowedAt", "visitedAt", "block_id") VALUES (272, '266Esq', 'Mampituba', NULL, NULL, 12);
INSERT INTO "Address" ("id", "number", "street", "visitUnallowedAt", "visitedAt", "block_id") VALUES (273, '266Res', 'Mampituba', NULL, NULL, 12);
INSERT INTO "Address" ("id", "number", "street", "visitUnallowedAt", "visitedAt", "block_id") VALUES (274, '286Dir', 'Mampituba', NULL, NULL, 12);
INSERT INTO "Address" ("id", "number", "street", "visitUnallowedAt", "visitedAt", "block_id") VALUES (275, '286Esq', 'Mampituba', NULL, NULL, 12);
INSERT INTO "Address" ("id", "number", "street", "visitUnallowedAt", "visitedAt", "block_id") VALUES (276, '286Res', 'Mampituba', NULL, NULL, 12);
INSERT INTO "Address" ("id", "number", "street", "visitUnallowedAt", "visitedAt", "block_id") VALUES (277, '302', 'Mampituba', NULL, NULL, 12);
INSERT INTO "Address" ("id", "number", "street", "visitUnallowedAt", "visitedAt", "block_id") VALUES (278, '545', 'Coronel João Fernandes', NULL, NULL, 12);
INSERT INTO "Address" ("id", "number", "street", "visitUnallowedAt", "visitedAt", "block_id") VALUES (279, '541', 'Coronel João Fernandes', NULL, NULL, 12);
INSERT INTO "Address" ("id", "number", "street", "visitUnallowedAt", "visitedAt", "block_id") VALUES (280, '527', 'Coronel João Fernandes', NULL, NULL, 12);
INSERT INTO "Address" ("id", "number", "street", "visitUnallowedAt", "visitedAt", "block_id") VALUES (281, '551', 'Coronel João Fernandes', NULL, NULL, 12);
INSERT INTO "Address" ("id", "number", "street", "visitUnallowedAt", "visitedAt", "block_id") VALUES (282, '575', 'Coronel João Fernandes', NULL, NULL, 12);
INSERT INTO "Address" ("id", "number", "street", "visitUnallowedAt", "visitedAt", "block_id") VALUES (283, '626', 'Coronel João Fernandes', NULL, NULL, 12);
INSERT INTO "Address" ("id", "number", "street", "visitUnallowedAt", "visitedAt", "block_id") VALUES (284, 'SN°1', 'Beco Aderaldo Manoel Daitx', NULL, NULL, 12);
INSERT INTO "Address" ("id", "number", "street", "visitUnallowedAt", "visitedAt", "block_id") VALUES (285, 'SN°2', 'Beco Aderaldo Manoel Daitx', NULL, NULL, 12);
INSERT INTO "Address" ("id", "number", "street", "visitUnallowedAt", "visitedAt", "block_id") VALUES (286, 'SN°3', 'Beco Aderaldo Manoel Daitx', NULL, NULL, 12);
INSERT INTO "Address" ("id", "number", "street", "visitUnallowedAt", "visitedAt", "block_id") VALUES (287, 'SN°4', 'Beco Aderaldo Manoel Daitx', NULL, NULL, 12);
INSERT INTO "Address" ("id", "number", "street", "visitUnallowedAt", "visitedAt", "block_id") VALUES (288, 'SN°1', 'José Hespanhol', NULL, NULL, 12);
INSERT INTO "Address" ("id", "number", "street", "visitUnallowedAt", "visitedAt", "block_id") VALUES (289, 'SN°2', 'José Hespanhol', NULL, NULL, 12);
INSERT INTO "Address" ("id", "number", "street", "visitUnallowedAt", "visitedAt", "block_id") VALUES (290, '197', 'José Hespanhol', NULL, NULL, 12);
INSERT INTO "Address" ("id", "number", "street", "visitUnallowedAt", "visitedAt", "block_id") VALUES (291, '215', 'José Hespanhol', NULL, NULL, 12);
INSERT INTO "Address" ("id", "number", "street", "visitUnallowedAt", "visitedAt", "block_id") VALUES (292, '251', 'José Hespanhol', NULL, NULL, 12);
INSERT INTO "Address" ("id", "number", "street", "visitUnallowedAt", "visitedAt", "block_id") VALUES (293, '233', 'José Hespanhol', NULL, NULL, 12);
INSERT INTO "Address" ("id", "number", "street", "visitUnallowedAt", "visitedAt", "block_id") VALUES (294, '263', 'José Hespanhol', NULL, NULL, 12);
INSERT INTO "Address" ("id", "number", "street", "visitUnallowedAt", "visitedAt", "block_id") VALUES (295, '297', 'José Hespanhol', NULL, NULL, 12);
INSERT INTO "Address" ("id", "number", "street", "visitUnallowedAt", "visitedAt", "block_id") VALUES (296, '309', 'José Hespanhol', NULL, NULL, 12);
INSERT INTO "Address" ("id", "number", "street", "visitUnallowedAt", "visitedAt", "block_id") VALUES (297, '309F', 'José Hespanhol', NULL, NULL, 12);
INSERT INTO "Address" ("id", "number", "street", "visitUnallowedAt", "visitedAt", "block_id") VALUES (298, '337', 'José Hespanhol', NULL, NULL, 12);
INSERT INTO "Address" ("id", "number", "street", "visitUnallowedAt", "visitedAt", "block_id") VALUES (299, '33', 'José Hespanhol', NULL, NULL, 12);
INSERT INTO "Address" ("id", "number", "street", "visitUnallowedAt", "visitedAt", "block_id") VALUES (300, '47', 'José Hespanhol', NULL, NULL, 12);
INSERT INTO "Address" ("id", "number", "street", "visitUnallowedAt", "visitedAt", "block_id") VALUES (301, '74', 'José Hespanhol', NULL, NULL, 12);
INSERT INTO "Address" ("id", "number", "street", "visitUnallowedAt", "visitedAt", "block_id") VALUES (302, '61', 'José Hespanhol', NULL, NULL, 12);
INSERT INTO "Address" ("id", "number", "street", "visitUnallowedAt", "visitedAt", "block_id") VALUES (303, '69', 'José Hespanhol', NULL, NULL, 12);
INSERT INTO "Address" ("id", "number", "street", "visitUnallowedAt", "visitedAt", "block_id") VALUES (304, '69-1', 'José Hespanhol', NULL, NULL, 12);
INSERT INTO "Address" ("id", "number", "street", "visitUnallowedAt", "visitedAt", "block_id") VALUES (305, '69-2', 'José Hespanhol', NULL, NULL, 12);
INSERT INTO "Address" ("id", "number", "street", "visitUnallowedAt", "visitedAt", "block_id") VALUES (306, '409', 'José Hespanhol', NULL, NULL, 12);
INSERT INTO "Block" ("id", "name", "territory_id") VALUES (13, 'C', 2);
INSERT INTO "Address" ("id", "number", "street", "visitUnallowedAt", "visitedAt", "block_id") VALUES (307, '103', 'José Vicente Antônio', NULL, NULL, 13);
INSERT INTO "Address" ("id", "number", "street", "visitUnallowedAt", "visitedAt", "block_id") VALUES (308, '157', 'José Vicente Antônio', NULL, NULL, 13);
INSERT INTO "Address" ("id", "number", "street", "visitUnallowedAt", "visitedAt", "block_id") VALUES (309, '193', 'José Vicente Antônio', NULL, NULL, 13);
INSERT INTO "Address" ("id", "number", "street", "visitUnallowedAt", "visitedAt", "block_id") VALUES (310, '202', 'Mampituba', NULL, NULL, 13);
INSERT INTO "Address" ("id", "number", "street", "visitUnallowedAt", "visitedAt", "block_id") VALUES (311, '73', 'Nereu Ramos', NULL, NULL, 13);
INSERT INTO "Address" ("id", "number", "street", "visitUnallowedAt", "visitedAt", "block_id") VALUES (312, '38', 'Nereu Ramos', NULL, NULL, 13);
INSERT INTO "Address" ("id", "number", "street", "visitUnallowedAt", "visitedAt", "block_id") VALUES (313, '62', 'Nereu Ramos', NULL, NULL, 13);
INSERT INTO "Address" ("id", "number", "street", "visitUnallowedAt", "visitedAt", "block_id") VALUES (314, 'SN°4', 'Nereu Ramos', NULL, NULL, 13);
INSERT INTO "Block" ("id", "name", "territory_id") VALUES (14, 'D', 2);
INSERT INTO "Address" ("id", "number", "street", "visitUnallowedAt", "visitedAt", "block_id") VALUES (315, '109Res', 'Nereu Ramos', NULL, NULL, 14);
INSERT INTO "Address" ("id", "number", "street", "visitUnallowedAt", "visitedAt", "block_id") VALUES (316, '109Lab', 'Nereu Ramos', NULL, NULL, 14);
INSERT INTO "Address" ("id", "number", "street", "visitUnallowedAt", "visitedAt", "block_id") VALUES (317, '61', 'Nereu Ramos', NULL, NULL, 14);
INSERT INTO "Address" ("id", "number", "street", "visitUnallowedAt", "visitedAt", "block_id") VALUES (318, '53', 'Nereu Ramos', NULL, NULL, 14);
INSERT INTO "Address" ("id", "number", "street", "visitUnallowedAt", "visitedAt", "block_id") VALUES (319, '49', 'Nereu Ramos', NULL, NULL, 14);
INSERT INTO "Address" ("id", "number", "street", "visitUnallowedAt", "visitedAt", "block_id") VALUES (320, 'SN°6', 'Nereu Ramos', NULL, NULL, 14);
INSERT INTO "Address" ("id", "number", "street", "visitUnallowedAt", "visitedAt", "block_id") VALUES (321, '45Ofc', 'Nereu Ramos', NULL, NULL, 14);
INSERT INTO "Address" ("id", "number", "street", "visitUnallowedAt", "visitedAt", "block_id") VALUES (322, '45Res', 'Nereu Ramos', NULL, NULL, 14);
INSERT INTO "Address" ("id", "number", "street", "visitUnallowedAt", "visitedAt", "block_id") VALUES (323, 'SN°1', 'José Vicente Antônio', NULL, NULL, 14);
INSERT INTO "Address" ("id", "number", "street", "visitUnallowedAt", "visitedAt", "block_id") VALUES (324, '507', 'Coronel João Fernandes', NULL, NULL, 14);
INSERT INTO "Address" ("id", "number", "street", "visitUnallowedAt", "visitedAt", "block_id") VALUES (325, '503', 'Coronel João Fernandes', NULL, NULL, 14);
INSERT INTO "Address" ("id", "number", "street", "visitUnallowedAt", "visitedAt", "block_id") VALUES (326, '503F', 'Coronel João Fernandes', NULL, NULL, 14);
INSERT INTO "Address" ("id", "number", "street", "visitUnallowedAt", "visitedAt", "block_id") VALUES (327, '60', 'Getúlio Vargas', NULL, NULL, 14);
INSERT INTO "Address" ("id", "number", "street", "visitUnallowedAt", "visitedAt", "block_id") VALUES (328, '72', 'Getúlio Vargas', NULL, NULL, 14);
INSERT INTO "Address" ("id", "number", "street", "visitUnallowedAt", "visitedAt", "block_id") VALUES (329, '168', 'Mampituba', NULL, NULL, 14);
INSERT INTO "Address" ("id", "number", "street", "visitUnallowedAt", "visitedAt", "block_id") VALUES (330, '168Res', 'Mampituba', NULL, NULL, 14);
INSERT INTO "Address" ("id", "number", "street", "visitUnallowedAt", "visitedAt", "block_id") VALUES (331, '164Esq', 'Mampituba', NULL, NULL, 14);
INSERT INTO "Address" ("id", "number", "street", "visitUnallowedAt", "visitedAt", "block_id") VALUES (332, '164Dir', 'Mampituba', NULL, NULL, 14);
INSERT INTO "Address" ("id", "number", "street", "visitUnallowedAt", "visitedAt", "block_id") VALUES (333, '251Esq', 'Mampituba', NULL, NULL, 14);
INSERT INTO "Address" ("id", "number", "street", "visitUnallowedAt", "visitedAt", "block_id") VALUES (334, '251Dir', 'Mampituba', NULL, NULL, 14);
INSERT INTO "Address" ("id", "number", "street", "visitUnallowedAt", "visitedAt", "block_id") VALUES (335, '251Res', 'Mampituba', NULL, NULL, 14);
INSERT INTO "Address" ("id", "number", "street", "visitUnallowedAt", "visitedAt", "block_id") VALUES (336, 'SN°8', 'Mampituba', NULL, NULL, 14);
INSERT INTO "Block" ("id", "name", "territory_id") VALUES (15, 'E', 2);
INSERT INTO "Address" ("id", "number", "street", "visitUnallowedAt", "visitedAt", "block_id") VALUES (337, '26', 'Mampituba', NULL, NULL, 15);
INSERT INTO "Address" ("id", "number", "street", "visitUnallowedAt", "visitedAt", "block_id") VALUES (338, '50', 'Mampituba', NULL, NULL, 15);
INSERT INTO "Address" ("id", "number", "street", "visitUnallowedAt", "visitedAt", "block_id") VALUES (339, '50', 'Mampituba', NULL, NULL, 15);
INSERT INTO "Address" ("id", "number", "street", "visitUnallowedAt", "visitedAt", "block_id") VALUES (340, '58', 'Mampituba', NULL, NULL, 15);
INSERT INTO "Address" ("id", "number", "street", "visitUnallowedAt", "visitedAt", "block_id") VALUES (341, '58', 'Mampituba', NULL, NULL, 15);
INSERT INTO "Address" ("id", "number", "street", "visitUnallowedAt", "visitedAt", "block_id") VALUES (342, '102', 'Mampituba', NULL, NULL, 15);
INSERT INTO "Address" ("id", "number", "street", "visitUnallowedAt", "visitedAt", "block_id") VALUES (343, '79', 'Mampituba', NULL, NULL, 15);
INSERT INTO "Address" ("id", "number", "street", "visitUnallowedAt", "visitedAt", "block_id") VALUES (344, '69', 'Getúlio Vargas', NULL, NULL, 15);
INSERT INTO "Address" ("id", "number", "street", "visitUnallowedAt", "visitedAt", "block_id") VALUES (345, '69', 'Getúlio Vargas', NULL, NULL, 15);
INSERT INTO "Address" ("id", "number", "street", "visitUnallowedAt", "visitedAt", "block_id") VALUES (346, '57', 'Getúlio Vargas', NULL, NULL, 15);
INSERT INTO "Address" ("id", "number", "street", "visitUnallowedAt", "visitedAt", "block_id") VALUES (347, '329', 'Coronel João Fernandes', NULL, NULL, 15);
INSERT INTO "Address" ("id", "number", "street", "visitUnallowedAt", "visitedAt", "block_id") VALUES (348, '371', 'Coronel João Fernandes', NULL, NULL, 15);
INSERT INTO "Address" ("id", "number", "street", "visitUnallowedAt", "visitedAt", "block_id") VALUES (349, '425', 'Coronel João Fernandes', NULL, NULL, 15);
INSERT INTO "Block" ("id", "name", "territory_id") VALUES (16, 'F', 2);
INSERT INTO "Address" ("id", "number", "street", "visitUnallowedAt", "visitedAt", "block_id") VALUES (350, 'SN°1', 'Coronel João Fernandes', NULL, NULL, 16);
INSERT INTO "Address" ("id", "number", "street", "visitUnallowedAt", "visitedAt", "block_id") VALUES (351, '296', 'Coronel João Fernandes', NULL, NULL, 16);
INSERT INTO "Address" ("id", "number", "street", "visitUnallowedAt", "visitedAt", "block_id") VALUES (352, 'SN°3', 'Coronel João Fernandes', NULL, NULL, 16);
INSERT INTO "Address" ("id", "number", "street", "visitUnallowedAt", "visitedAt", "block_id") VALUES (353, 'SN°4', 'Coronel João Fernandes', NULL, NULL, 16);
INSERT INTO "Address" ("id", "number", "street", "visitUnallowedAt", "visitedAt", "block_id") VALUES (354, '374', 'Coronel João Fernandes', NULL, NULL, 16);
INSERT INTO "Address" ("id", "number", "street", "visitUnallowedAt", "visitedAt", "block_id") VALUES (355, '398', 'Coronel João Fernandes', NULL, NULL, 16);
INSERT INTO "Address" ("id", "number", "street", "visitUnallowedAt", "visitedAt", "block_id") VALUES (356, '410', 'Coronel João Fernandes', NULL, NULL, 16);
INSERT INTO "Address" ("id", "number", "street", "visitUnallowedAt", "visitedAt", "block_id") VALUES (357, '422', 'Coronel João Fernandes', NULL, NULL, 16);
INSERT INTO "Address" ("id", "number", "street", "visitUnallowedAt", "visitedAt", "block_id") VALUES (358, '436', 'Coronel João Fernandes', NULL, NULL, 16);
INSERT INTO "Address" ("id", "number", "street", "visitUnallowedAt", "visitedAt", "block_id") VALUES (359, '460', 'Coronel João Fernandes', NULL, NULL, 16);
INSERT INTO "Address" ("id", "number", "street", "visitUnallowedAt", "visitedAt", "block_id") VALUES (360, '62', 'Manoel Genuíno Santana', NULL, NULL, 16);
INSERT INTO "Address" ("id", "number", "street", "visitUnallowedAt", "visitedAt", "block_id") VALUES (361, '342', 'Manoel Genuíno Santana', NULL, NULL, 16);
INSERT INTO "Address" ("id", "number", "street", "visitUnallowedAt", "visitedAt", "block_id") VALUES (362, '347', 'Manoel Genuíno Santana', NULL, NULL, 16);
INSERT INTO "Address" ("id", "number", "street", "visitUnallowedAt", "visitedAt", "block_id") VALUES (363, 'SN°4', 'Manoel Genuíno Santana', NULL, NULL, 16);
INSERT INTO "Address" ("id", "number", "street", "visitUnallowedAt", "visitedAt", "block_id") VALUES (364, 'SN°5', 'Manoel Genuíno Santana', NULL, NULL, 16);
INSERT INTO "Address" ("id", "number", "street", "visitUnallowedAt", "visitedAt", "block_id") VALUES (365, '373', 'Manoel Genuíno Santana', NULL, NULL, 16);
INSERT INTO "Address" ("id", "number", "street", "visitUnallowedAt", "visitedAt", "block_id") VALUES (366, '472', 'Manoel Genuíno Santana', NULL, NULL, 16);
INSERT INTO "Address" ("id", "number", "street", "visitUnallowedAt", "visitedAt", "block_id") VALUES (367, '325-1', 'Manoel Genuíno Santana', NULL, NULL, 16);
INSERT INTO "Address" ("id", "number", "street", "visitUnallowedAt", "visitedAt", "block_id") VALUES (368, '325-2', 'José Pereira Maciel', NULL, NULL, 16);
INSERT INTO "Address" ("id", "number", "street", "visitUnallowedAt", "visitedAt", "block_id") VALUES (369, '339', 'José Pereira Maciel', NULL, NULL, 16);
INSERT INTO "Address" ("id", "number", "street", "visitUnallowedAt", "visitedAt", "block_id") VALUES (370, '347', 'José Pereira Maciel', NULL, NULL, 16);
INSERT INTO "Address" ("id", "number", "street", "visitUnallowedAt", "visitedAt", "block_id") VALUES (371, '239', 'José Pereira Maciel', NULL, NULL, 16);
INSERT INTO "Address" ("id", "number", "street", "visitUnallowedAt", "visitedAt", "block_id") VALUES (372, '413', 'José Pereira Maciel', NULL, NULL, 16);
INSERT INTO "Address" ("id", "number", "street", "visitUnallowedAt", "visitedAt", "block_id") VALUES (373, '399', 'José Pereira Maciel', NULL, NULL, 16);
INSERT INTO "Address" ("id", "number", "street", "visitUnallowedAt", "visitedAt", "block_id") VALUES (374, '440', 'Guilherme Rodrigues da Silva', NULL, NULL, 16);
INSERT INTO "Block" ("id", "name", "territory_id") VALUES (17, 'G', 2);
INSERT INTO "Address" ("id", "number", "street", "visitUnallowedAt", "visitedAt", "block_id") VALUES (375, '502-L1', 'Guilherme Rodrigues da Silva', NULL, NULL, 17);
INSERT INTO "Address" ("id", "number", "street", "visitUnallowedAt", "visitedAt", "block_id") VALUES (376, '502-L2', 'Guilherme Rodrigues da Silva', NULL, NULL, 17);
INSERT INTO "Address" ("id", "number", "street", "visitUnallowedAt", "visitedAt", "block_id") VALUES (377, '502-1', 'Guilherme Rodrigues da Silva', NULL, NULL, 17);
INSERT INTO "Address" ("id", "number", "street", "visitUnallowedAt", "visitedAt", "block_id") VALUES (378, '502-2', 'Guilherme Rodrigues da Silva', NULL, NULL, 17);
INSERT INTO "Address" ("id", "number", "street", "visitUnallowedAt", "visitedAt", "block_id") VALUES (379, '502-3', 'Guilherme Rodrigues da Silva', NULL, NULL, 17);
INSERT INTO "Address" ("id", "number", "street", "visitUnallowedAt", "visitedAt", "block_id") VALUES (380, '502-4', 'Guilherme Rodrigues da Silva', NULL, NULL, 17);
INSERT INTO "Address" ("id", "number", "street", "visitUnallowedAt", "visitedAt", "block_id") VALUES (381, 'SN°7', 'Guilherme Rodrigues da Silva', NULL, NULL, 17);
INSERT INTO "Address" ("id", "number", "street", "visitUnallowedAt", "visitedAt", "block_id") VALUES (382, '514', 'Guilherme Rodrigues da Silva', NULL, NULL, 17);
INSERT INTO "Address" ("id", "number", "street", "visitUnallowedAt", "visitedAt", "block_id") VALUES (383, 'SN°9', 'Guilherme Rodrigues da Silva', NULL, NULL, 17);
INSERT INTO "Address" ("id", "number", "street", "visitUnallowedAt", "visitedAt", "block_id") VALUES (384, '540', 'Guilherme Rodrigues da Silva', NULL, NULL, 17);
INSERT INTO "Address" ("id", "number", "street", "visitUnallowedAt", "visitedAt", "block_id") VALUES (385, '548', 'Guilherme Rodrigues da Silva', NULL, NULL, 17);
INSERT INTO "Address" ("id", "number", "street", "visitUnallowedAt", "visitedAt", "block_id") VALUES (386, '560', 'Guilherme Rodrigues da Silva', NULL, NULL, 17);
INSERT INTO "Address" ("id", "number", "street", "visitUnallowedAt", "visitedAt", "block_id") VALUES (387, '570', 'Guilherme Rodrigues da Silva', NULL, NULL, 17);
INSERT INTO "Address" ("id", "number", "street", "visitUnallowedAt", "visitedAt", "block_id") VALUES (388, 'SN°14', 'Guilherme Rodrigues da Silva', NULL, NULL, 17);
INSERT INTO "Address" ("id", "number", "street", "visitUnallowedAt", "visitedAt", "block_id") VALUES (389, '572', 'Guilherme Rodrigues da Silva', NULL, NULL, 17);
INSERT INTO "Address" ("id", "number", "street", "visitUnallowedAt", "visitedAt", "block_id") VALUES (390, '584', 'Guilherme Rodrigues da Silva', NULL, NULL, 17);
INSERT INTO "Address" ("id", "number", "street", "visitUnallowedAt", "visitedAt", "block_id") VALUES (391, '520', 'Guilherme Rodrigues da Silva', NULL, NULL, 17);
INSERT INTO "Address" ("id", "number", "street", "visitUnallowedAt", "visitedAt", "block_id") VALUES (392, '30', 'Guilherme Rodrigues da Silva', NULL, NULL, 17);
INSERT INTO "Address" ("id", "number", "street", "visitUnallowedAt", "visitedAt", "block_id") VALUES (393, '111', 'José Hespanhol', NULL, NULL, 17);
INSERT INTO "Address" ("id", "number", "street", "visitUnallowedAt", "visitedAt", "block_id") VALUES (394, 'SN°1', 'José Pereira Maciel', NULL, NULL, 17);
INSERT INTO "Address" ("id", "number", "street", "visitUnallowedAt", "visitedAt", "block_id") VALUES (395, '445', 'José Pereira Maciel', NULL, NULL, 17);
INSERT INTO "Address" ("id", "number", "street", "visitUnallowedAt", "visitedAt", "block_id") VALUES (396, '453', 'José Pereira Maciel', NULL, NULL, 17);
INSERT INTO "Address" ("id", "number", "street", "visitUnallowedAt", "visitedAt", "block_id") VALUES (397, 'SN°4', 'José Pereira Maciel', NULL, NULL, 17);
INSERT INTO "Address" ("id", "number", "street", "visitUnallowedAt", "visitedAt", "block_id") VALUES (398, '473', 'José Pereira Maciel', NULL, NULL, 17);
INSERT INTO "Address" ("id", "number", "street", "visitUnallowedAt", "visitedAt", "block_id") VALUES (399, '483', 'José Pereira Maciel', NULL, NULL, 17);
INSERT INTO "Address" ("id", "number", "street", "visitUnallowedAt", "visitedAt", "block_id") VALUES (400, '501', 'José Pereira Maciel', NULL, NULL, 17);
INSERT INTO "Address" ("id", "number", "street", "visitUnallowedAt", "visitedAt", "block_id") VALUES (401, '519', 'José Pereira Maciel', NULL, NULL, 17);
INSERT INTO "Address" ("id", "number", "street", "visitUnallowedAt", "visitedAt", "block_id") VALUES (402, '509', 'José Pereira Maciel', NULL, NULL, 17);
INSERT INTO "Address" ("id", "number", "street", "visitUnallowedAt", "visitedAt", "block_id") VALUES (403, '513', 'José Pereira Maciel', NULL, NULL, 17);
INSERT INTO "Address" ("id", "number", "street", "visitUnallowedAt", "visitedAt", "block_id") VALUES (404, '527', 'José Pereira Maciel', NULL, NULL, 17);
INSERT INTO "Address" ("id", "number", "street", "visitUnallowedAt", "visitedAt", "block_id") VALUES (405, '360', 'Manoel Genuíno Santana', NULL, NULL, 17);
INSERT INTO "Address" ("id", "number", "street", "visitUnallowedAt", "visitedAt", "block_id") VALUES (406, '370', 'Manoel Genuíno Santana', NULL, NULL, 17);
INSERT INTO "Address" ("id", "number", "street", "visitUnallowedAt", "visitedAt", "block_id") VALUES (407, 'SN°3', 'Manoel Genuíno Santana', NULL, NULL, 17);
INSERT INTO "Territory" ("id", "mapImageUrl", "name", "number", "warningMessage") VALUES (3, '', 'Silveira', '3', '');
INSERT INTO "Block" ("id", "name", "territory_id") VALUES (18, 'A', 3);
INSERT INTO "Address" ("id", "number", "street", "visitUnallowedAt", "visitedAt", "block_id") VALUES (408, '164Merc', 'José Hespanhol', NULL, NULL, 18);
INSERT INTO "Address" ("id", "number", "street", "visitUnallowedAt", "visitedAt", "block_id") VALUES (409, '164Res', 'José Hespanhol', NULL, NULL, 18);
INSERT INTO "Address" ("id", "number", "street", "visitUnallowedAt", "visitedAt", "block_id") VALUES (410, '182', 'José Hespanhol', NULL, NULL, 18);
INSERT INTO "Address" ("id", "number", "street", "visitUnallowedAt", "visitedAt", "block_id") VALUES (411, '198', 'José Hespanhol', NULL, NULL, 18);
INSERT INTO "Address" ("id", "number", "street", "visitUnallowedAt", "visitedAt", "block_id") VALUES (412, '234', 'José Hespanhol', NULL, NULL, 18);
INSERT INTO "Address" ("id", "number", "street", "visitUnallowedAt", "visitedAt", "block_id") VALUES (413, '248', 'José Hespanhol', NULL, NULL, 18);
INSERT INTO "Address" ("id", "number", "street", "visitUnallowedAt", "visitedAt", "block_id") VALUES (414, '260', 'José Hespanhol', NULL, NULL, 18);
INSERT INTO "Address" ("id", "number", "street", "visitUnallowedAt", "visitedAt", "block_id") VALUES (415, '312', 'José Hespanhol', NULL, NULL, 18);
INSERT INTO "Address" ("id", "number", "street", "visitUnallowedAt", "visitedAt", "block_id") VALUES (416, '290', 'José Hespanhol', NULL, NULL, 18);
INSERT INTO "Address" ("id", "number", "street", "visitUnallowedAt", "visitedAt", "block_id") VALUES (417, 'SN°1', 'Central Silveira', NULL, NULL, 18);
INSERT INTO "Address" ("id", "number", "street", "visitUnallowedAt", "visitedAt", "block_id") VALUES (418, '44Dir', 'Central Silveira', NULL, NULL, 18);
INSERT INTO "Address" ("id", "number", "street", "visitUnallowedAt", "visitedAt", "block_id") VALUES (419, '44Esq', 'Central Silveira', NULL, NULL, 18);
INSERT INTO "Address" ("id", "number", "street", "visitUnallowedAt", "visitedAt", "block_id") VALUES (420, '45', 'Mar Mediterrâneo', NULL, NULL, 18);
INSERT INTO "Address" ("id", "number", "street", "visitUnallowedAt", "visitedAt", "block_id") VALUES (421, '59', 'Mar Mediterrâneo', NULL, NULL, 18);
INSERT INTO "Address" ("id", "number", "street", "visitUnallowedAt", "visitedAt", "block_id") VALUES (422, '91', 'Mar Mediterrâneo', NULL, NULL, 18);
INSERT INTO "Address" ("id", "number", "street", "visitUnallowedAt", "visitedAt", "block_id") VALUES (423, '95', 'Mar Mediterrâneo', NULL, NULL, 18);
INSERT INTO "Block" ("id", "name", "territory_id") VALUES (19, 'B', 3);
INSERT INTO "Address" ("id", "number", "street", "visitUnallowedAt", "visitedAt", "block_id") VALUES (424, '100', 'Central Silveira', NULL, NULL, 19);
INSERT INTO "Address" ("id", "number", "street", "visitUnallowedAt", "visitedAt", "block_id") VALUES (425, '126', 'Central Silveira', NULL, NULL, 19);
INSERT INTO "Address" ("id", "number", "street", "visitUnallowedAt", "visitedAt", "block_id") VALUES (426, '56', 'Mar Mediterrâneo', NULL, NULL, 19);
INSERT INTO "Address" ("id", "number", "street", "visitUnallowedAt", "visitedAt", "block_id") VALUES (427, '44', 'Mar Mediterrâneo', NULL, NULL, 19);
INSERT INTO "Address" ("id", "number", "street", "visitUnallowedAt", "visitedAt", "block_id") VALUES (428, 'SN°3', 'Mar Mediterrâneo', NULL, NULL, 19);
INSERT INTO "Address" ("id", "number", "street", "visitUnallowedAt", "visitedAt", "block_id") VALUES (429, '723', 'Mar Mediterrâneo', NULL, NULL, 19);
INSERT INTO "Block" ("id", "name", "territory_id") VALUES (20, 'C', 3);
INSERT INTO "Address" ("id", "number", "street", "visitUnallowedAt", "visitedAt", "block_id") VALUES (430, '78', 'Mar Negro', NULL, NULL, 20);
INSERT INTO "Address" ("id", "number", "street", "visitUnallowedAt", "visitedAt", "block_id") VALUES (431, '38', 'Mar Negro', NULL, NULL, 20);
INSERT INTO "Address" ("id", "number", "street", "visitUnallowedAt", "visitedAt", "block_id") VALUES (432, '45', 'Mar Negro', NULL, NULL, 20);
INSERT INTO "Address" ("id", "number", "street", "visitUnallowedAt", "visitedAt", "block_id") VALUES (433, '47', 'Mar Negro', NULL, NULL, 20);
INSERT INTO "Address" ("id", "number", "street", "visitUnallowedAt", "visitedAt", "block_id") VALUES (434, 'SN°1', 'Cel. João Fernandes', NULL, NULL, 20);
INSERT INTO "Address" ("id", "number", "street", "visitUnallowedAt", "visitedAt", "block_id") VALUES (435, '735', 'Cel. João Fernandes', NULL, NULL, 20);
INSERT INTO "Address" ("id", "number", "street", "visitUnallowedAt", "visitedAt", "block_id") VALUES (436, '745', 'Cel. João Fernandes', NULL, NULL, 20);
INSERT INTO "Address" ("id", "number", "street", "visitUnallowedAt", "visitedAt", "block_id") VALUES (437, '753', 'Cel. João Fernandes', NULL, NULL, 20);
INSERT INTO "Address" ("id", "number", "street", "visitUnallowedAt", "visitedAt", "block_id") VALUES (438, '769', 'Cel. João Fernandes', NULL, NULL, 20);
INSERT INTO "Address" ("id", "number", "street", "visitUnallowedAt", "visitedAt", "block_id") VALUES (439, 'SN°1', 'Manoel Balduíno Roldão', NULL, NULL, 20);
INSERT INTO "Address" ("id", "number", "street", "visitUnallowedAt", "visitedAt", "block_id") VALUES (440, '43', 'Manoel Balduíno Roldão', NULL, NULL, 20);
INSERT INTO "Address" ("id", "number", "street", "visitUnallowedAt", "visitedAt", "block_id") VALUES (441, '55', 'Manoel Balduíno Roldão', NULL, NULL, 20);
INSERT INTO "Address" ("id", "number", "street", "visitUnallowedAt", "visitedAt", "block_id") VALUES (442, '7', 'Manoel Balduíno Roldão', NULL, NULL, 20);
INSERT INTO "Address" ("id", "number", "street", "visitUnallowedAt", "visitedAt", "block_id") VALUES (443, 'SN°5', 'Manoel Balduíno Roldão', NULL, NULL, 20);
INSERT INTO "Address" ("id", "number", "street", "visitUnallowedAt", "visitedAt", "block_id") VALUES (444, '23', 'Manoel Balduíno Roldão', NULL, NULL, 20);
INSERT INTO "Address" ("id", "number", "street", "visitUnallowedAt", "visitedAt", "block_id") VALUES (445, '105', 'Manoel Balduíno Roldão', NULL, NULL, 20);
INSERT INTO "Address" ("id", "number", "street", "visitUnallowedAt", "visitedAt", "block_id") VALUES (446, 'SN°8', 'Manoel Balduíno Roldão', NULL, NULL, 20);
INSERT INTO "Address" ("id", "number", "street", "visitUnallowedAt", "visitedAt", "block_id") VALUES (447, '33', 'Manoel Balduíno Roldão', NULL, NULL, 20);
INSERT INTO "Address" ("id", "number", "street", "visitUnallowedAt", "visitedAt", "block_id") VALUES (448, '55', 'Manoel Balduíno Roldão', NULL, NULL, 20);
INSERT INTO "Address" ("id", "number", "street", "visitUnallowedAt", "visitedAt", "block_id") VALUES (449, '67', 'Manoel Balduíno Roldão', NULL, NULL, 20);
INSERT INTO "Address" ("id", "number", "street", "visitUnallowedAt", "visitedAt", "block_id") VALUES (450, '79', 'Manoel Balduíno Roldão', NULL, NULL, 20);
INSERT INTO "Address" ("id", "number", "street", "visitUnallowedAt", "visitedAt", "block_id") VALUES (451, 'SN°13', 'Manoel Balduíno Roldão', NULL, NULL, 20);
INSERT INTO "Address" ("id", "number", "street", "visitUnallowedAt", "visitedAt", "block_id") VALUES (452, 'SN°14', 'Manoel Balduíno Roldão', NULL, NULL, 20);
INSERT INTO "Address" ("id", "number", "street", "visitUnallowedAt", "visitedAt", "block_id") VALUES (453, '53', 'Esperança', NULL, NULL, 20);
INSERT INTO "Address" ("id", "number", "street", "visitUnallowedAt", "visitedAt", "block_id") VALUES (454, '63', 'Esperança', NULL, NULL, 20);
INSERT INTO "Address" ("id", "number", "street", "visitUnallowedAt", "visitedAt", "block_id") VALUES (455, '34', 'Mar de Creta', NULL, NULL, 20);
INSERT INTO "Address" ("id", "number", "street", "visitUnallowedAt", "visitedAt", "block_id") VALUES (456, 'SN°2', 'Mar de Creta', NULL, NULL, 20);
INSERT INTO "Address" ("id", "number", "street", "visitUnallowedAt", "visitedAt", "block_id") VALUES (457, '4', 'Central Silveira', NULL, NULL, 20);
INSERT INTO "Address" ("id", "number", "street", "visitUnallowedAt", "visitedAt", "block_id") VALUES (458, '5', 'Central Silveira', NULL, NULL, 20);
INSERT INTO "Address" ("id", "number", "street", "visitUnallowedAt", "visitedAt", "block_id") VALUES (459, '6', 'Central Silveira', NULL, NULL, 20);
INSERT INTO "Address" ("id", "number", "street", "visitUnallowedAt", "visitedAt", "block_id") VALUES (460, '326', 'Central Silveira', NULL, NULL, 20);
INSERT INTO "Address" ("id", "number", "street", "visitUnallowedAt", "visitedAt", "block_id") VALUES (461, '154', 'Central Silveira', NULL, NULL, 20);
INSERT INTO "Address" ("id", "number", "street", "visitUnallowedAt", "visitedAt", "block_id") VALUES (462, '340', 'Central Silveira', NULL, NULL, 20);
INSERT INTO "Address" ("id", "number", "street", "visitUnallowedAt", "visitedAt", "block_id") VALUES (463, '252', 'Central Silveira', NULL, NULL, 20);
INSERT INTO "Address" ("id", "number", "street", "visitUnallowedAt", "visitedAt", "block_id") VALUES (464, '320', 'Central Silveira', NULL, NULL, 20);
INSERT INTO "Address" ("id", "number", "street", "visitUnallowedAt", "visitedAt", "block_id") VALUES (465, '330', 'Central Silveira', NULL, NULL, 20);
INSERT INTO "Address" ("id", "number", "street", "visitUnallowedAt", "visitedAt", "block_id") VALUES (466, '1', 'Mar Tirreno', NULL, NULL, 20);
INSERT INTO "Address" ("id", "number", "street", "visitUnallowedAt", "visitedAt", "block_id") VALUES (467, '1', 'Mar Tirreno', NULL, NULL, 20);
INSERT INTO "Address" ("id", "number", "street", "visitUnallowedAt", "visitedAt", "block_id") VALUES (468, '23', 'Mar Tirreno', NULL, NULL, 20);
INSERT INTO "Address" ("id", "number", "street", "visitUnallowedAt", "visitedAt", "block_id") VALUES (469, '26', 'Mar Egeu', NULL, NULL, 20);
INSERT INTO "Address" ("id", "number", "street", "visitUnallowedAt", "visitedAt", "block_id") VALUES (470, 'SN°2', 'Mar Egeu', NULL, NULL, 20);
INSERT INTO "Address" ("id", "number", "street", "visitUnallowedAt", "visitedAt", "block_id") VALUES (471, 'SN°3', 'Mar Egeu', NULL, NULL, 20);
INSERT INTO "Address" ("id", "number", "street", "visitUnallowedAt", "visitedAt", "block_id") VALUES (472, 'SN°4', 'Mar Egeu', NULL, NULL, 20);
INSERT INTO "Address" ("id", "number", "street", "visitUnallowedAt", "visitedAt", "block_id") VALUES (473, 'SN°5', 'Mar Egeu', NULL, NULL, 20);
INSERT INTO "Address" ("id", "number", "street", "visitUnallowedAt", "visitedAt", "block_id") VALUES (474, 'SN°6', 'Mar Egeu', NULL, NULL, 20);
INSERT INTO "Address" ("id", "number", "street", "visitUnallowedAt", "visitedAt", "block_id") VALUES (475, '15', 'Mar Egeu', NULL, NULL, 20);
INSERT INTO "Address" ("id", "number", "street", "visitUnallowedAt", "visitedAt", "block_id") VALUES (476, '25', 'Mar Egeu', NULL, NULL, 20);
INSERT INTO "Address" ("id", "number", "street", "visitUnallowedAt", "visitedAt", "block_id") VALUES (477, 'SN°9', 'Mar Egeu', NULL, NULL, 20);
INSERT INTO "Address" ("id", "number", "street", "visitUnallowedAt", "visitedAt", "block_id") VALUES (478, 'SN°10', 'Mar Egeu', NULL, NULL, 20);
INSERT INTO "Address" ("id", "number", "street", "visitUnallowedAt", "visitedAt", "block_id") VALUES (479, '36', 'Mar Vermelho', NULL, NULL, 20);
INSERT INTO "Address" ("id", "number", "street", "visitUnallowedAt", "visitedAt", "block_id") VALUES (480, '16', 'Mar Vermelho', NULL, NULL, 20);
INSERT INTO "Address" ("id", "number", "street", "visitUnallowedAt", "visitedAt", "block_id") VALUES (481, 'SN°3', 'Mar Vermelho', NULL, NULL, 20);
INSERT INTO "Address" ("id", "number", "street", "visitUnallowedAt", "visitedAt", "block_id") VALUES (482, 'SN°4', 'Mar Vermelho', NULL, NULL, 20);
INSERT INTO "Address" ("id", "number", "street", "visitUnallowedAt", "visitedAt", "block_id") VALUES (483, '23', 'Mar Vermelho', NULL, NULL, 20);
INSERT INTO "Address" ("id", "number", "street", "visitUnallowedAt", "visitedAt", "block_id") VALUES (484, '35', 'Mar Vermelho', NULL, NULL, 20);
INSERT INTO "Block" ("id", "name", "territory_id") VALUES (21, 'D', 3);
INSERT INTO "Address" ("id", "number", "street", "visitUnallowedAt", "visitedAt", "block_id") VALUES (485, '70', '29 de Julho', NULL, NULL, 21);
INSERT INTO "Address" ("id", "number", "street", "visitUnallowedAt", "visitedAt", "block_id") VALUES (486, '356', '29 de Julho', NULL, NULL, 21);
INSERT INTO "Address" ("id", "number", "street", "visitUnallowedAt", "visitedAt", "block_id") VALUES (487, '38', '29 de Julho', NULL, NULL, 21);
INSERT INTO "Address" ("id", "number", "street", "visitUnallowedAt", "visitedAt", "block_id") VALUES (488, '33', 'Central Silveira', NULL, NULL, 21);
INSERT INTO "Address" ("id", "number", "street", "visitUnallowedAt", "visitedAt", "block_id") VALUES (489, '45', 'Central Silveira', NULL, NULL, 21);
INSERT INTO "Address" ("id", "number", "street", "visitUnallowedAt", "visitedAt", "block_id") VALUES (490, '79', 'Central Silveira', NULL, NULL, 21);
INSERT INTO "Address" ("id", "number", "street", "visitUnallowedAt", "visitedAt", "block_id") VALUES (491, '147', 'Mar Mediterrâneo Lado Esq', NULL, NULL, 21);
INSERT INTO "Address" ("id", "number", "street", "visitUnallowedAt", "visitedAt", "block_id") VALUES (492, 'SN°2', 'Mar Mediterrâneo Lado Esq', NULL, NULL, 21);
INSERT INTO "Address" ("id", "number", "street", "visitUnallowedAt", "visitedAt", "block_id") VALUES (493, 'SN°3', 'Mar Mediterrâneo Lado Esq', NULL, NULL, 21);
INSERT INTO "Block" ("id", "name", "territory_id") VALUES (22, 'E', 3);
INSERT INTO "Address" ("id", "number", "street", "visitUnallowedAt", "visitedAt", "block_id") VALUES (494, 'SN°1', 'Mar Mediterrâneo Lado Dir', NULL, NULL, 22);
INSERT INTO "Address" ("id", "number", "street", "visitUnallowedAt", "visitedAt", "block_id") VALUES (495, 'SN°2', 'Mar Mediterrâneo Lado Dir', NULL, NULL, 22);
INSERT INTO "Address" ("id", "number", "street", "visitUnallowedAt", "visitedAt", "block_id") VALUES (496, '142', 'Mar Mediterrâneo Lado Dir', NULL, NULL, 22);
INSERT INTO "Address" ("id", "number", "street", "visitUnallowedAt", "visitedAt", "block_id") VALUES (497, '130', 'Mar Mediterrâneo Lado Dir', NULL, NULL, 22);
INSERT INTO "Address" ("id", "number", "street", "visitUnallowedAt", "visitedAt", "block_id") VALUES (498, '103', 'Central Silveira', NULL, NULL, 22);
INSERT INTO "Address" ("id", "number", "street", "visitUnallowedAt", "visitedAt", "block_id") VALUES (499, '115', 'Central Silveira', NULL, NULL, 22);
INSERT INTO "Address" ("id", "number", "street", "visitUnallowedAt", "visitedAt", "block_id") VALUES (500, '153', 'Mar Negro Lado Esq', NULL, NULL, 22);
INSERT INTO "Address" ("id", "number", "street", "visitUnallowedAt", "visitedAt", "block_id") VALUES (501, '145', 'Mar Negro Lado Esq', NULL, NULL, 22);
INSERT INTO "Address" ("id", "number", "street", "visitUnallowedAt", "visitedAt", "block_id") VALUES (502, '161', 'Mar Negro Lado Esq', NULL, NULL, 22);
INSERT INTO "Block" ("id", "name", "territory_id") VALUES (23, 'F', 3);
INSERT INTO "Address" ("id", "number", "street", "visitUnallowedAt", "visitedAt", "block_id") VALUES (503, '138', 'Mar Negro Lado Dir', NULL, NULL, 23);
INSERT INTO "Address" ("id", "number", "street", "visitUnallowedAt", "visitedAt", "block_id") VALUES (504, '126', 'Mar Negro Lado Dir', NULL, NULL, 23);
INSERT INTO "Address" ("id", "number", "street", "visitUnallowedAt", "visitedAt", "block_id") VALUES (505, 'SN°3', 'Mar Negro Lado Dir', NULL, NULL, 23);
INSERT INTO "Address" ("id", "number", "street", "visitUnallowedAt", "visitedAt", "block_id") VALUES (506, 'SN°4', 'Mar Negro Lado Dir', NULL, NULL, 23);
INSERT INTO "Address" ("id", "number", "street", "visitUnallowedAt", "visitedAt", "block_id") VALUES (507, '105', 'Central Silveira', NULL, NULL, 23);
INSERT INTO "Address" ("id", "number", "street", "visitUnallowedAt", "visitedAt", "block_id") VALUES (508, '165', 'Central Silveira', NULL, NULL, 23);
INSERT INTO "Address" ("id", "number", "street", "visitUnallowedAt", "visitedAt", "block_id") VALUES (509, '193', 'Central Silveira', NULL, NULL, 23);
INSERT INTO "Address" ("id", "number", "street", "visitUnallowedAt", "visitedAt", "block_id") VALUES (510, 'SN°4', 'Central Silveira', NULL, NULL, 23);
INSERT INTO "Address" ("id", "number", "street", "visitUnallowedAt", "visitedAt", "block_id") VALUES (511, '95', 'Mar Vermelho', NULL, NULL, 23);
INSERT INTO "Address" ("id", "number", "street", "visitUnallowedAt", "visitedAt", "block_id") VALUES (512, '107', 'Mar Vermelho', NULL, NULL, 23);
INSERT INTO "Address" ("id", "number", "street", "visitUnallowedAt", "visitedAt", "block_id") VALUES (513, '115', 'Mar Vermelho', NULL, NULL, 23);
INSERT INTO "Address" ("id", "number", "street", "visitUnallowedAt", "visitedAt", "block_id") VALUES (514, '125', 'Mar Vermelho', NULL, NULL, 23);
INSERT INTO "Address" ("id", "number", "street", "visitUnallowedAt", "visitedAt", "block_id") VALUES (515, '131', 'Mar Vermelho', NULL, NULL, 23);
INSERT INTO "Address" ("id", "number", "street", "visitUnallowedAt", "visitedAt", "block_id") VALUES (516, '143', 'Mar Vermelho', NULL, NULL, 23);
INSERT INTO "Address" ("id", "number", "street", "visitUnallowedAt", "visitedAt", "block_id") VALUES (517, 'SN°7', 'Mar Vermelho', NULL, NULL, 23);
INSERT INTO "Address" ("id", "number", "street", "visitUnallowedAt", "visitedAt", "block_id") VALUES (518, 'SN°8', 'Mar Vermelho', NULL, NULL, 23);
INSERT INTO "Address" ("id", "number", "street", "visitUnallowedAt", "visitedAt", "block_id") VALUES (519, 'SN°9', 'Mar Vermelho', NULL, NULL, 23);
INSERT INTO "Address" ("id", "number", "street", "visitUnallowedAt", "visitedAt", "block_id") VALUES (520, 'SN°10', 'Mar Vermelho', NULL, NULL, 23);
INSERT INTO "Address" ("id", "number", "street", "visitUnallowedAt", "visitedAt", "block_id") VALUES (521, 'SN°11', 'Mar Vermelho', NULL, NULL, 23);
INSERT INTO "Address" ("id", "number", "street", "visitUnallowedAt", "visitedAt", "block_id") VALUES (522, 'SN°12', 'Mar Vermelho', NULL, NULL, 23);
INSERT INTO "Block" ("id", "name", "territory_id") VALUES (24, 'G', 3);
INSERT INTO "Address" ("id", "number", "street", "visitUnallowedAt", "visitedAt", "block_id") VALUES (523, '211', 'Central Silveira', NULL, NULL, 24);
INSERT INTO "Address" ("id", "number", "street", "visitUnallowedAt", "visitedAt", "block_id") VALUES (524, '233', 'Central Silveira', NULL, NULL, 24);
INSERT INTO "Address" ("id", "number", "street", "visitUnallowedAt", "visitedAt", "block_id") VALUES (525, '251', 'Central Silveira', NULL, NULL, 24);
INSERT INTO "Address" ("id", "number", "street", "visitUnallowedAt", "visitedAt", "block_id") VALUES (526, '143', 'Mar Egeu', NULL, NULL, 24);
INSERT INTO "Address" ("id", "number", "street", "visitUnallowedAt", "visitedAt", "block_id") VALUES (527, '115', 'Mar Egeu', NULL, NULL, 24);
INSERT INTO "Address" ("id", "number", "street", "visitUnallowedAt", "visitedAt", "block_id") VALUES (528, 'SN°3', 'Mar Egeu', NULL, NULL, 24);
INSERT INTO "Address" ("id", "number", "street", "visitUnallowedAt", "visitedAt", "block_id") VALUES (529, '125', 'Mar Egeu', NULL, NULL, 24);
INSERT INTO "Address" ("id", "number", "street", "visitUnallowedAt", "visitedAt", "block_id") VALUES (530, '129', 'Mar Egeu', NULL, NULL, 24);
INSERT INTO "Address" ("id", "number", "street", "visitUnallowedAt", "visitedAt", "block_id") VALUES (531, 'SN°6', 'Mar Egeu', NULL, NULL, 24);
INSERT INTO "Address" ("id", "number", "street", "visitUnallowedAt", "visitedAt", "block_id") VALUES (532, '175', 'Mar Egeu', NULL, NULL, 24);
INSERT INTO "Address" ("id", "number", "street", "visitUnallowedAt", "visitedAt", "block_id") VALUES (533, '207', 'Mar Egeu', NULL, NULL, 24);
INSERT INTO "Address" ("id", "number", "street", "visitUnallowedAt", "visitedAt", "block_id") VALUES (534, '205', 'Mar Egeu', NULL, NULL, 24);
INSERT INTO "Address" ("id", "number", "street", "visitUnallowedAt", "visitedAt", "block_id") VALUES (535, '180', 'Mar Egeu', NULL, NULL, 24);
INSERT INTO "Address" ("id", "number", "street", "visitUnallowedAt", "visitedAt", "block_id") VALUES (536, '233', 'Tomaz A. Souza', NULL, NULL, 24);
INSERT INTO "Address" ("id", "number", "street", "visitUnallowedAt", "visitedAt", "block_id") VALUES (537, '141', 'Mar Vermelho', NULL, NULL, 24);
INSERT INTO "Address" ("id", "number", "street", "visitUnallowedAt", "visitedAt", "block_id") VALUES (538, '156', 'Mar Vermelho', NULL, NULL, 24);
INSERT INTO "Address" ("id", "number", "street", "visitUnallowedAt", "visitedAt", "block_id") VALUES (539, '184', 'Mar Vermelho', NULL, NULL, 24);
INSERT INTO "Address" ("id", "number", "street", "visitUnallowedAt", "visitedAt", "block_id") VALUES (540, '165', 'Mar Vermelho', NULL, NULL, 24);
INSERT INTO "Address" ("id", "number", "street", "visitUnallowedAt", "visitedAt", "block_id") VALUES (541, '170', 'Mar Vermelho', NULL, NULL, 24);
INSERT INTO "Address" ("id", "number", "street", "visitUnallowedAt", "visitedAt", "block_id") VALUES (542, 'SN°6', 'Mar Vermelho', NULL, NULL, 24);
INSERT INTO "Address" ("id", "number", "street", "visitUnallowedAt", "visitedAt", "block_id") VALUES (543, '144', 'Mar Vermelho', NULL, NULL, 24);
INSERT INTO "Address" ("id", "number", "street", "visitUnallowedAt", "visitedAt", "block_id") VALUES (544, 'SN°8', 'Mar Vermelho', NULL, NULL, 24);
INSERT INTO "Address" ("id", "number", "street", "visitUnallowedAt", "visitedAt", "block_id") VALUES (545, 'SN°9', 'Mar Vermelho', NULL, NULL, 24);
INSERT INTO "Block" ("id", "name", "territory_id") VALUES (25, 'H', 3);
INSERT INTO "Address" ("id", "number", "street", "visitUnallowedAt", "visitedAt", "block_id") VALUES (546, '275', 'Central Silveira', NULL, NULL, 25);
INSERT INTO "Address" ("id", "number", "street", "visitUnallowedAt", "visitedAt", "block_id") VALUES (547, '287', 'Central Silveira', NULL, NULL, 25);
INSERT INTO "Address" ("id", "number", "street", "visitUnallowedAt", "visitedAt", "block_id") VALUES (548, '299', 'Central Silveira', NULL, NULL, 25);
INSERT INTO "Address" ("id", "number", "street", "visitUnallowedAt", "visitedAt", "block_id") VALUES (549, '91', 'Mar Tirreno', NULL, NULL, 25);
INSERT INTO "Address" ("id", "number", "street", "visitUnallowedAt", "visitedAt", "block_id") VALUES (550, '103', 'Mar Tirreno', NULL, NULL, 25);
INSERT INTO "Address" ("id", "number", "street", "visitUnallowedAt", "visitedAt", "block_id") VALUES (551, '123', 'Mar Tirreno', NULL, NULL, 25);
INSERT INTO "Address" ("id", "number", "street", "visitUnallowedAt", "visitedAt", "block_id") VALUES (552, '147', 'Mar Tirreno', NULL, NULL, 25);
INSERT INTO "Address" ("id", "number", "street", "visitUnallowedAt", "visitedAt", "block_id") VALUES (553, 'SN°5', 'Mar Tirreno', NULL, NULL, 25);
INSERT INTO "Address" ("id", "number", "street", "visitUnallowedAt", "visitedAt", "block_id") VALUES (554, '111', 'Mar Tirreno', NULL, NULL, 25);
INSERT INTO "Address" ("id", "number", "street", "visitUnallowedAt", "visitedAt", "block_id") VALUES (555, 'SN°7', 'Mar Tirreno', NULL, NULL, 25);
INSERT INTO "Address" ("id", "number", "street", "visitUnallowedAt", "visitedAt", "block_id") VALUES (556, '195', 'Mar Tirreno', NULL, NULL, 25);
INSERT INTO "Address" ("id", "number", "street", "visitUnallowedAt", "visitedAt", "block_id") VALUES (557, 'SN°1', 'Tomaz A. Souza', NULL, NULL, 25);
INSERT INTO "Block" ("id", "name", "territory_id") VALUES (26, 'I', 3);
INSERT INTO "Address" ("id", "number", "street", "visitUnallowedAt", "visitedAt", "block_id") VALUES (558, '321', 'Central Silveira', NULL, NULL, 26);
INSERT INTO "Address" ("id", "number", "street", "visitUnallowedAt", "visitedAt", "block_id") VALUES (559, '355', 'Central Silveira', NULL, NULL, 26);
INSERT INTO "Address" ("id", "number", "street", "visitUnallowedAt", "visitedAt", "block_id") VALUES (560, '355-2', 'Central Silveira', NULL, NULL, 26);
INSERT INTO "Address" ("id", "number", "street", "visitUnallowedAt", "visitedAt", "block_id") VALUES (561, '355-3', 'Central Silveira', NULL, NULL, 26);
INSERT INTO "Address" ("id", "number", "street", "visitUnallowedAt", "visitedAt", "block_id") VALUES (562, '355-4', 'Central Silveira', NULL, NULL, 26);
INSERT INTO "Address" ("id", "number", "street", "visitUnallowedAt", "visitedAt", "block_id") VALUES (563, '330-5', 'Central Silveira', NULL, NULL, 26);
INSERT INTO "Address" ("id", "number", "street", "visitUnallowedAt", "visitedAt", "block_id") VALUES (564, '260', 'Mr Adriático', NULL, NULL, 26);
INSERT INTO "Address" ("id", "number", "street", "visitUnallowedAt", "visitedAt", "block_id") VALUES (565, '71', 'Mr Adriático', NULL, NULL, 26);
INSERT INTO "Address" ("id", "number", "street", "visitUnallowedAt", "visitedAt", "block_id") VALUES (566, '109', 'Mr Adriático', NULL, NULL, 26);
INSERT INTO "Address" ("id", "number", "street", "visitUnallowedAt", "visitedAt", "block_id") VALUES (567, '103', 'Mr Adriático', NULL, NULL, 26);
INSERT INTO "Address" ("id", "number", "street", "visitUnallowedAt", "visitedAt", "block_id") VALUES (568, '101', 'Mr Adriático', NULL, NULL, 26);
INSERT INTO "Address" ("id", "number", "street", "visitUnallowedAt", "visitedAt", "block_id") VALUES (569, '135', 'Mr Adriático', NULL, NULL, 26);
INSERT INTO "Address" ("id", "number", "street", "visitUnallowedAt", "visitedAt", "block_id") VALUES (570, '139', 'Mr Adriático', NULL, NULL, 26);
INSERT INTO "Address" ("id", "number", "street", "visitUnallowedAt", "visitedAt", "block_id") VALUES (571, 'SN°8', 'Mr Adriático', NULL, NULL, 26);
INSERT INTO "Address" ("id", "number", "street", "visitUnallowedAt", "visitedAt", "block_id") VALUES (572, '171-1', 'Mr Adriático', NULL, NULL, 26);
INSERT INTO "Address" ("id", "number", "street", "visitUnallowedAt", "visitedAt", "block_id") VALUES (573, '171-2', 'Mr Adriático', NULL, NULL, 26);
INSERT INTO "Address" ("id", "number", "street", "visitUnallowedAt", "visitedAt", "block_id") VALUES (574, '183', 'Mr Adriático', NULL, NULL, 26);
INSERT INTO "Address" ("id", "number", "street", "visitUnallowedAt", "visitedAt", "block_id") VALUES (575, 'SN°12', 'Mr Adriático', NULL, NULL, 26);
INSERT INTO "Address" ("id", "number", "street", "visitUnallowedAt", "visitedAt", "block_id") VALUES (576, 'SN°13', 'Mr Adriático', NULL, NULL, 26);
INSERT INTO "Address" ("id", "number", "street", "visitUnallowedAt", "visitedAt", "block_id") VALUES (577, 'SN°1', 'Tomaz A. Souza', NULL, NULL, 26);
INSERT INTO "Address" ("id", "number", "street", "visitUnallowedAt", "visitedAt", "block_id") VALUES (578, '144', 'Mar Tirreno', NULL, NULL, 26);
INSERT INTO "Address" ("id", "number", "street", "visitUnallowedAt", "visitedAt", "block_id") VALUES (579, 'SN°2', 'Mar Tirreno', NULL, NULL, 26);
INSERT INTO "Address" ("id", "number", "street", "visitUnallowedAt", "visitedAt", "block_id") VALUES (580, '170', 'Mar Tirreno', NULL, NULL, 26);
INSERT INTO "Address" ("id", "number", "street", "visitUnallowedAt", "visitedAt", "block_id") VALUES (581, '158', 'Mar Tirreno', NULL, NULL, 26);
INSERT INTO "Address" ("id", "number", "street", "visitUnallowedAt", "visitedAt", "block_id") VALUES (582, '122', 'Mar Tirreno', NULL, NULL, 26);
INSERT INTO "Address" ("id", "number", "street", "visitUnallowedAt", "visitedAt", "block_id") VALUES (583, '108', 'Mar Tirreno', NULL, NULL, 26);
INSERT INTO "Address" ("id", "number", "street", "visitUnallowedAt", "visitedAt", "block_id") VALUES (584, '355Esq', 'Mar Tirreno', NULL, NULL, 26);
INSERT INTO "Address" ("id", "number", "street", "visitUnallowedAt", "visitedAt", "block_id") VALUES (585, '355Dir', 'Mar Tirreno', NULL, NULL, 26);
INSERT INTO "Address" ("id", "number", "street", "visitUnallowedAt", "visitedAt", "block_id") VALUES (586, 'SN°9', 'Mar Tirreno', NULL, NULL, 26);
INSERT INTO "Block" ("id", "name", "territory_id") VALUES (27, 'J', 3);
INSERT INTO "Address" ("id", "number", "street", "visitUnallowedAt", "visitedAt", "block_id") VALUES (587, 'SN°1', 'Mampituba', NULL, NULL, 27);
INSERT INTO "Address" ("id", "number", "street", "visitUnallowedAt", "visitedAt", "block_id") VALUES (588, 'SN°1', 'Tomaz A. Souza', NULL, NULL, 27);
INSERT INTO "Block" ("id", "name", "territory_id") VALUES (28, 'K', 3);
INSERT INTO "Address" ("id", "number", "street", "visitUnallowedAt", "visitedAt", "block_id") VALUES (589, '552', 'Mampituba', NULL, NULL, 28);
INSERT INTO "Address" ("id", "number", "street", "visitUnallowedAt", "visitedAt", "block_id") VALUES (590, '532', 'Mampituba', NULL, NULL, 28);
INSERT INTO "Address" ("id", "number", "street", "visitUnallowedAt", "visitedAt", "block_id") VALUES (591, '91', 'Tomaz A. Souza', NULL, NULL, 28);
INSERT INTO "Address" ("id", "number", "street", "visitUnallowedAt", "visitedAt", "block_id") VALUES (592, 'SN°1', 'Rua S/ Denom.', NULL, NULL, 28);
INSERT INTO "Address" ("id", "number", "street", "visitUnallowedAt", "visitedAt", "block_id") VALUES (593, 'SN°2', 'Rua S/ Denom.', NULL, NULL, 28);
INSERT INTO "Block" ("id", "name", "territory_id") VALUES (29, 'L', 3);
INSERT INTO "Address" ("id", "number", "street", "visitUnallowedAt", "visitedAt", "block_id") VALUES (594, 'SN°1', 'Rua S/ Denom.', NULL, NULL, 29);
INSERT INTO "Address" ("id", "number", "street", "visitUnallowedAt", "visitedAt", "block_id") VALUES (595, 'SN°2', 'Rua S/ Denom.', NULL, NULL, 29);
INSERT INTO "Block" ("id", "name", "territory_id") VALUES (30, 'M', 3);
INSERT INTO "Address" ("id", "number", "street", "visitUnallowedAt", "visitedAt", "block_id") VALUES (596, '297', 'Mar Egeu', NULL, NULL, 30);
INSERT INTO "Address" ("id", "number", "street", "visitUnallowedAt", "visitedAt", "block_id") VALUES (597, '297F', 'Mar Egeu', NULL, NULL, 30);
INSERT INTO "Address" ("id", "number", "street", "visitUnallowedAt", "visitedAt", "block_id") VALUES (598, '309', 'Mar Egeu', NULL, NULL, 30);
INSERT INTO "Address" ("id", "number", "street", "visitUnallowedAt", "visitedAt", "block_id") VALUES (599, '321', 'Mar Egeu', NULL, NULL, 30);
INSERT INTO "Address" ("id", "number", "street", "visitUnallowedAt", "visitedAt", "block_id") VALUES (600, '357', 'Mar Egeu', NULL, NULL, 30);
INSERT INTO "Block" ("id", "name", "territory_id") VALUES (31, 'N', 3);
INSERT INTO "Address" ("id", "number", "street", "visitUnallowedAt", "visitedAt", "block_id") VALUES (601, '281', 'Mar Tirreno', NULL, NULL, 31);
INSERT INTO "Address" ("id", "number", "street", "visitUnallowedAt", "visitedAt", "block_id") VALUES (602, '293Esq', 'Mar Tirreno', NULL, NULL, 31);
INSERT INTO "Address" ("id", "number", "street", "visitUnallowedAt", "visitedAt", "block_id") VALUES (603, '293Dir', 'Mar Tirreno', NULL, NULL, 31);
INSERT INTO "Address" ("id", "number", "street", "visitUnallowedAt", "visitedAt", "block_id") VALUES (604, '305', 'Mar Tirreno', NULL, NULL, 31);
INSERT INTO "Address" ("id", "number", "street", "visitUnallowedAt", "visitedAt", "block_id") VALUES (605, 'SN°5', 'Mar Tirreno', NULL, NULL, 31);
INSERT INTO "Block" ("id", "name", "territory_id") VALUES (32, 'O', 3);
INSERT INTO "Address" ("id", "number", "street", "visitUnallowedAt", "visitedAt", "block_id") VALUES (606, '327', 'Tomaz A. Souza', NULL, NULL, 32);
INSERT INTO "Address" ("id", "number", "street", "visitUnallowedAt", "visitedAt", "block_id") VALUES (607, '351', 'Mar Adriático', NULL, NULL, 32);
INSERT INTO "Address" ("id", "number", "street", "visitUnallowedAt", "visitedAt", "block_id") VALUES (608, 'SN°2', 'Mar Adriático', NULL, NULL, 32);
INSERT INTO "Address" ("id", "number", "street", "visitUnallowedAt", "visitedAt", "block_id") VALUES (609, 'SN°3', 'Mar Adriático', NULL, NULL, 32);
INSERT INTO "Address" ("id", "number", "street", "visitUnallowedAt", "visitedAt", "block_id") VALUES (610, '358', 'Mar Tirreno', NULL, NULL, 32);
INSERT INTO "Address" ("id", "number", "street", "visitUnallowedAt", "visitedAt", "block_id") VALUES (611, '348', 'Mar Tirreno', NULL, NULL, 32);
INSERT INTO "Address" ("id", "number", "street", "visitUnallowedAt", "visitedAt", "block_id") VALUES (612, '342', 'Mar Tirreno', NULL, NULL, 32);
INSERT INTO "Address" ("id", "number", "street", "visitUnallowedAt", "visitedAt", "block_id") VALUES (613, '324-1', 'Mar Tirreno', NULL, NULL, 32);
INSERT INTO "Address" ("id", "number", "street", "visitUnallowedAt", "visitedAt", "block_id") VALUES (614, '324-2', 'Mar Tirreno', NULL, NULL, 32);
INSERT INTO "Address" ("id", "number", "street", "visitUnallowedAt", "visitedAt", "block_id") VALUES (615, '308', 'Mar Tirreno', NULL, NULL, 32);
INSERT INTO "Address" ("id", "number", "street", "visitUnallowedAt", "visitedAt", "block_id") VALUES (616, 'SN°7', 'Mar Tirreno', NULL, NULL, 32);
INSERT INTO "Address" ("id", "number", "street", "visitUnallowedAt", "visitedAt", "block_id") VALUES (617, '284-2', 'Mar Tirreno', NULL, NULL, 32);
INSERT INTO "Address" ("id", "number", "street", "visitUnallowedAt", "visitedAt", "block_id") VALUES (618, '284-1', 'Mar Tirreno', NULL, NULL, 32);
INSERT INTO "Address" ("id", "number", "street", "visitUnallowedAt", "visitedAt", "block_id") VALUES (619, '272', 'Mar Tirreno', NULL, NULL, 32);
INSERT INTO "Address" ("id", "number", "street", "visitUnallowedAt", "visitedAt", "block_id") VALUES (620, 'SN°11', 'Mar Tirreno', NULL, NULL, 32);
INSERT INTO "Territory" ("id", "mapImageUrl", "name", "number", "warningMessage") VALUES (4, '', 'Silveira/Morada do Sol', '4', '');
INSERT INTO "Block" ("id", "name", "territory_id") VALUES (33, 'A', 4);
INSERT INTO "Address" ("id", "number", "street", "visitUnallowedAt", "visitedAt", "block_id") VALUES (621, '390', 'Central Silveira', NULL, NULL, 33);
INSERT INTO "Address" ("id", "number", "street", "visitUnallowedAt", "visitedAt", "block_id") VALUES (622, '422-1', 'Central Silveira', NULL, NULL, 33);
INSERT INTO "Address" ("id", "number", "street", "visitUnallowedAt", "visitedAt", "block_id") VALUES (623, '422-2', 'Central Silveira', NULL, NULL, 33);
INSERT INTO "Address" ("id", "number", "street", "visitUnallowedAt", "visitedAt", "block_id") VALUES (624, 'SN°1', 'Mar de Creta', NULL, NULL, 33);
INSERT INTO "Address" ("id", "number", "street", "visitUnallowedAt", "visitedAt", "block_id") VALUES (625, '17', 'Mar de Creta', NULL, NULL, 33);
INSERT INTO "Address" ("id", "number", "street", "visitUnallowedAt", "visitedAt", "block_id") VALUES (626, '31', 'Mar de Creta', NULL, NULL, 33);
INSERT INTO "Address" ("id", "number", "street", "visitUnallowedAt", "visitedAt", "block_id") VALUES (627, '15', 'Mar Meridional', NULL, NULL, 33);
INSERT INTO "Address" ("id", "number", "street", "visitUnallowedAt", "visitedAt", "block_id") VALUES (628, '35', 'Mar Meridional', NULL, NULL, 33);
INSERT INTO "Block" ("id", "name", "territory_id") VALUES (34, 'B', 4);
INSERT INTO "Address" ("id", "number", "street", "visitUnallowedAt", "visitedAt", "block_id") VALUES (629, '454', 'Central Silveira', NULL, NULL, 34);
INSERT INTO "Address" ("id", "number", "street", "visitUnallowedAt", "visitedAt", "block_id") VALUES (630, '464', 'Central Silveira', NULL, NULL, 34);
INSERT INTO "Address" ("id", "number", "street", "visitUnallowedAt", "visitedAt", "block_id") VALUES (631, 'SN°3', 'Central Silveira', NULL, NULL, 34);
INSERT INTO "Address" ("id", "number", "street", "visitUnallowedAt", "visitedAt", "block_id") VALUES (632, '460', 'Central Silveira', NULL, NULL, 34);
INSERT INTO "Address" ("id", "number", "street", "visitUnallowedAt", "visitedAt", "block_id") VALUES (633, '18', 'Mar Meridional', NULL, NULL, 34);
INSERT INTO "Address" ("id", "number", "street", "visitUnallowedAt", "visitedAt", "block_id") VALUES (634, '42', 'Mar Meridional', NULL, NULL, 34);
INSERT INTO "Address" ("id", "number", "street", "visitUnallowedAt", "visitedAt", "block_id") VALUES (635, '95', 'Mar de Creta', NULL, NULL, 34);
INSERT INTO "Address" ("id", "number", "street", "visitUnallowedAt", "visitedAt", "block_id") VALUES (636, 'SN°2', 'Mar de Creta', NULL, NULL, 34);
INSERT INTO "Address" ("id", "number", "street", "visitUnallowedAt", "visitedAt", "block_id") VALUES (637, '33', 'Baia de Biscaia', NULL, NULL, 34);
INSERT INTO "Address" ("id", "number", "street", "visitUnallowedAt", "visitedAt", "block_id") VALUES (638, '39', 'Baia de Biscaia', NULL, NULL, 34);
INSERT INTO "Block" ("id", "name", "territory_id") VALUES (35, 'C', 4);
INSERT INTO "Address" ("id", "number", "street", "visitUnallowedAt", "visitedAt", "block_id") VALUES (639, '516', 'Central Silveira', NULL, NULL, 35);
INSERT INTO "Address" ("id", "number", "street", "visitUnallowedAt", "visitedAt", "block_id") VALUES (640, '496', 'Central Silveira', NULL, NULL, 35);
INSERT INTO "Address" ("id", "number", "street", "visitUnallowedAt", "visitedAt", "block_id") VALUES (641, '12', 'Baia de Biscia', NULL, NULL, 35);
INSERT INTO "Address" ("id", "number", "street", "visitUnallowedAt", "visitedAt", "block_id") VALUES (642, '30', 'Baia de Biscia', NULL, NULL, 35);
INSERT INTO "Address" ("id", "number", "street", "visitUnallowedAt", "visitedAt", "block_id") VALUES (643, 'SN°3', 'Baia de Biscia', NULL, NULL, 35);
INSERT INTO "Address" ("id", "number", "street", "visitUnallowedAt", "visitedAt", "block_id") VALUES (644, 'SN°4', 'Baia de Biscia', NULL, NULL, 35);
INSERT INTO "Address" ("id", "number", "street", "visitUnallowedAt", "visitedAt", "block_id") VALUES (645, '145', 'Mar de Creta', NULL, NULL, 35);
INSERT INTO "Address" ("id", "number", "street", "visitUnallowedAt", "visitedAt", "block_id") VALUES (646, 'SN°2', 'Mar de Creta', NULL, NULL, 35);
INSERT INTO "Block" ("id", "name", "territory_id") VALUES (36, 'D', 4);
INSERT INTO "Address" ("id", "number", "street", "visitUnallowedAt", "visitedAt", "block_id") VALUES (647, '800', 'Central', NULL, NULL, 36);
INSERT INTO "Address" ("id", "number", "street", "visitUnallowedAt", "visitedAt", "block_id") VALUES (648, '723', 'Central', NULL, NULL, 36);
INSERT INTO "Address" ("id", "number", "street", "visitUnallowedAt", "visitedAt", "block_id") VALUES (649, '722', 'Central', NULL, NULL, 36);
INSERT INTO "Address" ("id", "number", "street", "visitUnallowedAt", "visitedAt", "block_id") VALUES (650, '721', 'Central', NULL, NULL, 36);
INSERT INTO "Address" ("id", "number", "street", "visitUnallowedAt", "visitedAt", "block_id") VALUES (651, '868-3', 'Central', NULL, NULL, 36);
INSERT INTO "Address" ("id", "number", "street", "visitUnallowedAt", "visitedAt", "block_id") VALUES (652, '868-2', 'Central', NULL, NULL, 36);
INSERT INTO "Address" ("id", "number", "street", "visitUnallowedAt", "visitedAt", "block_id") VALUES (653, '868-1', 'Central', NULL, NULL, 36);
INSERT INTO "Address" ("id", "number", "street", "visitUnallowedAt", "visitedAt", "block_id") VALUES (654, '146-7', 'Central', NULL, NULL, 36);
INSERT INTO "Address" ("id", "number", "street", "visitUnallowedAt", "visitedAt", "block_id") VALUES (655, '146-6', 'Central', NULL, NULL, 36);
INSERT INTO "Address" ("id", "number", "street", "visitUnallowedAt", "visitedAt", "block_id") VALUES (656, '146-5', 'Central', NULL, NULL, 36);
INSERT INTO "Address" ("id", "number", "street", "visitUnallowedAt", "visitedAt", "block_id") VALUES (657, 'SN°11', 'Central', NULL, NULL, 36);
INSERT INTO "Address" ("id", "number", "street", "visitUnallowedAt", "visitedAt", "block_id") VALUES (658, '180-4', 'Central', NULL, NULL, 36);
INSERT INTO "Address" ("id", "number", "street", "visitUnallowedAt", "visitedAt", "block_id") VALUES (659, '180-3', 'Central', NULL, NULL, 36);
INSERT INTO "Address" ("id", "number", "street", "visitUnallowedAt", "visitedAt", "block_id") VALUES (660, '180-2', 'Central', NULL, NULL, 36);
INSERT INTO "Address" ("id", "number", "street", "visitUnallowedAt", "visitedAt", "block_id") VALUES (661, '180', 'Central', NULL, NULL, 36);
INSERT INTO "Address" ("id", "number", "street", "visitUnallowedAt", "visitedAt", "block_id") VALUES (662, '198', 'Central', NULL, NULL, 36);
INSERT INTO "Block" ("id", "name", "territory_id") VALUES (37, 'E', 4);
INSERT INTO "Address" ("id", "number", "street", "visitUnallowedAt", "visitedAt", "block_id") VALUES (663, '395', 'Central Silveira', NULL, NULL, 37);
INSERT INTO "Address" ("id", "number", "street", "visitUnallowedAt", "visitedAt", "block_id") VALUES (664, '397', 'Central Silveira', NULL, NULL, 37);
INSERT INTO "Address" ("id", "number", "street", "visitUnallowedAt", "visitedAt", "block_id") VALUES (665, '429', 'Central Silveira', NULL, NULL, 37);
INSERT INTO "Address" ("id", "number", "street", "visitUnallowedAt", "visitedAt", "block_id") VALUES (666, '103', 'Mar Meridional', NULL, NULL, 37);
INSERT INTO "Address" ("id", "number", "street", "visitUnallowedAt", "visitedAt", "block_id") VALUES (667, '117', 'Mar Meridional', NULL, NULL, 37);
INSERT INTO "Address" ("id", "number", "street", "visitUnallowedAt", "visitedAt", "block_id") VALUES (668, '125', 'Mar Meridional', NULL, NULL, 37);
INSERT INTO "Address" ("id", "number", "street", "visitUnallowedAt", "visitedAt", "block_id") VALUES (669, '127', 'Mar Meridional', NULL, NULL, 37);
INSERT INTO "Address" ("id", "number", "street", "visitUnallowedAt", "visitedAt", "block_id") VALUES (670, '153-1', 'Mar Meridional', NULL, NULL, 37);
INSERT INTO "Address" ("id", "number", "street", "visitUnallowedAt", "visitedAt", "block_id") VALUES (671, '153-2', 'Mar Meridional', NULL, NULL, 37);
INSERT INTO "Address" ("id", "number", "street", "visitUnallowedAt", "visitedAt", "block_id") VALUES (672, '200-1', 'Mar Meridional', NULL, NULL, 37);
INSERT INTO "Address" ("id", "number", "street", "visitUnallowedAt", "visitedAt", "block_id") VALUES (673, '200-2', 'Mar Meridional', NULL, NULL, 37);
INSERT INTO "Address" ("id", "number", "street", "visitUnallowedAt", "visitedAt", "block_id") VALUES (674, 'SN°9', 'Mar Meridional', NULL, NULL, 37);
INSERT INTO "Address" ("id", "number", "street", "visitUnallowedAt", "visitedAt", "block_id") VALUES (675, '220', 'Mar Meridional', NULL, NULL, 37);
INSERT INTO "Address" ("id", "number", "street", "visitUnallowedAt", "visitedAt", "block_id") VALUES (676, '160', 'Mar Adriático', NULL, NULL, 37);
INSERT INTO "Address" ("id", "number", "street", "visitUnallowedAt", "visitedAt", "block_id") VALUES (677, '148', 'Mar Adriático', NULL, NULL, 37);
INSERT INTO "Address" ("id", "number", "street", "visitUnallowedAt", "visitedAt", "block_id") VALUES (678, '118', 'Mar Adriático', NULL, NULL, 37);
INSERT INTO "Address" ("id", "number", "street", "visitUnallowedAt", "visitedAt", "block_id") VALUES (679, '100', 'Mar Adriático', NULL, NULL, 37);
INSERT INTO "Address" ("id", "number", "street", "visitUnallowedAt", "visitedAt", "block_id") VALUES (680, '393-3', 'Mar Adriático', NULL, NULL, 37);
INSERT INTO "Address" ("id", "number", "street", "visitUnallowedAt", "visitedAt", "block_id") VALUES (681, '393-2', 'Mar Adriático', NULL, NULL, 37);
INSERT INTO "Address" ("id", "number", "street", "visitUnallowedAt", "visitedAt", "block_id") VALUES (682, '393-1', 'Mar Adriático', NULL, NULL, 37);
INSERT INTO "Block" ("id", "name", "territory_id") VALUES (38, 'F', 4);
INSERT INTO "Address" ("id", "number", "street", "visitUnallowedAt", "visitedAt", "block_id") VALUES (683, 'SN°1', 'Central Silveira', NULL, NULL, 38);
INSERT INTO "Address" ("id", "number", "street", "visitUnallowedAt", "visitedAt", "block_id") VALUES (684, '489', 'Central Silveira', NULL, NULL, 38);
INSERT INTO "Address" ("id", "number", "street", "visitUnallowedAt", "visitedAt", "block_id") VALUES (685, '459', 'Central Silveira', NULL, NULL, 38);
INSERT INTO "Address" ("id", "number", "street", "visitUnallowedAt", "visitedAt", "block_id") VALUES (686, 'SN°1', 'Baia de Biscaia', NULL, NULL, 38);
INSERT INTO "Address" ("id", "number", "street", "visitUnallowedAt", "visitedAt", "block_id") VALUES (687, '503', 'Baia de Biscaia', NULL, NULL, 38);
INSERT INTO "Address" ("id", "number", "street", "visitUnallowedAt", "visitedAt", "block_id") VALUES (688, '507', 'Baia de Biscaia', NULL, NULL, 38);
INSERT INTO "Address" ("id", "number", "street", "visitUnallowedAt", "visitedAt", "block_id") VALUES (689, '143', 'Baia de Biscaia', NULL, NULL, 38);
INSERT INTO "Address" ("id", "number", "street", "visitUnallowedAt", "visitedAt", "block_id") VALUES (690, '155', 'Baia de Biscaia', NULL, NULL, 38);
INSERT INTO "Address" ("id", "number", "street", "visitUnallowedAt", "visitedAt", "block_id") VALUES (691, '181', 'Baia de Biscaia', NULL, NULL, 38);
INSERT INTO "Address" ("id", "number", "street", "visitUnallowedAt", "visitedAt", "block_id") VALUES (692, '191', 'Baia de Biscaia', NULL, NULL, 38);
INSERT INTO "Address" ("id", "number", "street", "visitUnallowedAt", "visitedAt", "block_id") VALUES (693, 'SN°8', 'Baia de Biscaia', NULL, NULL, 38);
INSERT INTO "Address" ("id", "number", "street", "visitUnallowedAt", "visitedAt", "block_id") VALUES (694, '464', 'Tomaz A. Souza ', NULL, NULL, 38);
INSERT INTO "Address" ("id", "number", "street", "visitUnallowedAt", "visitedAt", "block_id") VALUES (695, '86', 'Mar Meridional', NULL, NULL, 38);
INSERT INTO "Address" ("id", "number", "street", "visitUnallowedAt", "visitedAt", "block_id") VALUES (696, '96', 'Mar Meridional', NULL, NULL, 38);
INSERT INTO "Address" ("id", "number", "street", "visitUnallowedAt", "visitedAt", "block_id") VALUES (697, '108', 'Mar Meridional', NULL, NULL, 38);
INSERT INTO "Address" ("id", "number", "street", "visitUnallowedAt", "visitedAt", "block_id") VALUES (698, 'SN°4', 'Mar Meridional', NULL, NULL, 38);
INSERT INTO "Address" ("id", "number", "street", "visitUnallowedAt", "visitedAt", "block_id") VALUES (699, 'SN°5', 'Mar Meridional', NULL, NULL, 38);
INSERT INTO "Address" ("id", "number", "street", "visitUnallowedAt", "visitedAt", "block_id") VALUES (700, 'SN°6', 'Mar Meridional', NULL, NULL, 38);
INSERT INTO "Address" ("id", "number", "street", "visitUnallowedAt", "visitedAt", "block_id") VALUES (701, '178Dir', 'Mar Meridional', NULL, NULL, 38);
INSERT INTO "Address" ("id", "number", "street", "visitUnallowedAt", "visitedAt", "block_id") VALUES (702, '178Esq', 'Mar Meridional', NULL, NULL, 38);
INSERT INTO "Address" ("id", "number", "street", "visitUnallowedAt", "visitedAt", "block_id") VALUES (703, '180', 'Mar Meridional', NULL, NULL, 38);
INSERT INTO "Block" ("id", "name", "territory_id") VALUES (39, 'G', 4);
INSERT INTO "Address" ("id", "number", "street", "visitUnallowedAt", "visitedAt", "block_id") VALUES (704, 'SN°1', 'Central Silveira', NULL, NULL, 39);
INSERT INTO "Address" ("id", "number", "street", "visitUnallowedAt", "visitedAt", "block_id") VALUES (705, '543-2', 'Central Silveira', NULL, NULL, 39);
INSERT INTO "Address" ("id", "number", "street", "visitUnallowedAt", "visitedAt", "block_id") VALUES (706, '543-1', 'Central Silveira', NULL, NULL, 39);
INSERT INTO "Address" ("id", "number", "street", "visitUnallowedAt", "visitedAt", "block_id") VALUES (707, '551', 'Central Silveira', NULL, NULL, 39);
INSERT INTO "Address" ("id", "number", "street", "visitUnallowedAt", "visitedAt", "block_id") VALUES (708, '115', 'Mar do Caribe', NULL, NULL, 39);
INSERT INTO "Address" ("id", "number", "street", "visitUnallowedAt", "visitedAt", "block_id") VALUES (709, 'SN°2', 'Mar do Caribe', NULL, NULL, 39);
INSERT INTO "Address" ("id", "number", "street", "visitUnallowedAt", "visitedAt", "block_id") VALUES (710, '141', 'Mar do Caribe', NULL, NULL, 39);
INSERT INTO "Address" ("id", "number", "street", "visitUnallowedAt", "visitedAt", "block_id") VALUES (711, 'SN°4', 'Mar do Caribe', NULL, NULL, 39);
INSERT INTO "Address" ("id", "number", "street", "visitUnallowedAt", "visitedAt", "block_id") VALUES (712, 'SN°5', 'Mar do Caribe', NULL, NULL, 39);
INSERT INTO "Address" ("id", "number", "street", "visitUnallowedAt", "visitedAt", "block_id") VALUES (713, '103', 'Mar do Caribe', NULL, NULL, 39);
INSERT INTO "Address" ("id", "number", "street", "visitUnallowedAt", "visitedAt", "block_id") VALUES (714, '177', 'Mar do Caribe', NULL, NULL, 39);
INSERT INTO "Address" ("id", "number", "street", "visitUnallowedAt", "visitedAt", "block_id") VALUES (715, '131-1', 'Mar do Caribe', NULL, NULL, 39);
INSERT INTO "Address" ("id", "number", "street", "visitUnallowedAt", "visitedAt", "block_id") VALUES (716, '131-2', 'Mar do Caribe', NULL, NULL, 39);
INSERT INTO "Address" ("id", "number", "street", "visitUnallowedAt", "visitedAt", "block_id") VALUES (717, '104', 'Baia de Biscaia', NULL, NULL, 39);
INSERT INTO "Address" ("id", "number", "street", "visitUnallowedAt", "visitedAt", "block_id") VALUES (718, '116', 'Baia de Biscaia', NULL, NULL, 39);
INSERT INTO "Address" ("id", "number", "street", "visitUnallowedAt", "visitedAt", "block_id") VALUES (719, '128', 'Baia de Biscaia', NULL, NULL, 39);
INSERT INTO "Address" ("id", "number", "street", "visitUnallowedAt", "visitedAt", "block_id") VALUES (720, '164', 'Baia de Biscaia', NULL, NULL, 39);
INSERT INTO "Address" ("id", "number", "street", "visitUnallowedAt", "visitedAt", "block_id") VALUES (721, 'SN°5', 'Baia de Biscaia', NULL, NULL, 39);
INSERT INTO "Address" ("id", "number", "street", "visitUnallowedAt", "visitedAt", "block_id") VALUES (722, 'SN°6', 'Baia de Biscaia', NULL, NULL, 39);
INSERT INTO "Block" ("id", "name", "territory_id") VALUES (40, 'H', 4);
INSERT INTO "Address" ("id", "number", "street", "visitUnallowedAt", "visitedAt", "block_id") VALUES (723, '584', 'Central Silveira', NULL, NULL, 40);
INSERT INTO "Address" ("id", "number", "street", "visitUnallowedAt", "visitedAt", "block_id") VALUES (724, '585', 'Central Silveira', NULL, NULL, 40);
INSERT INTO "Address" ("id", "number", "street", "visitUnallowedAt", "visitedAt", "block_id") VALUES (725, '37', 'Mar Báltico', NULL, NULL, 40);
INSERT INTO "Address" ("id", "number", "street", "visitUnallowedAt", "visitedAt", "block_id") VALUES (726, '53', 'Mar Báltico', NULL, NULL, 40);
INSERT INTO "Address" ("id", "number", "street", "visitUnallowedAt", "visitedAt", "block_id") VALUES (727, '63', 'Mar Báltico', NULL, NULL, 40);
INSERT INTO "Address" ("id", "number", "street", "visitUnallowedAt", "visitedAt", "block_id") VALUES (728, 'SN°4', 'Mar Báltico', NULL, NULL, 40);
INSERT INTO "Address" ("id", "number", "street", "visitUnallowedAt", "visitedAt", "block_id") VALUES (729, '89', 'Mar Báltico', NULL, NULL, 40);
INSERT INTO "Address" ("id", "number", "street", "visitUnallowedAt", "visitedAt", "block_id") VALUES (730, '101', 'Mar Báltico', NULL, NULL, 40);
INSERT INTO "Address" ("id", "number", "street", "visitUnallowedAt", "visitedAt", "block_id") VALUES (731, '111', 'Mar Báltico', NULL, NULL, 40);
INSERT INTO "Address" ("id", "number", "street", "visitUnallowedAt", "visitedAt", "block_id") VALUES (732, '119', 'Mar Báltico', NULL, NULL, 40);
INSERT INTO "Address" ("id", "number", "street", "visitUnallowedAt", "visitedAt", "block_id") VALUES (733, '125', 'Mar Báltico', NULL, NULL, 40);
INSERT INTO "Address" ("id", "number", "street", "visitUnallowedAt", "visitedAt", "block_id") VALUES (734, '98', 'Mar do Caribe', NULL, NULL, 40);
INSERT INTO "Address" ("id", "number", "street", "visitUnallowedAt", "visitedAt", "block_id") VALUES (735, '7', 'Mar do Caribe', NULL, NULL, 40);
INSERT INTO "Address" ("id", "number", "street", "visitUnallowedAt", "visitedAt", "block_id") VALUES (736, '88', 'Mar do Caribe', NULL, NULL, 40);
INSERT INTO "Address" ("id", "number", "street", "visitUnallowedAt", "visitedAt", "block_id") VALUES (737, '102', 'Mar do Caribe', NULL, NULL, 40);
INSERT INTO "Address" ("id", "number", "street", "visitUnallowedAt", "visitedAt", "block_id") VALUES (738, '130', 'Mar do Caribe', NULL, NULL, 40);
INSERT INTO "Address" ("id", "number", "street", "visitUnallowedAt", "visitedAt", "block_id") VALUES (739, '- ', 'Mar do Caribe', NULL, NULL, 40);
INSERT INTO "Address" ("id", "number", "street", "visitUnallowedAt", "visitedAt", "block_id") VALUES (740, '- ', 'Mar do Caribe', NULL, NULL, 40);
INSERT INTO "Address" ("id", "number", "street", "visitUnallowedAt", "visitedAt", "block_id") VALUES (741, '- ', 'Mar do Caribe', NULL, NULL, 40);
INSERT INTO "Block" ("id", "name", "territory_id") VALUES (41, 'I', 4);
INSERT INTO "Address" ("id", "number", "street", "visitUnallowedAt", "visitedAt", "block_id") VALUES (742, 'SN°1', 'Central Silveira', NULL, NULL, 41);
INSERT INTO "Address" ("id", "number", "street", "visitUnallowedAt", "visitedAt", "block_id") VALUES (743, 'SN°2', 'Central Silveira', NULL, NULL, 41);
INSERT INTO "Address" ("id", "number", "street", "visitUnallowedAt", "visitedAt", "block_id") VALUES (744, '657', 'Central Silveira', NULL, NULL, 41);
INSERT INTO "Address" ("id", "number", "street", "visitUnallowedAt", "visitedAt", "block_id") VALUES (745, '39', 'Mar Cáspio', NULL, NULL, 41);
INSERT INTO "Address" ("id", "number", "street", "visitUnallowedAt", "visitedAt", "block_id") VALUES (746, '49', 'Mar Cáspio', NULL, NULL, 41);
INSERT INTO "Address" ("id", "number", "street", "visitUnallowedAt", "visitedAt", "block_id") VALUES (747, 'SN°3', 'Mar Cáspio', NULL, NULL, 41);
INSERT INTO "Address" ("id", "number", "street", "visitUnallowedAt", "visitedAt", "block_id") VALUES (748, 'SN°4', 'Mar Cáspio', NULL, NULL, 41);
INSERT INTO "Address" ("id", "number", "street", "visitUnallowedAt", "visitedAt", "block_id") VALUES (749, '109', 'Mar Cáspio', NULL, NULL, 41);
INSERT INTO "Address" ("id", "number", "street", "visitUnallowedAt", "visitedAt", "block_id") VALUES (750, '97', 'Mar Cáspio', NULL, NULL, 41);
INSERT INTO "Address" ("id", "number", "street", "visitUnallowedAt", "visitedAt", "block_id") VALUES (751, 'SN°7-4', 'Mar Cáspio', NULL, NULL, 41);
INSERT INTO "Address" ("id", "number", "street", "visitUnallowedAt", "visitedAt", "block_id") VALUES (752, 'SN°7-3', 'Mar Cáspio', NULL, NULL, 41);
INSERT INTO "Address" ("id", "number", "street", "visitUnallowedAt", "visitedAt", "block_id") VALUES (753, 'SN°7-2', 'Mar Cáspio', NULL, NULL, 41);
INSERT INTO "Address" ("id", "number", "street", "visitUnallowedAt", "visitedAt", "block_id") VALUES (754, 'SN°7-1', 'Mar Cáspio', NULL, NULL, 41);
INSERT INTO "Address" ("id", "number", "street", "visitUnallowedAt", "visitedAt", "block_id") VALUES (755, '630', 'Tomaz A. Souza', NULL, NULL, 41);
INSERT INTO "Address" ("id", "number", "street", "visitUnallowedAt", "visitedAt", "block_id") VALUES (756, '120', 'Mal Báltico', NULL, NULL, 41);
INSERT INTO "Address" ("id", "number", "street", "visitUnallowedAt", "visitedAt", "block_id") VALUES (757, '118', 'Mal Báltico', NULL, NULL, 41);
INSERT INTO "Address" ("id", "number", "street", "visitUnallowedAt", "visitedAt", "block_id") VALUES (758, 'SN°3', 'Mal Báltico', NULL, NULL, 41);
INSERT INTO "Address" ("id", "number", "street", "visitUnallowedAt", "visitedAt", "block_id") VALUES (759, '78', 'Mal Báltico', NULL, NULL, 41);
INSERT INTO "Address" ("id", "number", "street", "visitUnallowedAt", "visitedAt", "block_id") VALUES (760, '59', 'Mal Báltico', NULL, NULL, 41);
INSERT INTO "Address" ("id", "number", "street", "visitUnallowedAt", "visitedAt", "block_id") VALUES (761, '123', 'Mal Báltico', NULL, NULL, 41);
INSERT INTO "Address" ("id", "number", "street", "visitUnallowedAt", "visitedAt", "block_id") VALUES (762, '38', 'Mal Báltico', NULL, NULL, 41);
INSERT INTO "Address" ("id", "number", "street", "visitUnallowedAt", "visitedAt", "block_id") VALUES (763, 'SN°8', 'Mal Báltico', NULL, NULL, 41);
INSERT INTO "Block" ("id", "name", "territory_id") VALUES (42, 'J', 4);
INSERT INTO "Address" ("id", "number", "street", "visitUnallowedAt", "visitedAt", "block_id") VALUES (764, '627', 'Central Silveira', NULL, NULL, 42);
INSERT INTO "Address" ("id", "number", "street", "visitUnallowedAt", "visitedAt", "block_id") VALUES (765, '703', 'Central Silveira', NULL, NULL, 42);
INSERT INTO "Address" ("id", "number", "street", "visitUnallowedAt", "visitedAt", "block_id") VALUES (766, 'SN°1', 'Mar Atlântico', NULL, NULL, 42);
INSERT INTO "Address" ("id", "number", "street", "visitUnallowedAt", "visitedAt", "block_id") VALUES (767, '37', 'Mar Atlântico', NULL, NULL, 42);
INSERT INTO "Address" ("id", "number", "street", "visitUnallowedAt", "visitedAt", "block_id") VALUES (768, '49', 'Mar Atlântico', NULL, NULL, 42);
INSERT INTO "Address" ("id", "number", "street", "visitUnallowedAt", "visitedAt", "block_id") VALUES (769, '61', 'Mar Atlântico', NULL, NULL, 42);
INSERT INTO "Address" ("id", "number", "street", "visitUnallowedAt", "visitedAt", "block_id") VALUES (770, '55', 'Mar Atlântico', NULL, NULL, 42);
INSERT INTO "Address" ("id", "number", "street", "visitUnallowedAt", "visitedAt", "block_id") VALUES (771, '58', 'Mar Atlântico', NULL, NULL, 42);
INSERT INTO "Address" ("id", "number", "street", "visitUnallowedAt", "visitedAt", "block_id") VALUES (772, 'SN°7', 'Mar Atlântico', NULL, NULL, 42);
INSERT INTO "Address" ("id", "number", "street", "visitUnallowedAt", "visitedAt", "block_id") VALUES (773, '141-4', 'Mar Atlântico', NULL, NULL, 42);
INSERT INTO "Address" ("id", "number", "street", "visitUnallowedAt", "visitedAt", "block_id") VALUES (774, '141-3', 'Mar Atlântico', NULL, NULL, 42);
INSERT INTO "Address" ("id", "number", "street", "visitUnallowedAt", "visitedAt", "block_id") VALUES (775, '141-2', 'Mar Atlântico', NULL, NULL, 42);
INSERT INTO "Address" ("id", "number", "street", "visitUnallowedAt", "visitedAt", "block_id") VALUES (776, '141-1', 'Mar Atlântico', NULL, NULL, 42);
INSERT INTO "Address" ("id", "number", "street", "visitUnallowedAt", "visitedAt", "block_id") VALUES (777, '681-2', 'Tomaz A. Souza', NULL, NULL, 42);
INSERT INTO "Address" ("id", "number", "street", "visitUnallowedAt", "visitedAt", "block_id") VALUES (778, '681-1', 'Tomaz A. Souza', NULL, NULL, 42);
INSERT INTO "Address" ("id", "number", "street", "visitUnallowedAt", "visitedAt", "block_id") VALUES (779, 'SN°1', 'Mar Cáspio', NULL, NULL, 42);
INSERT INTO "Address" ("id", "number", "street", "visitUnallowedAt", "visitedAt", "block_id") VALUES (780, '52', 'Mar Cáspio', NULL, NULL, 42);
INSERT INTO "Address" ("id", "number", "street", "visitUnallowedAt", "visitedAt", "block_id") VALUES (781, '64', 'Mar Cáspio', NULL, NULL, 42);
INSERT INTO "Address" ("id", "number", "street", "visitUnallowedAt", "visitedAt", "block_id") VALUES (782, 'SN°4', 'Mar Cáspio', NULL, NULL, 42);
INSERT INTO "Address" ("id", "number", "street", "visitUnallowedAt", "visitedAt", "block_id") VALUES (783, '88', 'Mar Cáspio', NULL, NULL, 42);
INSERT INTO "Address" ("id", "number", "street", "visitUnallowedAt", "visitedAt", "block_id") VALUES (784, '104', 'Mar Cáspio', NULL, NULL, 42);
INSERT INTO "Block" ("id", "name", "territory_id") VALUES (43, 'K', 4);
INSERT INTO "Address" ("id", "number", "street", "visitUnallowedAt", "visitedAt", "block_id") VALUES (785, '725', 'Central Silveira', NULL, NULL, 43);
INSERT INTO "Address" ("id", "number", "street", "visitUnallowedAt", "visitedAt", "block_id") VALUES (786, 'SN°2', 'Central Silveira', NULL, NULL, 43);
INSERT INTO "Address" ("id", "number", "street", "visitUnallowedAt", "visitedAt", "block_id") VALUES (787, '801', 'Central Silveira', NULL, NULL, 43);
INSERT INTO "Address" ("id", "number", "street", "visitUnallowedAt", "visitedAt", "block_id") VALUES (788, '2', 'Edson Ferreira de Souza', NULL, NULL, 43);
INSERT INTO "Address" ("id", "number", "street", "visitUnallowedAt", "visitedAt", "block_id") VALUES (789, '27', 'Edson Ferreira de Souza', NULL, NULL, 43);
INSERT INTO "Address" ("id", "number", "street", "visitUnallowedAt", "visitedAt", "block_id") VALUES (790, '55', 'Edson Ferreira de Souza', NULL, NULL, 43);
INSERT INTO "Address" ("id", "number", "street", "visitUnallowedAt", "visitedAt", "block_id") VALUES (791, '61', 'Edson Ferreira de Souza', NULL, NULL, 43);
INSERT INTO "Address" ("id", "number", "street", "visitUnallowedAt", "visitedAt", "block_id") VALUES (792, '75', 'Edson Ferreira de Souza', NULL, NULL, 43);
INSERT INTO "Address" ("id", "number", "street", "visitUnallowedAt", "visitedAt", "block_id") VALUES (793, '85', 'Edson Ferreira de Souza', NULL, NULL, 43);
INSERT INTO "Address" ("id", "number", "street", "visitUnallowedAt", "visitedAt", "block_id") VALUES (794, '99', 'Edson Ferreira de Souza', NULL, NULL, 43);
INSERT INTO "Address" ("id", "number", "street", "visitUnallowedAt", "visitedAt", "block_id") VALUES (795, '109-1', 'Edson Ferreira de Souza', NULL, NULL, 43);
INSERT INTO "Address" ("id", "number", "street", "visitUnallowedAt", "visitedAt", "block_id") VALUES (796, '109-2', 'Edson Ferreira de Souza', NULL, NULL, 43);
INSERT INTO "Address" ("id", "number", "street", "visitUnallowedAt", "visitedAt", "block_id") VALUES (797, 'SN°10', 'Edson Ferreira de Souza', NULL, NULL, 43);
INSERT INTO "Address" ("id", "number", "street", "visitUnallowedAt", "visitedAt", "block_id") VALUES (798, 'SN°1', 'Tomaz A. Souza', NULL, NULL, 43);
INSERT INTO "Address" ("id", "number", "street", "visitUnallowedAt", "visitedAt", "block_id") VALUES (799, 'SN°1', 'Mar Atlântico', NULL, NULL, 43);
INSERT INTO "Address" ("id", "number", "street", "visitUnallowedAt", "visitedAt", "block_id") VALUES (800, 'SN°2', 'Mar Atlântico', NULL, NULL, 43);
INSERT INTO "Address" ("id", "number", "street", "visitUnallowedAt", "visitedAt", "block_id") VALUES (801, 'SN°3', 'Mar Atlântico', NULL, NULL, 43);
INSERT INTO "Address" ("id", "number", "street", "visitUnallowedAt", "visitedAt", "block_id") VALUES (802, 'SN°4', 'Mar Atlântico', NULL, NULL, 43);
INSERT INTO "Address" ("id", "number", "street", "visitUnallowedAt", "visitedAt", "block_id") VALUES (803, 'SN°5', 'Mar Atlântico', NULL, NULL, 43);
INSERT INTO "Address" ("id", "number", "street", "visitUnallowedAt", "visitedAt", "block_id") VALUES (804, '36', 'Mar Atlântico', NULL, NULL, 43);
INSERT INTO "Block" ("id", "name", "territory_id") VALUES (44, 'L', 4);
INSERT INTO "Address" ("id", "number", "street", "visitUnallowedAt", "visitedAt", "block_id") VALUES (805, '35', 'Hélio Duarte', NULL, NULL, 44);
INSERT INTO "Address" ("id", "number", "street", "visitUnallowedAt", "visitedAt", "block_id") VALUES (806, '35-2', 'Hélio Duarte', NULL, NULL, 44);
INSERT INTO "Address" ("id", "number", "street", "visitUnallowedAt", "visitedAt", "block_id") VALUES (807, '101', 'Hélio Duarte', NULL, NULL, 44);
INSERT INTO "Address" ("id", "number", "street", "visitUnallowedAt", "visitedAt", "block_id") VALUES (808, '47', 'Hélio Duarte', NULL, NULL, 44);
INSERT INTO "Address" ("id", "number", "street", "visitUnallowedAt", "visitedAt", "block_id") VALUES (809, '69', 'Hélio Duarte', NULL, NULL, 44);
INSERT INTO "Address" ("id", "number", "street", "visitUnallowedAt", "visitedAt", "block_id") VALUES (810, '85', 'Hélio Duarte', NULL, NULL, 44);
INSERT INTO "Address" ("id", "number", "street", "visitUnallowedAt", "visitedAt", "block_id") VALUES (811, '795', 'Tomaz A. Souza', NULL, NULL, 44);
INSERT INTO "Address" ("id", "number", "street", "visitUnallowedAt", "visitedAt", "block_id") VALUES (812, '757', 'Tomaz A. Souza', NULL, NULL, 44);
INSERT INTO "Address" ("id", "number", "street", "visitUnallowedAt", "visitedAt", "block_id") VALUES (813, '769', 'Tomaz A. Souza', NULL, NULL, 44);
INSERT INTO "Address" ("id", "number", "street", "visitUnallowedAt", "visitedAt", "block_id") VALUES (814, '781', 'Tomaz A. Souza', NULL, NULL, 44);
INSERT INTO "Address" ("id", "number", "street", "visitUnallowedAt", "visitedAt", "block_id") VALUES (815, '796', 'Tomaz A. Souza', NULL, NULL, 44);
INSERT INTO "Address" ("id", "number", "street", "visitUnallowedAt", "visitedAt", "block_id") VALUES (816, '98', 'Edson F. de Souza', NULL, NULL, 44);
INSERT INTO "Address" ("id", "number", "street", "visitUnallowedAt", "visitedAt", "block_id") VALUES (817, '100', 'Edson F. de Souza', NULL, NULL, 44);
INSERT INTO "Block" ("id", "name", "territory_id") VALUES (45, 'M', 4);
INSERT INTO "Address" ("id", "number", "street", "visitUnallowedAt", "visitedAt", "block_id") VALUES (818, 'SN°1', 'Central', NULL, NULL, 45);
INSERT INTO "Address" ("id", "number", "street", "visitUnallowedAt", "visitedAt", "block_id") VALUES (819, '819', 'Central', NULL, NULL, 45);
INSERT INTO "Address" ("id", "number", "street", "visitUnallowedAt", "visitedAt", "block_id") VALUES (820, 'SN°3', 'Central', NULL, NULL, 45);
INSERT INTO "Address" ("id", "number", "street", "visitUnallowedAt", "visitedAt", "block_id") VALUES (821, '862', 'Central', NULL, NULL, 45);
INSERT INTO "Address" ("id", "number", "street", "visitUnallowedAt", "visitedAt", "block_id") VALUES (822, '911', 'Central', NULL, NULL, 45);
INSERT INTO "Address" ("id", "number", "street", "visitUnallowedAt", "visitedAt", "block_id") VALUES (823, '891', 'Central', NULL, NULL, 45);
INSERT INTO "Address" ("id", "number", "street", "visitUnallowedAt", "visitedAt", "block_id") VALUES (824, '879', 'Central', NULL, NULL, 45);
INSERT INTO "Address" ("id", "number", "street", "visitUnallowedAt", "visitedAt", "block_id") VALUES (825, '903', 'Central', NULL, NULL, 45);
INSERT INTO "Address" ("id", "number", "street", "visitUnallowedAt", "visitedAt", "block_id") VALUES (826, '165', 'Central', NULL, NULL, 45);
INSERT INTO "Address" ("id", "number", "street", "visitUnallowedAt", "visitedAt", "block_id") VALUES (827, 'SN°10', 'Central', NULL, NULL, 45);
INSERT INTO "Address" ("id", "number", "street", "visitUnallowedAt", "visitedAt", "block_id") VALUES (828, 'SN°11', 'Central', NULL, NULL, 45);
INSERT INTO "Address" ("id", "number", "street", "visitUnallowedAt", "visitedAt", "block_id") VALUES (829, '951', 'Central', NULL, NULL, 45);
INSERT INTO "Address" ("id", "number", "street", "visitUnallowedAt", "visitedAt", "block_id") VALUES (830, '868', 'Tomaz A. Souza', NULL, NULL, 45);
INSERT INTO "Address" ("id", "number", "street", "visitUnallowedAt", "visitedAt", "block_id") VALUES (831, 'SN°2', 'Tomaz A. Souza', NULL, NULL, 45);
INSERT INTO "Address" ("id", "number", "street", "visitUnallowedAt", "visitedAt", "block_id") VALUES (832, '868-1', 'Tomaz A. Souza', NULL, NULL, 45);
INSERT INTO "Address" ("id", "number", "street", "visitUnallowedAt", "visitedAt", "block_id") VALUES (833, '878', 'Tomaz A. Souza', NULL, NULL, 45);
INSERT INTO "Address" ("id", "number", "street", "visitUnallowedAt", "visitedAt", "block_id") VALUES (834, 'SN°5', 'Tomaz A. Souza', NULL, NULL, 45);
INSERT INTO "Address" ("id", "number", "street", "visitUnallowedAt", "visitedAt", "block_id") VALUES (835, '38', 'Hélio Duarte', NULL, NULL, 45);
INSERT INTO "Address" ("id", "number", "street", "visitUnallowedAt", "visitedAt", "block_id") VALUES (836, '102', 'Hélio Duarte', NULL, NULL, 45);
INSERT INTO "Address" ("id", "number", "street", "visitUnallowedAt", "visitedAt", "block_id") VALUES (837, 'SN°3', 'Hélio Duarte', NULL, NULL, 45);
INSERT INTO "Address" ("id", "number", "street", "visitUnallowedAt", "visitedAt", "block_id") VALUES (838, '62', 'Hélio Duarte', NULL, NULL, 45);
INSERT INTO "Address" ("id", "number", "street", "visitUnallowedAt", "visitedAt", "block_id") VALUES (839, 'SN°5', 'Hélio Duarte', NULL, NULL, 45);
INSERT INTO "Address" ("id", "number", "street", "visitUnallowedAt", "visitedAt", "block_id") VALUES (840, '86', 'Hélio Duarte', NULL, NULL, 45);
INSERT INTO "Address" ("id", "number", "street", "visitUnallowedAt", "visitedAt", "block_id") VALUES (841, '98', 'Hélio Duarte', NULL, NULL, 45);
INSERT INTO "Address" ("id", "number", "street", "visitUnallowedAt", "visitedAt", "block_id") VALUES (842, '112', 'Hélio Duarte', NULL, NULL, 45);
INSERT INTO "Address" ("id", "number", "street", "visitUnallowedAt", "visitedAt", "block_id") VALUES (843, '122', 'Hélio Duarte', NULL, NULL, 45);
INSERT INTO "Address" ("id", "number", "street", "visitUnallowedAt", "visitedAt", "block_id") VALUES (844, '126', 'Hélio Duarte', NULL, NULL, 45);
INSERT INTO "Block" ("id", "name", "territory_id") VALUES (46, 'N', 4);
INSERT INTO "Address" ("id", "number", "street", "visitUnallowedAt", "visitedAt", "block_id") VALUES (845, 'SN°1', 'Mar Meridional', NULL, NULL, 46);
INSERT INTO "Block" ("id", "name", "territory_id") VALUES (47, 'O', 4);
INSERT INTO "Address" ("id", "number", "street", "visitUnallowedAt", "visitedAt", "block_id") VALUES (846, 'SN°1', 'Baia de Biscaia', NULL, NULL, 47);
INSERT INTO "Block" ("id", "name", "territory_id") VALUES (48, 'P', 4);
INSERT INTO "Address" ("id", "number", "street", "visitUnallowedAt", "visitedAt", "block_id") VALUES (847, '507', 'Tomaz A. Souza', NULL, NULL, 48);
INSERT INTO "Address" ("id", "number", "street", "visitUnallowedAt", "visitedAt", "block_id") VALUES (848, '519', 'Tomaz A. Souza', NULL, NULL, 48);
INSERT INTO "Address" ("id", "number", "street", "visitUnallowedAt", "visitedAt", "block_id") VALUES (849, '185', 'Mar do Caribe', NULL, NULL, 48);
INSERT INTO "Address" ("id", "number", "street", "visitUnallowedAt", "visitedAt", "block_id") VALUES (850, '203', 'Mar do Caribe', NULL, NULL, 48);
INSERT INTO "Address" ("id", "number", "street", "visitUnallowedAt", "visitedAt", "block_id") VALUES (851, '215', 'Mar do Caribe', NULL, NULL, 48);
INSERT INTO "Address" ("id", "number", "street", "visitUnallowedAt", "visitedAt", "block_id") VALUES (852, 'SN°4', 'Mar do Caribe', NULL, NULL, 48);
INSERT INTO "Address" ("id", "number", "street", "visitUnallowedAt", "visitedAt", "block_id") VALUES (853, '249', 'Mar do Caribe', NULL, NULL, 48);
INSERT INTO "Block" ("id", "name", "territory_id") VALUES (49, 'Q', 4);
INSERT INTO "Address" ("id", "number", "street", "visitUnallowedAt", "visitedAt", "block_id") VALUES (854, 'SN°1', 'Mar do Caribe', NULL, NULL, 49);
INSERT INTO "Address" ("id", "number", "street", "visitUnallowedAt", "visitedAt", "block_id") VALUES (855, 'SN°2-2', 'Mar do Caribe', NULL, NULL, 49);
INSERT INTO "Address" ("id", "number", "street", "visitUnallowedAt", "visitedAt", "block_id") VALUES (856, 'SN°2-1', 'Mar do Caribe', NULL, NULL, 49);
INSERT INTO "Address" ("id", "number", "street", "visitUnallowedAt", "visitedAt", "block_id") VALUES (857, '212-2', 'Mar do Caribe', NULL, NULL, 49);
INSERT INTO "Address" ("id", "number", "street", "visitUnallowedAt", "visitedAt", "block_id") VALUES (858, '212-1', 'Mar do Caribe', NULL, NULL, 49);
INSERT INTO "Address" ("id", "number", "street", "visitUnallowedAt", "visitedAt", "block_id") VALUES (859, '226', 'Mar do Caribe', NULL, NULL, 49);
INSERT INTO "Address" ("id", "number", "street", "visitUnallowedAt", "visitedAt", "block_id") VALUES (860, 'SN°1-1', 'Mar Báltico', NULL, NULL, 49);
INSERT INTO "Address" ("id", "number", "street", "visitUnallowedAt", "visitedAt", "block_id") VALUES (861, 'SN°1-2', 'Mar Báltico', NULL, NULL, 49);
INSERT INTO "Address" ("id", "number", "street", "visitUnallowedAt", "visitedAt", "block_id") VALUES (862, '193', 'Mar Báltico', NULL, NULL, 49);
INSERT INTO "Address" ("id", "number", "street", "visitUnallowedAt", "visitedAt", "block_id") VALUES (863, 'SN°3', 'Mar Báltico', NULL, NULL, 49);
INSERT INTO "Address" ("id", "number", "street", "visitUnallowedAt", "visitedAt", "block_id") VALUES (864, '225-1', 'Mar Báltico', NULL, NULL, 49);
INSERT INTO "Address" ("id", "number", "street", "visitUnallowedAt", "visitedAt", "block_id") VALUES (865, '225-2', 'Mar Báltico', NULL, NULL, 49);
INSERT INTO "Block" ("id", "name", "territory_id") VALUES (50, 'R', 4);
INSERT INTO "Address" ("id", "number", "street", "visitUnallowedAt", "visitedAt", "block_id") VALUES (866, 'SN°1', 'Tomaz A. Souza', NULL, NULL, 50);
INSERT INTO "Address" ("id", "number", "street", "visitUnallowedAt", "visitedAt", "block_id") VALUES (867, 'SN°2', 'Tomaz A. Souza', NULL, NULL, 50);
INSERT INTO "Address" ("id", "number", "street", "visitUnallowedAt", "visitedAt", "block_id") VALUES (868, '171-1', 'Mal Báltico', NULL, NULL, 50);
INSERT INTO "Address" ("id", "number", "street", "visitUnallowedAt", "visitedAt", "block_id") VALUES (869, '171-2', 'Mal Báltico', NULL, NULL, 50);
INSERT INTO "Address" ("id", "number", "street", "visitUnallowedAt", "visitedAt", "block_id") VALUES (870, '200', 'Mal Báltico', NULL, NULL, 50);
INSERT INTO "Address" ("id", "number", "street", "visitUnallowedAt", "visitedAt", "block_id") VALUES (871, 'SN°1', 'Mar Cáspio', NULL, NULL, 50);
INSERT INTO "Address" ("id", "number", "street", "visitUnallowedAt", "visitedAt", "block_id") VALUES (872, 'SN°2', 'Mar Cáspio', NULL, NULL, 50);
INSERT INTO "Block" ("id", "name", "territory_id") VALUES (51, 'S', 4);
INSERT INTO "Address" ("id", "number", "street", "visitUnallowedAt", "visitedAt", "block_id") VALUES (873, '168-2', 'Tomaz A. Souza', NULL, NULL, 51);
INSERT INTO "Address" ("id", "number", "street", "visitUnallowedAt", "visitedAt", "block_id") VALUES (874, '168-1', 'Tomaz A. Souza', NULL, NULL, 51);
INSERT INTO "Address" ("id", "number", "street", "visitUnallowedAt", "visitedAt", "block_id") VALUES (875, '170-1', 'Tomaz A. Souza', NULL, NULL, 51);
INSERT INTO "Address" ("id", "number", "street", "visitUnallowedAt", "visitedAt", "block_id") VALUES (876, '170-2', 'Tomaz A. Souza', NULL, NULL, 51);
INSERT INTO "Address" ("id", "number", "street", "visitUnallowedAt", "visitedAt", "block_id") VALUES (877, 'SN°1-1', 'Mar Cáspio', NULL, NULL, 51);
INSERT INTO "Address" ("id", "number", "street", "visitUnallowedAt", "visitedAt", "block_id") VALUES (878, 'SN°1-2', 'Mar Cáspio', NULL, NULL, 51);
INSERT INTO "Address" ("id", "number", "street", "visitUnallowedAt", "visitedAt", "block_id") VALUES (879, 'SN°1-3', 'Mar Cáspio', NULL, NULL, 51);
INSERT INTO "Address" ("id", "number", "street", "visitUnallowedAt", "visitedAt", "block_id") VALUES (880, '202', 'Mar Cáspio', NULL, NULL, 51);
INSERT INTO "Address" ("id", "number", "street", "visitUnallowedAt", "visitedAt", "block_id") VALUES (881, '216', 'Mar Cáspio', NULL, NULL, 51);
INSERT INTO "Address" ("id", "number", "street", "visitUnallowedAt", "visitedAt", "block_id") VALUES (882, 'SN°1', 'Mar Atlântico', NULL, NULL, 51);
INSERT INTO "Address" ("id", "number", "street", "visitUnallowedAt", "visitedAt", "block_id") VALUES (883, 'SN°2', 'Mar Atlântico', NULL, NULL, 51);
INSERT INTO "Block" ("id", "name", "territory_id") VALUES (52, 'T', 4);
INSERT INTO "Address" ("id", "number", "street", "visitUnallowedAt", "visitedAt", "block_id") VALUES (884, '745', 'Tomaz Alcântara de  Souza', NULL, NULL, 52);
INSERT INTO "Address" ("id", "number", "street", "visitUnallowedAt", "visitedAt", "block_id") VALUES (885, '761', 'Tomaz Alcântara de  Souza', NULL, NULL, 52);
INSERT INTO "Address" ("id", "number", "street", "visitUnallowedAt", "visitedAt", "block_id") VALUES (886, '775', 'Tomaz Alcântara de  Souza', NULL, NULL, 52);
INSERT INTO "Address" ("id", "number", "street", "visitUnallowedAt", "visitedAt", "block_id") VALUES (887, '785', 'Tomaz Alcântara de  Souza', NULL, NULL, 52);
INSERT INTO "Address" ("id", "number", "street", "visitUnallowedAt", "visitedAt", "block_id") VALUES (888, '737', 'Tomaz Alcântara de  Souza', NULL, NULL, 52);
INSERT INTO "Address" ("id", "number", "street", "visitUnallowedAt", "visitedAt", "block_id") VALUES (889, '749', 'Tomaz Alcântara de  Souza', NULL, NULL, 52);
INSERT INTO "Address" ("id", "number", "street", "visitUnallowedAt", "visitedAt", "block_id") VALUES (890, '765-A', 'Tomaz Alcântara de  Souza', NULL, NULL, 52);
INSERT INTO "Address" ("id", "number", "street", "visitUnallowedAt", "visitedAt", "block_id") VALUES (891, '765-B', 'Tomaz Alcântara de  Souza', NULL, NULL, 52);
INSERT INTO "Address" ("id", "number", "street", "visitUnallowedAt", "visitedAt", "block_id") VALUES (892, '835', 'Tomaz Alcântara de  Souza', NULL, NULL, 52);
INSERT INTO "Address" ("id", "number", "street", "visitUnallowedAt", "visitedAt", "block_id") VALUES (893, '789', 'Tomaz Alcântara de  Souza', NULL, NULL, 52);
INSERT INTO "Address" ("id", "number", "street", "visitUnallowedAt", "visitedAt", "block_id") VALUES (894, '801-B', 'Tomaz Alcântara de  Souza', NULL, NULL, 52);
INSERT INTO "Address" ("id", "number", "street", "visitUnallowedAt", "visitedAt", "block_id") VALUES (895, '801-A', 'Tomaz Alcântara de  Souza', NULL, NULL, 52);
INSERT INTO "Address" ("id", "number", "street", "visitUnallowedAt", "visitedAt", "block_id") VALUES (896, '813', 'Tomaz Alcântara de  Souza', NULL, NULL, 52);
INSERT INTO "Address" ("id", "number", "street", "visitUnallowedAt", "visitedAt", "block_id") VALUES (897, '825', 'Tomaz Alcântara de  Souza', NULL, NULL, 52);
INSERT INTO "Address" ("id", "number", "street", "visitUnallowedAt", "visitedAt", "block_id") VALUES (898, '907', 'Tomaz Alcântara de  Souza', NULL, NULL, 52);
INSERT INTO "Address" ("id", "number", "street", "visitUnallowedAt", "visitedAt", "block_id") VALUES (899, '873', 'Tomaz Alcântara de  Souza', NULL, NULL, 52);
INSERT INTO "Address" ("id", "number", "street", "visitUnallowedAt", "visitedAt", "block_id") VALUES (900, '885', 'Tomaz Alcântara de  Souza', NULL, NULL, 52);
INSERT INTO "Territory" ("id", "mapImageUrl", "name", "number", "warningMessage") VALUES (5, '', 'Alto Feliz', '5', '');
INSERT INTO "Block" ("id", "name", "territory_id") VALUES (53, 'A', 5);
INSERT INTO "Address" ("id", "number", "street", "visitUnallowedAt", "visitedAt", "block_id") VALUES (901, '48', 'José Hespanhol', NULL, NULL, 53);
INSERT INTO "Address" ("id", "number", "street", "visitUnallowedAt", "visitedAt", "block_id") VALUES (902, '49', 'José Hespanhol', NULL, NULL, 53);
INSERT INTO "Address" ("id", "number", "street", "visitUnallowedAt", "visitedAt", "block_id") VALUES (903, '742', 'José Hespanhol', NULL, NULL, 53);
INSERT INTO "Address" ("id", "number", "street", "visitUnallowedAt", "visitedAt", "block_id") VALUES (904, '94', 'José Hespanhol', NULL, NULL, 53);
INSERT INTO "Address" ("id", "number", "street", "visitUnallowedAt", "visitedAt", "block_id") VALUES (905, '92', 'José Hespanhol', NULL, NULL, 53);
INSERT INTO "Address" ("id", "number", "street", "visitUnallowedAt", "visitedAt", "block_id") VALUES (906, '90', 'José Hespanhol', NULL, NULL, 53);
INSERT INTO "Address" ("id", "number", "street", "visitUnallowedAt", "visitedAt", "block_id") VALUES (907, '138', 'José Hespanhol', NULL, NULL, 53);
INSERT INTO "Address" ("id", "number", "street", "visitUnallowedAt", "visitedAt", "block_id") VALUES (908, '122', 'José Hespanhol', NULL, NULL, 53);
INSERT INTO "Address" ("id", "number", "street", "visitUnallowedAt", "visitedAt", "block_id") VALUES (909, '579', 'Antônio José Scheffer', NULL, NULL, 53);
INSERT INTO "Address" ("id", "number", "street", "visitUnallowedAt", "visitedAt", "block_id") VALUES (910, '579', 'Antônio José Scheffer', NULL, NULL, 53);
INSERT INTO "Address" ("id", "number", "street", "visitUnallowedAt", "visitedAt", "block_id") VALUES (911, '540', 'Antônio José Scheffer', NULL, NULL, 53);
INSERT INTO "Address" ("id", "number", "street", "visitUnallowedAt", "visitedAt", "block_id") VALUES (912, '501', 'Pedro Inácio dos Santos', NULL, NULL, 53);
INSERT INTO "Address" ("id", "number", "street", "visitUnallowedAt", "visitedAt", "block_id") VALUES (913, '683', 'Pedro Inácio dos Santos', NULL, NULL, 53);
INSERT INTO "Address" ("id", "number", "street", "visitUnallowedAt", "visitedAt", "block_id") VALUES (914, 'SN°1', 'Travessa Ipiranga', NULL, NULL, 53);
INSERT INTO "Address" ("id", "number", "street", "visitUnallowedAt", "visitedAt", "block_id") VALUES (915, '88', 'Travessa Ipiranga', NULL, NULL, 53);
INSERT INTO "Address" ("id", "number", "street", "visitUnallowedAt", "visitedAt", "block_id") VALUES (916, '694', 'Travessa Ipiranga', NULL, NULL, 53);
INSERT INTO "Address" ("id", "number", "street", "visitUnallowedAt", "visitedAt", "block_id") VALUES (917, '15', 'Travessa Ipiranga', NULL, NULL, 53);
INSERT INTO "Address" ("id", "number", "street", "visitUnallowedAt", "visitedAt", "block_id") VALUES (918, 'SN°5', 'Travessa Ipiranga', NULL, NULL, 53);
INSERT INTO "Address" ("id", "number", "street", "visitUnallowedAt", "visitedAt", "block_id") VALUES (919, 'SN°6', 'Travessa Ipiranga', NULL, NULL, 53);
INSERT INTO "Block" ("id", "name", "territory_id") VALUES (54, 'B', 5);
INSERT INTO "Address" ("id", "number", "street", "visitUnallowedAt", "visitedAt", "block_id") VALUES (920, 'SN°1', 'Travessa Ipiranga', NULL, NULL, 54);
INSERT INTO "Address" ("id", "number", "street", "visitUnallowedAt", "visitedAt", "block_id") VALUES (921, '88', 'Travessa Ipiranga', NULL, NULL, 54);
INSERT INTO "Address" ("id", "number", "street", "visitUnallowedAt", "visitedAt", "block_id") VALUES (922, '78', 'Travessa Ipiranga', NULL, NULL, 54);
INSERT INTO "Address" ("id", "number", "street", "visitUnallowedAt", "visitedAt", "block_id") VALUES (923, 'SN°4', 'Travessa Ipiranga', NULL, NULL, 54);
INSERT INTO "Address" ("id", "number", "street", "visitUnallowedAt", "visitedAt", "block_id") VALUES (924, 'SN°5', 'Travessa Ipiranga', NULL, NULL, 54);
INSERT INTO "Address" ("id", "number", "street", "visitUnallowedAt", "visitedAt", "block_id") VALUES (925, 'SN°6', 'Travessa Ipiranga', NULL, NULL, 54);
INSERT INTO "Address" ("id", "number", "street", "visitUnallowedAt", "visitedAt", "block_id") VALUES (926, '695', 'Travessa Ipiranga', NULL, NULL, 54);
INSERT INTO "Address" ("id", "number", "street", "visitUnallowedAt", "visitedAt", "block_id") VALUES (927, 'SN°8', 'Travessa Ipiranga', NULL, NULL, 54);
INSERT INTO "Address" ("id", "number", "street", "visitUnallowedAt", "visitedAt", "block_id") VALUES (928, '691', 'Travessa Ipiranga', NULL, NULL, 54);
INSERT INTO "Address" ("id", "number", "street", "visitUnallowedAt", "visitedAt", "block_id") VALUES (929, '703', 'Pedro Inácio dos Santos', NULL, NULL, 54);
INSERT INTO "Address" ("id", "number", "street", "visitUnallowedAt", "visitedAt", "block_id") VALUES (930, '681', 'Pedro Inácio dos Santos', NULL, NULL, 54);
INSERT INTO "Address" ("id", "number", "street", "visitUnallowedAt", "visitedAt", "block_id") VALUES (931, '763', 'Pedro Inácio dos Santos', NULL, NULL, 54);
INSERT INTO "Address" ("id", "number", "street", "visitUnallowedAt", "visitedAt", "block_id") VALUES (932, '753', 'Pedro Inácio dos Santos', NULL, NULL, 54);
INSERT INTO "Address" ("id", "number", "street", "visitUnallowedAt", "visitedAt", "block_id") VALUES (933, '741', 'José Almerindo Costa', NULL, NULL, 54);
INSERT INTO "Address" ("id", "number", "street", "visitUnallowedAt", "visitedAt", "block_id") VALUES (934, '788', 'José Almerindo Costa', NULL, NULL, 54);
INSERT INTO "Address" ("id", "number", "street", "visitUnallowedAt", "visitedAt", "block_id") VALUES (935, '52', 'José Almerindo Costa', NULL, NULL, 54);
INSERT INTO "Address" ("id", "number", "street", "visitUnallowedAt", "visitedAt", "block_id") VALUES (936, '780', 'Coronel João Fernandes', NULL, NULL, 54);
INSERT INTO "Address" ("id", "number", "street", "visitUnallowedAt", "visitedAt", "block_id") VALUES (937, '748', 'Coronel João Fernandes', NULL, NULL, 54);
INSERT INTO "Address" ("id", "number", "street", "visitUnallowedAt", "visitedAt", "block_id") VALUES (938, '738', 'Coronel João Fernandes', NULL, NULL, 54);
INSERT INTO "Address" ("id", "number", "street", "visitUnallowedAt", "visitedAt", "block_id") VALUES (939, '726', 'Coronel João Fernandes', NULL, NULL, 54);
INSERT INTO "Address" ("id", "number", "street", "visitUnallowedAt", "visitedAt", "block_id") VALUES (940, '716', 'Coronel João Fernandes', NULL, NULL, 54);
INSERT INTO "Address" ("id", "number", "street", "visitUnallowedAt", "visitedAt", "block_id") VALUES (941, '710', 'Coronel João Fernandes', NULL, NULL, 54);
INSERT INTO "Address" ("id", "number", "street", "visitUnallowedAt", "visitedAt", "block_id") VALUES (942, 'SN°', 'Coronel João Fernandes', NULL, NULL, 54);
INSERT INTO "Address" ("id", "number", "street", "visitUnallowedAt", "visitedAt", "block_id") VALUES (943, '686', 'Coronel João Fernandes', NULL, NULL, 54);
INSERT INTO "Address" ("id", "number", "street", "visitUnallowedAt", "visitedAt", "block_id") VALUES (944, '650', 'Coronel João Fernandes', NULL, NULL, 54);
INSERT INTO "Address" ("id", "number", "street", "visitUnallowedAt", "visitedAt", "block_id") VALUES (945, 'SN°10-1', 'Coronel João Fernandes', NULL, NULL, 54);
INSERT INTO "Address" ("id", "number", "street", "visitUnallowedAt", "visitedAt", "block_id") VALUES (946, 'SN°10-2', 'Coronel João Fernandes', NULL, NULL, 54);
INSERT INTO "Address" ("id", "number", "street", "visitUnallowedAt", "visitedAt", "block_id") VALUES (947, 'SN°10-3', 'Coronel João Fernandes', NULL, NULL, 54);
INSERT INTO "Address" ("id", "number", "street", "visitUnallowedAt", "visitedAt", "block_id") VALUES (948, 'SN°10-4', 'Coronel João Fernandes', NULL, NULL, 54);
INSERT INTO "Block" ("id", "name", "territory_id") VALUES (55, 'C', 5);
INSERT INTO "Address" ("id", "number", "street", "visitUnallowedAt", "visitedAt", "block_id") VALUES (949, '805', 'Macário Elias Delfino ', NULL, NULL, 55);
INSERT INTO "Address" ("id", "number", "street", "visitUnallowedAt", "visitedAt", "block_id") VALUES (950, 'SN°2', 'Macário Elias Delfino ', NULL, NULL, 55);
INSERT INTO "Address" ("id", "number", "street", "visitUnallowedAt", "visitedAt", "block_id") VALUES (951, '790', 'Macário Elias Delfino ', NULL, NULL, 55);
INSERT INTO "Address" ("id", "number", "street", "visitUnallowedAt", "visitedAt", "block_id") VALUES (952, '789', 'Macário Elias Delfino ', NULL, NULL, 55);
INSERT INTO "Address" ("id", "number", "street", "visitUnallowedAt", "visitedAt", "block_id") VALUES (953, '801', 'Macário Elias Delfino ', NULL, NULL, 55);
INSERT INTO "Address" ("id", "number", "street", "visitUnallowedAt", "visitedAt", "block_id") VALUES (954, '1009', 'Macário Elias Delfino ', NULL, NULL, 55);
INSERT INTO "Address" ("id", "number", "street", "visitUnallowedAt", "visitedAt", "block_id") VALUES (955, '873', 'Macário Elias Delfino ', NULL, NULL, 55);
INSERT INTO "Address" ("id", "number", "street", "visitUnallowedAt", "visitedAt", "block_id") VALUES (956, '307', 'Macário Elias Delfino ', NULL, NULL, 55);
INSERT INTO "Address" ("id", "number", "street", "visitUnallowedAt", "visitedAt", "block_id") VALUES (957, '847', 'Macário Elias Delfino ', NULL, NULL, 55);
INSERT INTO "Address" ("id", "number", "street", "visitUnallowedAt", "visitedAt", "block_id") VALUES (958, '848', 'Macário Elias Delfino ', NULL, NULL, 55);
INSERT INTO "Address" ("id", "number", "street", "visitUnallowedAt", "visitedAt", "block_id") VALUES (959, '23', 'União', NULL, NULL, 55);
INSERT INTO "Address" ("id", "number", "street", "visitUnallowedAt", "visitedAt", "block_id") VALUES (960, 'SN°2', 'União', NULL, NULL, 55);
INSERT INTO "Address" ("id", "number", "street", "visitUnallowedAt", "visitedAt", "block_id") VALUES (961, '35', 'União', NULL, NULL, 55);
INSERT INTO "Address" ("id", "number", "street", "visitUnallowedAt", "visitedAt", "block_id") VALUES (962, 'SN°1', 'Manoel Balduíno Roldão', NULL, NULL, 55);
INSERT INTO "Address" ("id", "number", "street", "visitUnallowedAt", "visitedAt", "block_id") VALUES (963, '46', 'Manoel Balduíno Roldão', NULL, NULL, 55);
INSERT INTO "Address" ("id", "number", "street", "visitUnallowedAt", "visitedAt", "block_id") VALUES (964, '82', 'Manoel Balduíno Roldão', NULL, NULL, 55);
INSERT INTO "Address" ("id", "number", "street", "visitUnallowedAt", "visitedAt", "block_id") VALUES (965, '26', 'Manoel Balduíno Roldão', NULL, NULL, 55);
INSERT INTO "Address" ("id", "number", "street", "visitUnallowedAt", "visitedAt", "block_id") VALUES (966, '48', 'Manoel Balduíno Roldão', NULL, NULL, 55);
INSERT INTO "Address" ("id", "number", "street", "visitUnallowedAt", "visitedAt", "block_id") VALUES (967, '36', 'Manoel Balduíno Roldão', NULL, NULL, 55);
INSERT INTO "Address" ("id", "number", "street", "visitUnallowedAt", "visitedAt", "block_id") VALUES (968, 'SN°1', 'José Almerindo Costa', NULL, NULL, 55);
INSERT INTO "Address" ("id", "number", "street", "visitUnallowedAt", "visitedAt", "block_id") VALUES (969, 'SN°2', 'José Almerindo Costa', NULL, NULL, 55);
INSERT INTO "Block" ("id", "name", "territory_id") VALUES (56, 'D', 5);
INSERT INTO "Address" ("id", "number", "street", "visitUnallowedAt", "visitedAt", "block_id") VALUES (970, '995', 'Macário Elias Delfino', NULL, NULL, 56);
INSERT INTO "Address" ("id", "number", "street", "visitUnallowedAt", "visitedAt", "block_id") VALUES (971, 'SN°2', 'Macário Elias Delfino', NULL, NULL, 56);
INSERT INTO "Address" ("id", "number", "street", "visitUnallowedAt", "visitedAt", "block_id") VALUES (972, '909', 'Macário Elias Delfino', NULL, NULL, 56);
INSERT INTO "Address" ("id", "number", "street", "visitUnallowedAt", "visitedAt", "block_id") VALUES (973, '889', 'Macário Elias Delfino', NULL, NULL, 56);
INSERT INTO "Address" ("id", "number", "street", "visitUnallowedAt", "visitedAt", "block_id") VALUES (974, '23', 'Esperança', NULL, NULL, 56);
INSERT INTO "Address" ("id", "number", "street", "visitUnallowedAt", "visitedAt", "block_id") VALUES (975, '21', 'Esperança', NULL, NULL, 56);
INSERT INTO "Address" ("id", "number", "street", "visitUnallowedAt", "visitedAt", "block_id") VALUES (976, '90', 'Esperança', NULL, NULL, 56);
INSERT INTO "Address" ("id", "number", "street", "visitUnallowedAt", "visitedAt", "block_id") VALUES (977, '68', 'Manoel Balduíno Roldão', NULL, NULL, 56);
INSERT INTO "Address" ("id", "number", "street", "visitUnallowedAt", "visitedAt", "block_id") VALUES (978, '78', 'Manoel Balduíno Roldão', NULL, NULL, 56);
INSERT INTO "Address" ("id", "number", "street", "visitUnallowedAt", "visitedAt", "block_id") VALUES (979, '98', 'Manoel Balduíno Roldão', NULL, NULL, 56);
INSERT INTO "Address" ("id", "number", "street", "visitUnallowedAt", "visitedAt", "block_id") VALUES (980, '86', 'Manoel Balduíno Roldão', NULL, NULL, 56);
INSERT INTO "Address" ("id", "number", "street", "visitUnallowedAt", "visitedAt", "block_id") VALUES (981, 'SN°5', 'Manoel Balduíno Roldão', NULL, NULL, 56);
INSERT INTO "Address" ("id", "number", "street", "visitUnallowedAt", "visitedAt", "block_id") VALUES (982, '68', 'União', NULL, NULL, 56);
INSERT INTO "Block" ("id", "name", "territory_id") VALUES (57, 'E', 5);
INSERT INTO "Address" ("id", "number", "street", "visitUnallowedAt", "visitedAt", "block_id") VALUES (983, 'SN°1', 'Macário Elias Delfino', NULL, NULL, 57);
INSERT INTO "Address" ("id", "number", "street", "visitUnallowedAt", "visitedAt", "block_id") VALUES (984, '995', 'Macário Elias Delfino', NULL, NULL, 57);
INSERT INTO "Address" ("id", "number", "street", "visitUnallowedAt", "visitedAt", "block_id") VALUES (985, '1017', 'Macário Elias Delfino', NULL, NULL, 57);
INSERT INTO "Address" ("id", "number", "street", "visitUnallowedAt", "visitedAt", "block_id") VALUES (986, 'SN°1', 'Harmonia', NULL, NULL, 57);
INSERT INTO "Address" ("id", "number", "street", "visitUnallowedAt", "visitedAt", "block_id") VALUES (987, '89', 'Harmonia', NULL, NULL, 57);
INSERT INTO "Address" ("id", "number", "street", "visitUnallowedAt", "visitedAt", "block_id") VALUES (988, 'SN°3', 'Harmonia', NULL, NULL, 57);
INSERT INTO "Address" ("id", "number", "street", "visitUnallowedAt", "visitedAt", "block_id") VALUES (989, 'SN°4', 'Harmonia', NULL, NULL, 57);
INSERT INTO "Address" ("id", "number", "street", "visitUnallowedAt", "visitedAt", "block_id") VALUES (990, '39', 'Harmonia', NULL, NULL, 57);
INSERT INTO "Address" ("id", "number", "street", "visitUnallowedAt", "visitedAt", "block_id") VALUES (991, '82', 'Mar de Creta', NULL, NULL, 57);
INSERT INTO "Address" ("id", "number", "street", "visitUnallowedAt", "visitedAt", "block_id") VALUES (992, '107', 'Mar de Creta', NULL, NULL, 57);
INSERT INTO "Address" ("id", "number", "street", "visitUnallowedAt", "visitedAt", "block_id") VALUES (993, '16', 'Esperança', NULL, NULL, 57);
INSERT INTO "Address" ("id", "number", "street", "visitUnallowedAt", "visitedAt", "block_id") VALUES (994, '981-2', 'Esperança', NULL, NULL, 57);
INSERT INTO "Address" ("id", "number", "street", "visitUnallowedAt", "visitedAt", "block_id") VALUES (995, '981-1', 'Esperança', NULL, NULL, 57);
INSERT INTO "Address" ("id", "number", "street", "visitUnallowedAt", "visitedAt", "block_id") VALUES (996, '38', 'Esperança', NULL, NULL, 57);
INSERT INTO "Address" ("id", "number", "street", "visitUnallowedAt", "visitedAt", "block_id") VALUES (997, 'SN°5', 'Esperança', NULL, NULL, 57);
INSERT INTO "Address" ("id", "number", "street", "visitUnallowedAt", "visitedAt", "block_id") VALUES (998, '46', 'Esperança', NULL, NULL, 57);
INSERT INTO "Address" ("id", "number", "street", "visitUnallowedAt", "visitedAt", "block_id") VALUES (999, '58', 'Esperança', NULL, NULL, 57);
INSERT INTO "Block" ("id", "name", "territory_id") VALUES (58, 'F', 5);
INSERT INTO "Address" ("id", "number", "street", "visitUnallowedAt", "visitedAt", "block_id") VALUES (1000, 'SN°1', 'Macário Elias Delfino', NULL, NULL, 58);
INSERT INTO "Address" ("id", "number", "street", "visitUnallowedAt", "visitedAt", "block_id") VALUES (1001, '1051', 'Macário Elias Delfino', NULL, NULL, 58);
INSERT INTO "Address" ("id", "number", "street", "visitUnallowedAt", "visitedAt", "block_id") VALUES (1002, '97', 'Boa Vontade', NULL, NULL, 58);
INSERT INTO "Address" ("id", "number", "street", "visitUnallowedAt", "visitedAt", "block_id") VALUES (1003, '73', 'Boa Vontade', NULL, NULL, 58);
INSERT INTO "Address" ("id", "number", "street", "visitUnallowedAt", "visitedAt", "block_id") VALUES (1004, 'SN°3', 'Boa Vontade', NULL, NULL, 58);
INSERT INTO "Address" ("id", "number", "street", "visitUnallowedAt", "visitedAt", "block_id") VALUES (1005, 'SN°4', 'Boa Vontade', NULL, NULL, 58);
INSERT INTO "Address" ("id", "number", "street", "visitUnallowedAt", "visitedAt", "block_id") VALUES (1006, '59', 'Boa Vontade', NULL, NULL, 58);
INSERT INTO "Address" ("id", "number", "street", "visitUnallowedAt", "visitedAt", "block_id") VALUES (1007, '45', 'Boa Vontade', NULL, NULL, 58);
INSERT INTO "Address" ("id", "number", "street", "visitUnallowedAt", "visitedAt", "block_id") VALUES (1008, '13', 'Mar de Creta', NULL, NULL, 58);
INSERT INTO "Address" ("id", "number", "street", "visitUnallowedAt", "visitedAt", "block_id") VALUES (1009, '140', 'Mar de Creta', NULL, NULL, 58);
INSERT INTO "Address" ("id", "number", "street", "visitUnallowedAt", "visitedAt", "block_id") VALUES (1010, 'SN°3', 'Mar de Creta', NULL, NULL, 58);
INSERT INTO "Address" ("id", "number", "street", "visitUnallowedAt", "visitedAt", "block_id") VALUES (1011, '150', 'Mar de Creta', NULL, NULL, 58);
INSERT INTO "Address" ("id", "number", "street", "visitUnallowedAt", "visitedAt", "block_id") VALUES (1012, 'SN°1', 'Harmonia', NULL, NULL, 58);
INSERT INTO "Address" ("id", "number", "street", "visitUnallowedAt", "visitedAt", "block_id") VALUES (1013, '20', 'Harmonia', NULL, NULL, 58);
INSERT INTO "Address" ("id", "number", "street", "visitUnallowedAt", "visitedAt", "block_id") VALUES (1014, '30', 'Harmonia', NULL, NULL, 58);
INSERT INTO "Address" ("id", "number", "street", "visitUnallowedAt", "visitedAt", "block_id") VALUES (1015, '44', 'Harmonia', NULL, NULL, 58);
INSERT INTO "Address" ("id", "number", "street", "visitUnallowedAt", "visitedAt", "block_id") VALUES (1016, '56', 'Harmonia', NULL, NULL, 58);
INSERT INTO "Address" ("id", "number", "street", "visitUnallowedAt", "visitedAt", "block_id") VALUES (1017, '73', 'Harmonia', NULL, NULL, 58);
INSERT INTO "Address" ("id", "number", "street", "visitUnallowedAt", "visitedAt", "block_id") VALUES (1018, '88', 'Harmonia', NULL, NULL, 58);
INSERT INTO "Address" ("id", "number", "street", "visitUnallowedAt", "visitedAt", "block_id") VALUES (1019, '92', 'Harmonia', NULL, NULL, 58);
INSERT INTO "Address" ("id", "number", "street", "visitUnallowedAt", "visitedAt", "block_id") VALUES (1020, 'SN°9', 'Harmonia', NULL, NULL, 58);
INSERT INTO "Address" ("id", "number", "street", "visitUnallowedAt", "visitedAt", "block_id") VALUES (1021, 'SN°10', 'Harmonia', NULL, NULL, 58);
INSERT INTO "Block" ("id", "name", "territory_id") VALUES (59, 'G', 5);
INSERT INTO "Address" ("id", "number", "street", "visitUnallowedAt", "visitedAt", "block_id") VALUES (1022, 'SN°1', 'Boa Vontade', NULL, NULL, 59);
INSERT INTO "Address" ("id", "number", "street", "visitUnallowedAt", "visitedAt", "block_id") VALUES (1023, '211', 'Boa Vontade', NULL, NULL, 59);
INSERT INTO "Address" ("id", "number", "street", "visitUnallowedAt", "visitedAt", "block_id") VALUES (1024, 'SN°3', 'Boa Vontade', NULL, NULL, 59);
INSERT INTO "Address" ("id", "number", "street", "visitUnallowedAt", "visitedAt", "block_id") VALUES (1025, 'SN°4', 'Boa Vontade', NULL, NULL, 59);
INSERT INTO "Address" ("id", "number", "street", "visitUnallowedAt", "visitedAt", "block_id") VALUES (1026, '36', 'Boa Vontade', NULL, NULL, 59);
INSERT INTO "Address" ("id", "number", "street", "visitUnallowedAt", "visitedAt", "block_id") VALUES (1027, '30', 'Boa Vontade', NULL, NULL, 59);
INSERT INTO "Address" ("id", "number", "street", "visitUnallowedAt", "visitedAt", "block_id") VALUES (1028, '24', 'Boa Vontade', NULL, NULL, 59);
INSERT INTO "Address" ("id", "number", "street", "visitUnallowedAt", "visitedAt", "block_id") VALUES (1029, '20', 'Boa Vontade', NULL, NULL, 59);
INSERT INTO "Address" ("id", "number", "street", "visitUnallowedAt", "visitedAt", "block_id") VALUES (1030, '1087', 'Macário E. Delfino', NULL, NULL, 59);
INSERT INTO "Address" ("id", "number", "street", "visitUnallowedAt", "visitedAt", "block_id") VALUES (1031, 'SN°1', 'Fraternidade', NULL, NULL, 59);
INSERT INTO "Block" ("id", "name", "territory_id") VALUES (60, 'H', 5);
INSERT INTO "Address" ("id", "number", "street", "visitUnallowedAt", "visitedAt", "block_id") VALUES (1032, 'SN°1', 'Fraternidade', NULL, NULL, 60);
INSERT INTO "Address" ("id", "number", "street", "visitUnallowedAt", "visitedAt", "block_id") VALUES (1033, 'SN°2', 'Fraternidade', NULL, NULL, 60);
INSERT INTO "Address" ("id", "number", "street", "visitUnallowedAt", "visitedAt", "block_id") VALUES (1034, 'SN°3', 'Fraternidade', NULL, NULL, 60);
INSERT INTO "Address" ("id", "number", "street", "visitUnallowedAt", "visitedAt", "block_id") VALUES (1035, 'SN°4', 'Fraternidade', NULL, NULL, 60);
INSERT INTO "Address" ("id", "number", "street", "visitUnallowedAt", "visitedAt", "block_id") VALUES (1036, 'SN°5', 'Fraternidade', NULL, NULL, 60);
INSERT INTO "Address" ("id", "number", "street", "visitUnallowedAt", "visitedAt", "block_id") VALUES (1037, 'SN°1', 'Macário E. Delfino', NULL, NULL, 60);
INSERT INTO "Address" ("id", "number", "street", "visitUnallowedAt", "visitedAt", "block_id") VALUES (1038, '1131', 'Macário E. Delfino', NULL, NULL, 60);
INSERT INTO "Address" ("id", "number", "street", "visitUnallowedAt", "visitedAt", "block_id") VALUES (1039, 'SN°1', 'Da Paz', NULL, NULL, 60);
INSERT INTO "Address" ("id", "number", "street", "visitUnallowedAt", "visitedAt", "block_id") VALUES (1040, 'SN°2', 'Da Paz', NULL, NULL, 60);
INSERT INTO "Address" ("id", "number", "street", "visitUnallowedAt", "visitedAt", "block_id") VALUES (1041, '57', 'Da Paz', NULL, NULL, 60);
INSERT INTO "Address" ("id", "number", "street", "visitUnallowedAt", "visitedAt", "block_id") VALUES (1042, '55', 'Da Paz', NULL, NULL, 60);
INSERT INTO "Address" ("id", "number", "street", "visitUnallowedAt", "visitedAt", "block_id") VALUES (1043, 'SN°5', 'Da Paz', NULL, NULL, 60);
INSERT INTO "Block" ("id", "name", "territory_id") VALUES (61, 'I', 5);
INSERT INTO "Address" ("id", "number", "street", "visitUnallowedAt", "visitedAt", "block_id") VALUES (1044, 'SN°1', 'Da Paz', NULL, NULL, 61);
INSERT INTO "Address" ("id", "number", "street", "visitUnallowedAt", "visitedAt", "block_id") VALUES (1045, '64', 'Da Paz', NULL, NULL, 61);
INSERT INTO "Address" ("id", "number", "street", "visitUnallowedAt", "visitedAt", "block_id") VALUES (1046, '52', 'Da Paz', NULL, NULL, 61);
INSERT INTO "Address" ("id", "number", "street", "visitUnallowedAt", "visitedAt", "block_id") VALUES (1047, '36', 'Da Paz', NULL, NULL, 61);
INSERT INTO "Address" ("id", "number", "street", "visitUnallowedAt", "visitedAt", "block_id") VALUES (1048, 'SN°1', 'Macário E. Delfino', NULL, NULL, 61);
INSERT INTO "Address" ("id", "number", "street", "visitUnallowedAt", "visitedAt", "block_id") VALUES (1049, 'SN°2', 'Macário E. Delfino', NULL, NULL, 61);
INSERT INTO "Address" ("id", "number", "street", "visitUnallowedAt", "visitedAt", "block_id") VALUES (1050, '1237', 'Macário E. Delfino', NULL, NULL, 61);
INSERT INTO "Address" ("id", "number", "street", "visitUnallowedAt", "visitedAt", "block_id") VALUES (1051, '35', 'Felicidade', NULL, NULL, 61);
INSERT INTO "Address" ("id", "number", "street", "visitUnallowedAt", "visitedAt", "block_id") VALUES (1052, '50', 'Felicidade', NULL, NULL, 61);
INSERT INTO "Address" ("id", "number", "street", "visitUnallowedAt", "visitedAt", "block_id") VALUES (1053, 'SN°3', 'Felicidade', NULL, NULL, 61);
INSERT INTO "Address" ("id", "number", "street", "visitUnallowedAt", "visitedAt", "block_id") VALUES (1054, 'SN°4', 'Felicidade', NULL, NULL, 61);
INSERT INTO "Address" ("id", "number", "street", "visitUnallowedAt", "visitedAt", "block_id") VALUES (1055, '75', 'Felicidade', NULL, NULL, 61);
INSERT INTO "Block" ("id", "name", "territory_id") VALUES (62, 'J', 5);
INSERT INTO "Address" ("id", "number", "street", "visitUnallowedAt", "visitedAt", "block_id") VALUES (1056, '705', 'Felicidade', NULL, NULL, 62);
INSERT INTO "Address" ("id", "number", "street", "visitUnallowedAt", "visitedAt", "block_id") VALUES (1057, 'SN°2', 'Felicidade', NULL, NULL, 62);
INSERT INTO "Address" ("id", "number", "street", "visitUnallowedAt", "visitedAt", "block_id") VALUES (1058, '52', 'Felicidade', NULL, NULL, 62);
INSERT INTO "Address" ("id", "number", "street", "visitUnallowedAt", "visitedAt", "block_id") VALUES (1059, 'SN°4', 'Felicidade', NULL, NULL, 62);
INSERT INTO "Address" ("id", "number", "street", "visitUnallowedAt", "visitedAt", "block_id") VALUES (1060, 'SN°5', 'Felicidade', NULL, NULL, 62);
INSERT INTO "Address" ("id", "number", "street", "visitUnallowedAt", "visitedAt", "block_id") VALUES (1061, 'SN°1', 'Macário Elias Delfino', NULL, NULL, 62);
INSERT INTO "Address" ("id", "number", "street", "visitUnallowedAt", "visitedAt", "block_id") VALUES (1062, '1257', 'Macário Elias Delfino', NULL, NULL, 62);
INSERT INTO "Address" ("id", "number", "street", "visitUnallowedAt", "visitedAt", "block_id") VALUES (1063, 'SN°3', 'Macário Elias Delfino', NULL, NULL, 62);
INSERT INTO "Address" ("id", "number", "street", "visitUnallowedAt", "visitedAt", "block_id") VALUES (1064, 'SN°4', 'Macário Elias Delfino', NULL, NULL, 62);
INSERT INTO "Address" ("id", "number", "street", "visitUnallowedAt", "visitedAt", "block_id") VALUES (1065, 'SN°1', 'Serenidade', NULL, NULL, 62);
INSERT INTO "Address" ("id", "number", "street", "visitUnallowedAt", "visitedAt", "block_id") VALUES (1066, 'SN°2', 'Serenidade', NULL, NULL, 62);
INSERT INTO "Address" ("id", "number", "street", "visitUnallowedAt", "visitedAt", "block_id") VALUES (1067, 'SN°3', 'Serenidade', NULL, NULL, 62);
INSERT INTO "Address" ("id", "number", "street", "visitUnallowedAt", "visitedAt", "block_id") VALUES (1068, 'SN°4', 'Serenidade', NULL, NULL, 62);
INSERT INTO "Address" ("id", "number", "street", "visitUnallowedAt", "visitedAt", "block_id") VALUES (1069, 'SN°5', 'Serenidade', NULL, NULL, 62);
INSERT INTO "Block" ("id", "name", "territory_id") VALUES (63, 'K', 5);
INSERT INTO "Address" ("id", "number", "street", "visitUnallowedAt", "visitedAt", "block_id") VALUES (1070, 'SN°1', 'Serenidade', NULL, NULL, 63);
INSERT INTO "Address" ("id", "number", "street", "visitUnallowedAt", "visitedAt", "block_id") VALUES (1071, '66', 'Serenidade', NULL, NULL, 63);
INSERT INTO "Address" ("id", "number", "street", "visitUnallowedAt", "visitedAt", "block_id") VALUES (1072, 'SN°3', 'Serenidade', NULL, NULL, 63);
INSERT INTO "Address" ("id", "number", "street", "visitUnallowedAt", "visitedAt", "block_id") VALUES (1073, 'SN°4', 'Serenidade', NULL, NULL, 63);
INSERT INTO "Address" ("id", "number", "street", "visitUnallowedAt", "visitedAt", "block_id") VALUES (1074, '1283', 'Macário Elias Delfino', NULL, NULL, 63);
INSERT INTO "Address" ("id", "number", "street", "visitUnallowedAt", "visitedAt", "block_id") VALUES (1075, 'SN°2', 'Macário Elias Delfino', NULL, NULL, 63);
INSERT INTO "Address" ("id", "number", "street", "visitUnallowedAt", "visitedAt", "block_id") VALUES (1076, '37', 'Alegria', NULL, NULL, 63);
INSERT INTO "Address" ("id", "number", "street", "visitUnallowedAt", "visitedAt", "block_id") VALUES (1077, 'SN°2', 'Alegria', NULL, NULL, 63);
INSERT INTO "Address" ("id", "number", "street", "visitUnallowedAt", "visitedAt", "block_id") VALUES (1078, 'SN°3', 'Alegria', NULL, NULL, 63);
INSERT INTO "Address" ("id", "number", "street", "visitUnallowedAt", "visitedAt", "block_id") VALUES (1079, 'SN°4', 'Alegria', NULL, NULL, 63);
INSERT INTO "Address" ("id", "number", "street", "visitUnallowedAt", "visitedAt", "block_id") VALUES (1080, '67', 'Alegria', NULL, NULL, 63);
INSERT INTO "Address" ("id", "number", "street", "visitUnallowedAt", "visitedAt", "block_id") VALUES (1081, 'SN°6', 'Alegria', NULL, NULL, 63);
INSERT INTO "Block" ("id", "name", "territory_id") VALUES (64, 'L', 5);
INSERT INTO "Address" ("id", "number", "street", "visitUnallowedAt", "visitedAt", "block_id") VALUES (1082, '70', 'Alegria', NULL, NULL, 64);
INSERT INTO "Address" ("id", "number", "street", "visitUnallowedAt", "visitedAt", "block_id") VALUES (1083, '2', 'Alegria', NULL, NULL, 64);
INSERT INTO "Address" ("id", "number", "street", "visitUnallowedAt", "visitedAt", "block_id") VALUES (1084, '1', 'Alegria', NULL, NULL, 64);
INSERT INTO "Address" ("id", "number", "street", "visitUnallowedAt", "visitedAt", "block_id") VALUES (1085, 'SN°4', 'Alegria', NULL, NULL, 64);
INSERT INTO "Address" ("id", "number", "street", "visitUnallowedAt", "visitedAt", "block_id") VALUES (1086, '68', 'Alegria', NULL, NULL, 64);
INSERT INTO "Address" ("id", "number", "street", "visitUnallowedAt", "visitedAt", "block_id") VALUES (1087, 'SN°6', 'Alegria', NULL, NULL, 64);
INSERT INTO "Address" ("id", "number", "street", "visitUnallowedAt", "visitedAt", "block_id") VALUES (1088, 'SN°7', 'Alegria', NULL, NULL, 64);
INSERT INTO "Address" ("id", "number", "street", "visitUnallowedAt", "visitedAt", "block_id") VALUES (1089, 'SN°1', 'Macário Elias Delfino', NULL, NULL, 64);
INSERT INTO "Address" ("id", "number", "street", "visitUnallowedAt", "visitedAt", "block_id") VALUES (1090, 'SN°2', 'Macário Elias Delfino', NULL, NULL, 64);
INSERT INTO "Address" ("id", "number", "street", "visitUnallowedAt", "visitedAt", "block_id") VALUES (1091, 'SN°3', 'Macário Elias Delfino', NULL, NULL, 64);
INSERT INTO "Address" ("id", "number", "street", "visitUnallowedAt", "visitedAt", "block_id") VALUES (1092, 'SN°1', 'Amizade', NULL, NULL, 64);
INSERT INTO "Address" ("id", "number", "street", "visitUnallowedAt", "visitedAt", "block_id") VALUES (1093, '51', 'Amizade', NULL, NULL, 64);
INSERT INTO "Address" ("id", "number", "street", "visitUnallowedAt", "visitedAt", "block_id") VALUES (1094, 'SN°3', 'Amizade', NULL, NULL, 64);
INSERT INTO "Block" ("id", "name", "territory_id") VALUES (65, 'M', 5);
INSERT INTO "Address" ("id", "number", "street", "visitUnallowedAt", "visitedAt", "block_id") VALUES (1095, '1460', 'Macário Elias Delfino', NULL, NULL, 65);
INSERT INTO "Block" ("id", "name", "territory_id") VALUES (66, 'N', 5);
INSERT INTO "Address" ("id", "number", "street", "visitUnallowedAt", "visitedAt", "block_id") VALUES (1096, '631', 'Antônio José Scheffer', NULL, NULL, 66);
INSERT INTO "Address" ("id", "number", "street", "visitUnallowedAt", "visitedAt", "block_id") VALUES (1097, '645', 'Antônio José Scheffer', NULL, NULL, 66);
INSERT INTO "Address" ("id", "number", "street", "visitUnallowedAt", "visitedAt", "block_id") VALUES (1098, '655', 'Antônio José Scheffer', NULL, NULL, 66);
INSERT INTO "Address" ("id", "number", "street", "visitUnallowedAt", "visitedAt", "block_id") VALUES (1099, '683', 'Antônio José Scheffer', NULL, NULL, 66);
INSERT INTO "Address" ("id", "number", "street", "visitUnallowedAt", "visitedAt", "block_id") VALUES (1100, '701', 'Antônio José Scheffer', NULL, NULL, 66);
INSERT INTO "Address" ("id", "number", "street", "visitUnallowedAt", "visitedAt", "block_id") VALUES (1101, 'SN°6', 'Antônio José Scheffer', NULL, NULL, 66);
INSERT INTO "Address" ("id", "number", "street", "visitUnallowedAt", "visitedAt", "block_id") VALUES (1102, '9076', 'Antônio José Scheffer', NULL, NULL, 66);
INSERT INTO "Address" ("id", "number", "street", "visitUnallowedAt", "visitedAt", "block_id") VALUES (1103, 'SN°8', 'Antônio José Scheffer', NULL, NULL, 66);
INSERT INTO "Address" ("id", "number", "street", "visitUnallowedAt", "visitedAt", "block_id") VALUES (1104, '770', 'Pedro Inácio dos Santos', NULL, NULL, 66);
INSERT INTO "Address" ("id", "number", "street", "visitUnallowedAt", "visitedAt", "block_id") VALUES (1105, '762', 'Pedro Inácio dos Santos', NULL, NULL, 66);
INSERT INTO "Address" ("id", "number", "street", "visitUnallowedAt", "visitedAt", "block_id") VALUES (1106, '750', 'Pedro Inácio dos Santos', NULL, NULL, 66);
INSERT INTO "Address" ("id", "number", "street", "visitUnallowedAt", "visitedAt", "block_id") VALUES (1107, '740', 'Pedro Inácio dos Santos', NULL, NULL, 66);
INSERT INTO "Address" ("id", "number", "street", "visitUnallowedAt", "visitedAt", "block_id") VALUES (1108, '724', 'Pedro Inácio dos Santos', NULL, NULL, 66);
INSERT INTO "Address" ("id", "number", "street", "visitUnallowedAt", "visitedAt", "block_id") VALUES (1109, '714', 'Pedro Inácio dos Santos', NULL, NULL, 66);
INSERT INTO "Address" ("id", "number", "street", "visitUnallowedAt", "visitedAt", "block_id") VALUES (1110, 'SN°7', 'Pedro Inácio dos Santos', NULL, NULL, 66);
INSERT INTO "Address" ("id", "number", "street", "visitUnallowedAt", "visitedAt", "block_id") VALUES (1111, '722', 'Pedro Inácio dos Santos', NULL, NULL, 66);
INSERT INTO "Address" ("id", "number", "street", "visitUnallowedAt", "visitedAt", "block_id") VALUES (1112, '950', 'Macário Elias Delfino', NULL, NULL, 66);
INSERT INTO "Address" ("id", "number", "street", "visitUnallowedAt", "visitedAt", "block_id") VALUES (1113, '986', 'Macário Elias Delfino', NULL, NULL, 66);
INSERT INTO "Address" ("id", "number", "street", "visitUnallowedAt", "visitedAt", "block_id") VALUES (1114, '928', 'Macário Elias Delfino', NULL, NULL, 66);
INSERT INTO "Address" ("id", "number", "street", "visitUnallowedAt", "visitedAt", "block_id") VALUES (1115, '890', 'Macário Elias Delfino', NULL, NULL, 66);
INSERT INTO "Address" ("id", "number", "street", "visitUnallowedAt", "visitedAt", "block_id") VALUES (1116, '205', 'Macário Elias Delfino', NULL, NULL, 66);
INSERT INTO "Address" ("id", "number", "street", "visitUnallowedAt", "visitedAt", "block_id") VALUES (1117, 'SN°6', 'Macário Elias Delfino', NULL, NULL, 66);
INSERT INTO "Address" ("id", "number", "street", "visitUnallowedAt", "visitedAt", "block_id") VALUES (1118, 'SN°7', 'Macário Elias Delfino', NULL, NULL, 66);
INSERT INTO "Address" ("id", "number", "street", "visitUnallowedAt", "visitedAt", "block_id") VALUES (1119, '834', 'Macário Elias Delfino', NULL, NULL, 66);
INSERT INTO "Address" ("id", "number", "street", "visitUnallowedAt", "visitedAt", "block_id") VALUES (1120, '772', 'Macário Elias Delfino', NULL, NULL, 66);
INSERT INTO "Address" ("id", "number", "street", "visitUnallowedAt", "visitedAt", "block_id") VALUES (1121, 'SN°10', 'Macário Elias Delfino', NULL, NULL, 66);
INSERT INTO "Address" ("id", "number", "street", "visitUnallowedAt", "visitedAt", "block_id") VALUES (1122, '636', 'Macário Elias Delfino', NULL, NULL, 66);
INSERT INTO "Address" ("id", "number", "street", "visitUnallowedAt", "visitedAt", "block_id") VALUES (1123, '10', 'Beco Esperança', NULL, NULL, 66);
INSERT INTO "Address" ("id", "number", "street", "visitUnallowedAt", "visitedAt", "block_id") VALUES (1124, 'SN°2', 'Beco Esperança', NULL, NULL, 66);
INSERT INTO "Address" ("id", "number", "street", "visitUnallowedAt", "visitedAt", "block_id") VALUES (1125, '45', 'Beco Esperança', NULL, NULL, 66);
INSERT INTO "Address" ("id", "number", "street", "visitUnallowedAt", "visitedAt", "block_id") VALUES (1126, '43', 'Beco Esperança', NULL, NULL, 66);
INSERT INTO "Block" ("id", "name", "territory_id") VALUES (67, 'O', 5);
INSERT INTO "Address" ("id", "number", "street", "visitUnallowedAt", "visitedAt", "block_id") VALUES (1127, '1264', 'Macário Elias Delfino', NULL, NULL, 67);
INSERT INTO "Address" ("id", "number", "street", "visitUnallowedAt", "visitedAt", "block_id") VALUES (1128, '1254', 'Macário Elias Delfino', NULL, NULL, 67);
INSERT INTO "Address" ("id", "number", "street", "visitUnallowedAt", "visitedAt", "block_id") VALUES (1129, '455', 'Macário Elias Delfino', NULL, NULL, 67);
INSERT INTO "Address" ("id", "number", "street", "visitUnallowedAt", "visitedAt", "block_id") VALUES (1130, 'SN°4', 'Macário Elias Delfino', NULL, NULL, 67);
INSERT INTO "Address" ("id", "number", "street", "visitUnallowedAt", "visitedAt", "block_id") VALUES (1131, '1230', 'Macário Elias Delfino', NULL, NULL, 67);
INSERT INTO "Address" ("id", "number", "street", "visitUnallowedAt", "visitedAt", "block_id") VALUES (1132, 'SN°6', 'Macário Elias Delfino', NULL, NULL, 67);
INSERT INTO "Address" ("id", "number", "street", "visitUnallowedAt", "visitedAt", "block_id") VALUES (1133, '1184', 'Macário Elias Delfino', NULL, NULL, 67);
INSERT INTO "Address" ("id", "number", "street", "visitUnallowedAt", "visitedAt", "block_id") VALUES (1134, '1160', 'Macário Elias Delfino', NULL, NULL, 67);
INSERT INTO "Address" ("id", "number", "street", "visitUnallowedAt", "visitedAt", "block_id") VALUES (1135, '1173', 'Macário Elias Delfino', NULL, NULL, 67);
INSERT INTO "Address" ("id", "number", "street", "visitUnallowedAt", "visitedAt", "block_id") VALUES (1136, '1148', 'Macário Elias Delfino', NULL, NULL, 67);
INSERT INTO "Address" ("id", "number", "street", "visitUnallowedAt", "visitedAt", "block_id") VALUES (1137, 'SN°11', 'Macário Elias Delfino', NULL, NULL, 67);
INSERT INTO "Address" ("id", "number", "street", "visitUnallowedAt", "visitedAt", "block_id") VALUES (1138, 'SN°12', 'Macário Elias Delfino', NULL, NULL, 67);
INSERT INTO "Address" ("id", "number", "street", "visitUnallowedAt", "visitedAt", "block_id") VALUES (1139, '1160', 'Macário Elias Delfino', NULL, NULL, 67);
INSERT INTO "Address" ("id", "number", "street", "visitUnallowedAt", "visitedAt", "block_id") VALUES (1140, 'SN°14', 'Macário Elias Delfino', NULL, NULL, 67);
INSERT INTO "Address" ("id", "number", "street", "visitUnallowedAt", "visitedAt", "block_id") VALUES (1141, '1088', 'Macário Elias Delfino', NULL, NULL, 67);
INSERT INTO "Address" ("id", "number", "street", "visitUnallowedAt", "visitedAt", "block_id") VALUES (1142, 'SN°16', 'Macário Elias Delfino', NULL, NULL, 67);
INSERT INTO "Address" ("id", "number", "street", "visitUnallowedAt", "visitedAt", "block_id") VALUES (1143, 'SN°17', 'Macário Elias Delfino', NULL, NULL, 67);
INSERT INTO "Address" ("id", "number", "street", "visitUnallowedAt", "visitedAt", "block_id") VALUES (1144, 'SN°18', 'Macário Elias Delfino', NULL, NULL, 67);
INSERT INTO "Address" ("id", "number", "street", "visitUnallowedAt", "visitedAt", "block_id") VALUES (1145, '269', 'Macário Elias Delfino', NULL, NULL, 67);
INSERT INTO "Address" ("id", "number", "street", "visitUnallowedAt", "visitedAt", "block_id") VALUES (1146, 'SN°20', 'Macário Elias Delfino', NULL, NULL, 67);
INSERT INTO "Address" ("id", "number", "street", "visitUnallowedAt", "visitedAt", "block_id") VALUES (1147, '966', 'Macário Elias Delfino', NULL, NULL, 67);
INSERT INTO "Address" ("id", "number", "street", "visitUnallowedAt", "visitedAt", "block_id") VALUES (1148, 'SN°1', 'Beco Esperança', NULL, NULL, 67);
INSERT INTO "Address" ("id", "number", "street", "visitUnallowedAt", "visitedAt", "block_id") VALUES (1149, 'SN°2', 'Beco Esperança', NULL, NULL, 67);
INSERT INTO "Address" ("id", "number", "street", "visitUnallowedAt", "visitedAt", "block_id") VALUES (1150, '13', 'Beco Esperança', NULL, NULL, 67);
INSERT INTO "Address" ("id", "number", "street", "visitUnallowedAt", "visitedAt", "block_id") VALUES (1151, '12', 'Beco Esperança', NULL, NULL, 67);
INSERT INTO "Address" ("id", "number", "street", "visitUnallowedAt", "visitedAt", "block_id") VALUES (1152, 'SN°5', 'Beco Esperança', NULL, NULL, 67);
INSERT INTO "Address" ("id", "number", "street", "visitUnallowedAt", "visitedAt", "block_id") VALUES (1153, '43', 'Beco Esperança', NULL, NULL, 67);
INSERT INTO "Address" ("id", "number", "street", "visitUnallowedAt", "visitedAt", "block_id") VALUES (1154, '11', 'Beco Esperança', NULL, NULL, 67);
INSERT INTO "Address" ("id", "number", "street", "visitUnallowedAt", "visitedAt", "block_id") VALUES (1155, 'SN°8', 'Beco Esperança', NULL, NULL, 67);
INSERT INTO "Territory" ("id", "mapImageUrl", "name", "number", "warningMessage") VALUES (6, '', 'Barra Velha', '6', '');
INSERT INTO "Block" ("id", "name", "territory_id") VALUES (68, 'A', 6);
INSERT INTO "Address" ("id", "number", "street", "visitUnallowedAt", "visitedAt", "block_id") VALUES (1156, '1460', 'Macário Elias Delfino', NULL, NULL, 68);
INSERT INTO "Address" ("id", "number", "street", "visitUnallowedAt", "visitedAt", "block_id") VALUES (1157, '1052', 'Macário Elias Delfino', NULL, NULL, 68);
INSERT INTO "Address" ("id", "number", "street", "visitUnallowedAt", "visitedAt", "block_id") VALUES (1158, '1053', 'Macário Elias Delfino', NULL, NULL, 68);
INSERT INTO "Address" ("id", "number", "street", "visitUnallowedAt", "visitedAt", "block_id") VALUES (1159, 'SN°4', 'Macário Elias Delfino', NULL, NULL, 68);
INSERT INTO "Address" ("id", "number", "street", "visitUnallowedAt", "visitedAt", "block_id") VALUES (1160, '1058', 'Macário Elias Delfino', NULL, NULL, 68);
INSERT INTO "Address" ("id", "number", "street", "visitUnallowedAt", "visitedAt", "block_id") VALUES (1161, 'SN°6', 'Macário Elias Delfino', NULL, NULL, 68);
INSERT INTO "Address" ("id", "number", "street", "visitUnallowedAt", "visitedAt", "block_id") VALUES (1162, 'SN°7', 'Macário Elias Delfino', NULL, NULL, 68);
INSERT INTO "Address" ("id", "number", "street", "visitUnallowedAt", "visitedAt", "block_id") VALUES (1163, 'SN°8', 'Macário Elias Delfino', NULL, NULL, 68);
INSERT INTO "Address" ("id", "number", "street", "visitUnallowedAt", "visitedAt", "block_id") VALUES (1164, 'SN°9', 'Macário Elias Delfino', NULL, NULL, 68);
INSERT INTO "Address" ("id", "number", "street", "visitUnallowedAt", "visitedAt", "block_id") VALUES (1165, '1955', 'Macário Elias Delfino', NULL, NULL, 68);
INSERT INTO "Address" ("id", "number", "street", "visitUnallowedAt", "visitedAt", "block_id") VALUES (1166, 'SN°11', 'Macário Elias Delfino', NULL, NULL, 68);
INSERT INTO "Address" ("id", "number", "street", "visitUnallowedAt", "visitedAt", "block_id") VALUES (1167, 'SN°12', 'Macário Elias Delfino', NULL, NULL, 68);
INSERT INTO "Address" ("id", "number", "street", "visitUnallowedAt", "visitedAt", "block_id") VALUES (1168, 'SN°13', 'Macário Elias Delfino', NULL, NULL, 68);
INSERT INTO "Address" ("id", "number", "street", "visitUnallowedAt", "visitedAt", "block_id") VALUES (1169, '1987', 'Macário Elias Delfino', NULL, NULL, 68);
INSERT INTO "Address" ("id", "number", "street", "visitUnallowedAt", "visitedAt", "block_id") VALUES (1170, 'SN°15', 'Macário Elias Delfino', NULL, NULL, 68);
INSERT INTO "Address" ("id", "number", "street", "visitUnallowedAt", "visitedAt", "block_id") VALUES (1171, 'SN°16', 'Macário Elias Delfino', NULL, NULL, 68);
INSERT INTO "Address" ("id", "number", "street", "visitUnallowedAt", "visitedAt", "block_id") VALUES (1172, 'SN°17', 'Macário Elias Delfino', NULL, NULL, 68);
INSERT INTO "Address" ("id", "number", "street", "visitUnallowedAt", "visitedAt", "block_id") VALUES (1173, 'SN°18', 'Macário Elias Delfino', NULL, NULL, 68);
INSERT INTO "Address" ("id", "number", "street", "visitUnallowedAt", "visitedAt", "block_id") VALUES (1174, '2018', 'Macário Elias Delfino', NULL, NULL, 68);
INSERT INTO "Address" ("id", "number", "street", "visitUnallowedAt", "visitedAt", "block_id") VALUES (1175, '2177', 'Macário Elias Delfino', NULL, NULL, 68);
INSERT INTO "Address" ("id", "number", "street", "visitUnallowedAt", "visitedAt", "block_id") VALUES (1176, '2189', 'Macário Elias Delfino', NULL, NULL, 68);
INSERT INTO "Address" ("id", "number", "street", "visitUnallowedAt", "visitedAt", "block_id") VALUES (1177, '2093', 'Macário Elias Delfino', NULL, NULL, 68);
INSERT INTO "Address" ("id", "number", "street", "visitUnallowedAt", "visitedAt", "block_id") VALUES (1178, '13', 'Macário Elias Delfino', NULL, NULL, 68);
INSERT INTO "Address" ("id", "number", "street", "visitUnallowedAt", "visitedAt", "block_id") VALUES (1179, 'SN°1', 'Benta Ramos Cunha', NULL, NULL, 68);
INSERT INTO "Address" ("id", "number", "street", "visitUnallowedAt", "visitedAt", "block_id") VALUES (1180, 'SN°2', 'Benta Ramos Cunha', NULL, NULL, 68);
INSERT INTO "Address" ("id", "number", "street", "visitUnallowedAt", "visitedAt", "block_id") VALUES (1181, '196', 'Benta Ramos Cunha', NULL, NULL, 68);
INSERT INTO "Address" ("id", "number", "street", "visitUnallowedAt", "visitedAt", "block_id") VALUES (1182, 'SN°4', 'Benta Ramos Cunha', NULL, NULL, 68);
INSERT INTO "Address" ("id", "number", "street", "visitUnallowedAt", "visitedAt", "block_id") VALUES (1183, 'SN°5', 'Benta Ramos Cunha', NULL, NULL, 68);
INSERT INTO "Address" ("id", "number", "street", "visitUnallowedAt", "visitedAt", "block_id") VALUES (1184, 'SN°1', 'Luiza Florenso de Jesus', NULL, NULL, 68);
INSERT INTO "Address" ("id", "number", "street", "visitUnallowedAt", "visitedAt", "block_id") VALUES (1185, 'SN°2', 'Luiza Florenso de Jesus', NULL, NULL, 68);
INSERT INTO "Block" ("id", "name", "territory_id") VALUES (69, 'B', 6);
INSERT INTO "Address" ("id", "number", "street", "visitUnallowedAt", "visitedAt", "block_id") VALUES (1186, '135', 'Benta Ramos Cunha ', NULL, NULL, 69);
INSERT INTO "Address" ("id", "number", "street", "visitUnallowedAt", "visitedAt", "block_id") VALUES (1187, '20', 'Benta Ramos Cunha ', NULL, NULL, 69);
INSERT INTO "Address" ("id", "number", "street", "visitUnallowedAt", "visitedAt", "block_id") VALUES (1188, '91', 'Benta Ramos Cunha ', NULL, NULL, 69);
INSERT INTO "Address" ("id", "number", "street", "visitUnallowedAt", "visitedAt", "block_id") VALUES (1189, 'SN°4', 'Benta Ramos Cunha ', NULL, NULL, 69);
INSERT INTO "Address" ("id", "number", "street", "visitUnallowedAt", "visitedAt", "block_id") VALUES (1190, 'SN°5', 'Benta Ramos Cunha ', NULL, NULL, 69);
INSERT INTO "Address" ("id", "number", "street", "visitUnallowedAt", "visitedAt", "block_id") VALUES (1191, 'SN°6', 'Benta Ramos Cunha ', NULL, NULL, 69);
INSERT INTO "Address" ("id", "number", "street", "visitUnallowedAt", "visitedAt", "block_id") VALUES (1192, 'SN°7', 'Benta Ramos Cunha ', NULL, NULL, 69);
INSERT INTO "Address" ("id", "number", "street", "visitUnallowedAt", "visitedAt", "block_id") VALUES (1193, 'SN°8', 'Benta Ramos Cunha ', NULL, NULL, 69);
INSERT INTO "Address" ("id", "number", "street", "visitUnallowedAt", "visitedAt", "block_id") VALUES (1194, 'SN°9', 'Benta Ramos Cunha ', NULL, NULL, 69);
INSERT INTO "Address" ("id", "number", "street", "visitUnallowedAt", "visitedAt", "block_id") VALUES (1195, 'SN°10', 'Benta Ramos Cunha ', NULL, NULL, 69);
INSERT INTO "Address" ("id", "number", "street", "visitUnallowedAt", "visitedAt", "block_id") VALUES (1196, 'SN°11', 'Benta Ramos Cunha ', NULL, NULL, 69);
INSERT INTO "Address" ("id", "number", "street", "visitUnallowedAt", "visitedAt", "block_id") VALUES (1197, 'SN°12', 'Benta Ramos Cunha ', NULL, NULL, 69);
INSERT INTO "Address" ("id", "number", "street", "visitUnallowedAt", "visitedAt", "block_id") VALUES (1198, 'SN°13', 'Benta Ramos Cunha ', NULL, NULL, 69);
INSERT INTO "Address" ("id", "number", "street", "visitUnallowedAt", "visitedAt", "block_id") VALUES (1199, '195', 'Benta Ramos Cunha ', NULL, NULL, 69);
INSERT INTO "Address" ("id", "number", "street", "visitUnallowedAt", "visitedAt", "block_id") VALUES (1200, '211', 'Benta Ramos Cunha ', NULL, NULL, 69);
INSERT INTO "Address" ("id", "number", "street", "visitUnallowedAt", "visitedAt", "block_id") VALUES (1201, 'SN°1', 'Guilhermina Barbosa Teixeira ', NULL, NULL, 69);
INSERT INTO "Address" ("id", "number", "street", "visitUnallowedAt", "visitedAt", "block_id") VALUES (1202, '285', 'Guilhermina Barbosa Teixeira ', NULL, NULL, 69);
INSERT INTO "Address" ("id", "number", "street", "visitUnallowedAt", "visitedAt", "block_id") VALUES (1203, 'SN°3', 'Guilhermina Barbosa Teixeira ', NULL, NULL, 69);
INSERT INTO "Address" ("id", "number", "street", "visitUnallowedAt", "visitedAt", "block_id") VALUES (1204, 'SN°4', 'Guilhermina Barbosa Teixeira ', NULL, NULL, 69);
INSERT INTO "Address" ("id", "number", "street", "visitUnallowedAt", "visitedAt", "block_id") VALUES (1205, 'SN°5', 'Guilhermina Barbosa Teixeira ', NULL, NULL, 69);
INSERT INTO "Address" ("id", "number", "street", "visitUnallowedAt", "visitedAt", "block_id") VALUES (1206, 'SN°6', 'Guilhermina Barbosa Teixeira ', NULL, NULL, 69);
INSERT INTO "Address" ("id", "number", "street", "visitUnallowedAt", "visitedAt", "block_id") VALUES (1207, 'SN°1', 'Rua 27', NULL, NULL, 69);
INSERT INTO "Address" ("id", "number", "street", "visitUnallowedAt", "visitedAt", "block_id") VALUES (1208, 'SN°2', 'Rua 27', NULL, NULL, 69);
INSERT INTO "Address" ("id", "number", "street", "visitUnallowedAt", "visitedAt", "block_id") VALUES (1209, 'SN°3', 'Rua 27', NULL, NULL, 69);
INSERT INTO "Block" ("id", "name", "territory_id") VALUES (70, 'C', 6);
INSERT INTO "Address" ("id", "number", "street", "visitUnallowedAt", "visitedAt", "block_id") VALUES (1210, '2381', 'Macário Elias Delfino', NULL, NULL, 70);
INSERT INTO "Address" ("id", "number", "street", "visitUnallowedAt", "visitedAt", "block_id") VALUES (1211, '2369', 'Macário Elias Delfino', NULL, NULL, 70);
INSERT INTO "Address" ("id", "number", "street", "visitUnallowedAt", "visitedAt", "block_id") VALUES (1212, '2357', 'Macário Elias Delfino', NULL, NULL, 70);
INSERT INTO "Address" ("id", "number", "street", "visitUnallowedAt", "visitedAt", "block_id") VALUES (1213, '2349', 'Macário Elias Delfino', NULL, NULL, 70);
INSERT INTO "Address" ("id", "number", "street", "visitUnallowedAt", "visitedAt", "block_id") VALUES (1214, 'SN°5', 'Macário Elias Delfino', NULL, NULL, 70);
INSERT INTO "Address" ("id", "number", "street", "visitUnallowedAt", "visitedAt", "block_id") VALUES (1215, 'SN°6', 'Macário Elias Delfino', NULL, NULL, 70);
INSERT INTO "Address" ("id", "number", "street", "visitUnallowedAt", "visitedAt", "block_id") VALUES (1216, '2343', 'Macário Elias Delfino', NULL, NULL, 70);
INSERT INTO "Address" ("id", "number", "street", "visitUnallowedAt", "visitedAt", "block_id") VALUES (1217, '2213', 'Macário Elias Delfino', NULL, NULL, 70);
INSERT INTO "Address" ("id", "number", "street", "visitUnallowedAt", "visitedAt", "block_id") VALUES (1218, '2287', 'Macário Elias Delfino', NULL, NULL, 70);
INSERT INTO "Address" ("id", "number", "street", "visitUnallowedAt", "visitedAt", "block_id") VALUES (1219, '2157', 'Macário Elias Delfino', NULL, NULL, 70);
INSERT INTO "Address" ("id", "number", "street", "visitUnallowedAt", "visitedAt", "block_id") VALUES (1220, '2253', 'Macário Elias Delfino', NULL, NULL, 70);
INSERT INTO "Address" ("id", "number", "street", "visitUnallowedAt", "visitedAt", "block_id") VALUES (1221, 'SN°1', 'Pedro Francisco Peres', NULL, NULL, 70);
INSERT INTO "Address" ("id", "number", "street", "visitUnallowedAt", "visitedAt", "block_id") VALUES (1222, '35', 'Pedro Francisco Peres', NULL, NULL, 70);
INSERT INTO "Address" ("id", "number", "street", "visitUnallowedAt", "visitedAt", "block_id") VALUES (1223, 'SN°1', 'Benta Ramos Cunha', NULL, NULL, 70);
INSERT INTO "Address" ("id", "number", "street", "visitUnallowedAt", "visitedAt", "block_id") VALUES (1224, '36', 'Benta Ramos Cunha', NULL, NULL, 70);
INSERT INTO "Address" ("id", "number", "street", "visitUnallowedAt", "visitedAt", "block_id") VALUES (1225, '96', 'Benta Ramos Cunha', NULL, NULL, 70);
INSERT INTO "Address" ("id", "number", "street", "visitUnallowedAt", "visitedAt", "block_id") VALUES (1226, '108', 'Benta Ramos Cunha', NULL, NULL, 70);
INSERT INTO "Address" ("id", "number", "street", "visitUnallowedAt", "visitedAt", "block_id") VALUES (1227, '116', 'Benta Ramos Cunha', NULL, NULL, 70);
INSERT INTO "Address" ("id", "number", "street", "visitUnallowedAt", "visitedAt", "block_id") VALUES (1228, '128', 'Benta Ramos Cunha', NULL, NULL, 70);
INSERT INTO "Address" ("id", "number", "street", "visitUnallowedAt", "visitedAt", "block_id") VALUES (1229, '158', 'Benta Ramos Cunha', NULL, NULL, 70);
INSERT INTO "Address" ("id", "number", "street", "visitUnallowedAt", "visitedAt", "block_id") VALUES (1230, 'SN°8', 'Benta Ramos Cunha', NULL, NULL, 70);
INSERT INTO "Address" ("id", "number", "street", "visitUnallowedAt", "visitedAt", "block_id") VALUES (1231, '169', 'Benta Ramos Cunha', NULL, NULL, 70);
INSERT INTO "Address" ("id", "number", "street", "visitUnallowedAt", "visitedAt", "block_id") VALUES (1232, '182', 'Benta Ramos Cunha', NULL, NULL, 70);
INSERT INTO "Address" ("id", "number", "street", "visitUnallowedAt", "visitedAt", "block_id") VALUES (1233, 'SN°11', 'Benta Ramos Cunha', NULL, NULL, 70);
INSERT INTO "Address" ("id", "number", "street", "visitUnallowedAt", "visitedAt", "block_id") VALUES (1234, '30', 'Luiza Florenso de Jesus', NULL, NULL, 70);
INSERT INTO "Address" ("id", "number", "street", "visitUnallowedAt", "visitedAt", "block_id") VALUES (1235, '51', 'Luiza Florenso de Jesus', NULL, NULL, 70);
INSERT INTO "Address" ("id", "number", "street", "visitUnallowedAt", "visitedAt", "block_id") VALUES (1236, '54', 'Luiza Florenso de Jesus', NULL, NULL, 70);
INSERT INTO "Block" ("id", "name", "territory_id") VALUES (71, 'D', 6);
INSERT INTO "Address" ("id", "number", "street", "visitUnallowedAt", "visitedAt", "block_id") VALUES (1237, 'SN°1', 'Macário Elias Delfino', NULL, NULL, 71);
INSERT INTO "Address" ("id", "number", "street", "visitUnallowedAt", "visitedAt", "block_id") VALUES (1238, 'SN°2', 'Macário Elias Delfino', NULL, NULL, 71);
INSERT INTO "Address" ("id", "number", "street", "visitUnallowedAt", "visitedAt", "block_id") VALUES (1239, 'SN°3', 'Macário Elias Delfino', NULL, NULL, 71);
INSERT INTO "Address" ("id", "number", "street", "visitUnallowedAt", "visitedAt", "block_id") VALUES (1240, 'SN°4', 'Macário Elias Delfino', NULL, NULL, 71);
INSERT INTO "Address" ("id", "number", "street", "visitUnallowedAt", "visitedAt", "block_id") VALUES (1241, '2537', 'Macário Elias Delfino', NULL, NULL, 71);
INSERT INTO "Address" ("id", "number", "street", "visitUnallowedAt", "visitedAt", "block_id") VALUES (1242, 'SN°6', 'Macário Elias Delfino', NULL, NULL, 71);
INSERT INTO "Address" ("id", "number", "street", "visitUnallowedAt", "visitedAt", "block_id") VALUES (1243, '2561', 'Macário Elias Delfino', NULL, NULL, 71);
INSERT INTO "Address" ("id", "number", "street", "visitUnallowedAt", "visitedAt", "block_id") VALUES (1244, '2573', 'Macário Elias Delfino', NULL, NULL, 71);
INSERT INTO "Address" ("id", "number", "street", "visitUnallowedAt", "visitedAt", "block_id") VALUES (1245, 'SN°9', 'Macário Elias Delfino', NULL, NULL, 71);
INSERT INTO "Address" ("id", "number", "street", "visitUnallowedAt", "visitedAt", "block_id") VALUES (1246, 'SN°1', 'Pedro Francisco Peres', NULL, NULL, 71);
INSERT INTO "Address" ("id", "number", "street", "visitUnallowedAt", "visitedAt", "block_id") VALUES (1247, 'SN°2', 'Pedro Francisco Peres', NULL, NULL, 71);
INSERT INTO "Address" ("id", "number", "street", "visitUnallowedAt", "visitedAt", "block_id") VALUES (1248, 'SN°3', 'Pedro Francisco Peres', NULL, NULL, 71);
INSERT INTO "Address" ("id", "number", "street", "visitUnallowedAt", "visitedAt", "block_id") VALUES (1249, 'SN°4', 'Pedro Francisco Peres', NULL, NULL, 71);
INSERT INTO "Address" ("id", "number", "street", "visitUnallowedAt", "visitedAt", "block_id") VALUES (1250, 'SN°5', 'Pedro Francisco Peres', NULL, NULL, 71);
INSERT INTO "Address" ("id", "number", "street", "visitUnallowedAt", "visitedAt", "block_id") VALUES (1251, 'SN°6', 'Pedro Francisco Peres', NULL, NULL, 71);
INSERT INTO "Address" ("id", "number", "street", "visitUnallowedAt", "visitedAt", "block_id") VALUES (1252, 'SN°7', 'Pedro Francisco Peres', NULL, NULL, 71);
INSERT INTO "Address" ("id", "number", "street", "visitUnallowedAt", "visitedAt", "block_id") VALUES (1253, '78', 'Pedro Francisco Peres', NULL, NULL, 71);
INSERT INTO "Address" ("id", "number", "street", "visitUnallowedAt", "visitedAt", "block_id") VALUES (1254, '40', 'Pedro Francisco Peres', NULL, NULL, 71);
INSERT INTO "Address" ("id", "number", "street", "visitUnallowedAt", "visitedAt", "block_id") VALUES (1255, 'SN°10', 'Pedro Francisco Peres', NULL, NULL, 71);
INSERT INTO "Address" ("id", "number", "street", "visitUnallowedAt", "visitedAt", "block_id") VALUES (1256, '2', 'Martinisio Francisco Peres ', NULL, NULL, 71);
INSERT INTO "Address" ("id", "number", "street", "visitUnallowedAt", "visitedAt", "block_id") VALUES (1257, 'SN°2', 'Martinisio Francisco Peres ', NULL, NULL, 71);
INSERT INTO "Address" ("id", "number", "street", "visitUnallowedAt", "visitedAt", "block_id") VALUES (1258, 'SN°3', 'Martinisio Francisco Peres ', NULL, NULL, 71);
INSERT INTO "Address" ("id", "number", "street", "visitUnallowedAt", "visitedAt", "block_id") VALUES (1259, 'SN°4', 'Martinisio Francisco Peres ', NULL, NULL, 71);
INSERT INTO "Address" ("id", "number", "street", "visitUnallowedAt", "visitedAt", "block_id") VALUES (1260, '103', 'Martinisio Francisco Peres ', NULL, NULL, 71);
INSERT INTO "Address" ("id", "number", "street", "visitUnallowedAt", "visitedAt", "block_id") VALUES (1261, 'SN°6', 'Martinisio Francisco Peres ', NULL, NULL, 71);
INSERT INTO "Block" ("id", "name", "territory_id") VALUES (72, 'E', 6);
INSERT INTO "Address" ("id", "number", "street", "visitUnallowedAt", "visitedAt", "block_id") VALUES (1262, 'SN°1', 'Martinísio Francisco Peres', NULL, NULL, 72);
INSERT INTO "Address" ("id", "number", "street", "visitUnallowedAt", "visitedAt", "block_id") VALUES (1263, 'SN°2', 'Martinísio Francisco Peres', NULL, NULL, 72);
INSERT INTO "Address" ("id", "number", "street", "visitUnallowedAt", "visitedAt", "block_id") VALUES (1264, 'SN°3', 'Martinísio Francisco Peres', NULL, NULL, 72);
INSERT INTO "Address" ("id", "number", "street", "visitUnallowedAt", "visitedAt", "block_id") VALUES (1265, '70', 'Martinísio Francisco Peres', NULL, NULL, 72);
INSERT INTO "Address" ("id", "number", "street", "visitUnallowedAt", "visitedAt", "block_id") VALUES (1266, 'SN°5', 'Martinísio Francisco Peres', NULL, NULL, 72);
INSERT INTO "Address" ("id", "number", "street", "visitUnallowedAt", "visitedAt", "block_id") VALUES (1267, 'SN°1', 'Beco Martinísio', NULL, NULL, 72);
INSERT INTO "Address" ("id", "number", "street", "visitUnallowedAt", "visitedAt", "block_id") VALUES (1268, 'SN°2', 'Beco Martinísio', NULL, NULL, 72);
INSERT INTO "Address" ("id", "number", "street", "visitUnallowedAt", "visitedAt", "block_id") VALUES (1269, 'SN°3', 'Beco Martinísio', NULL, NULL, 72);
INSERT INTO "Address" ("id", "number", "street", "visitUnallowedAt", "visitedAt", "block_id") VALUES (1270, 'SN°4', 'Beco Martinísio', NULL, NULL, 72);
INSERT INTO "Block" ("id", "name", "territory_id") VALUES (73, 'F', 6);
INSERT INTO "Address" ("id", "number", "street", "visitUnallowedAt", "visitedAt", "block_id") VALUES (1271, '28', 'Macário Elias Delfino', NULL, NULL, 73);
INSERT INTO "Address" ("id", "number", "street", "visitUnallowedAt", "visitedAt", "block_id") VALUES (1272, 'SN°2', 'Macário Elias Delfino', NULL, NULL, 73);
INSERT INTO "Address" ("id", "number", "street", "visitUnallowedAt", "visitedAt", "block_id") VALUES (1273, 'SN°3', 'Macário Elias Delfino', NULL, NULL, 73);
INSERT INTO "Address" ("id", "number", "street", "visitUnallowedAt", "visitedAt", "block_id") VALUES (1274, 'SN°4', 'Macário Elias Delfino', NULL, NULL, 73);
INSERT INTO "Address" ("id", "number", "street", "visitUnallowedAt", "visitedAt", "block_id") VALUES (1275, 'SN°5', 'Macário Elias Delfino', NULL, NULL, 73);
INSERT INTO "Address" ("id", "number", "street", "visitUnallowedAt", "visitedAt", "block_id") VALUES (1276, '140', 'Macário Elias Delfino', NULL, NULL, 73);
INSERT INTO "Address" ("id", "number", "street", "visitUnallowedAt", "visitedAt", "block_id") VALUES (1277, '1240', 'Macário Elias Delfino', NULL, NULL, 73);
INSERT INTO "Address" ("id", "number", "street", "visitUnallowedAt", "visitedAt", "block_id") VALUES (1278, '- ', 'Macário Elias Delfino', NULL, NULL, 73);
INSERT INTO "Address" ("id", "number", "street", "visitUnallowedAt", "visitedAt", "block_id") VALUES (1279, '28', 'Ezaltina C. Delfino', NULL, NULL, 73);
INSERT INTO "Address" ("id", "number", "street", "visitUnallowedAt", "visitedAt", "block_id") VALUES (1280, 'SNº1', 'Leopoldina Ezaltina Delfino Peres', NULL, NULL, 73);
INSERT INTO "Address" ("id", "number", "street", "visitUnallowedAt", "visitedAt", "block_id") VALUES (1281, 'SN°2', 'Leopoldina Ezaltina Delfino Peres', NULL, NULL, 73);
INSERT INTO "Address" ("id", "number", "street", "visitUnallowedAt", "visitedAt", "block_id") VALUES (1282, '45', 'Leopoldina Ezaltina Delfino Peres', NULL, NULL, 73);
INSERT INTO "Address" ("id", "number", "street", "visitUnallowedAt", "visitedAt", "block_id") VALUES (1283, '47', 'Leopoldina Ezaltina Delfino Peres', NULL, NULL, 73);
INSERT INTO "Address" ("id", "number", "street", "visitUnallowedAt", "visitedAt", "block_id") VALUES (1284, '39', 'Leopoldina Ezaltina Delfino Peres', NULL, NULL, 73);
INSERT INTO "Address" ("id", "number", "street", "visitUnallowedAt", "visitedAt", "block_id") VALUES (1285, 'SN°6', 'Leopoldina Ezaltina Delfino Peres', NULL, NULL, 73);
INSERT INTO "Address" ("id", "number", "street", "visitUnallowedAt", "visitedAt", "block_id") VALUES (1286, 'SN°7', 'Leopoldina Ezaltina Delfino Peres', NULL, NULL, 73);
INSERT INTO "Block" ("id", "name", "territory_id") VALUES (74, 'G', 6);
INSERT INTO "Address" ("id", "number", "street", "visitUnallowedAt", "visitedAt", "block_id") VALUES (1287, '1510', 'Macário Elias Delfino', NULL, NULL, 74);
INSERT INTO "Address" ("id", "number", "street", "visitUnallowedAt", "visitedAt", "block_id") VALUES (1288, '1254', 'Macário Elias Delfino', NULL, NULL, 74);
INSERT INTO "Address" ("id", "number", "street", "visitUnallowedAt", "visitedAt", "block_id") VALUES (1289, 'SN°3', 'Macário Elias Delfino', NULL, NULL, 74);
INSERT INTO "Address" ("id", "number", "street", "visitUnallowedAt", "visitedAt", "block_id") VALUES (1290, '´- ', 'Macário Elias Delfino', NULL, NULL, 74);
INSERT INTO "Address" ("id", "number", "street", "visitUnallowedAt", "visitedAt", "block_id") VALUES (1291, 'SN°1', 'Leopoldina E. D. Peres', NULL, NULL, 74);
INSERT INTO "Block" ("id", "name", "territory_id") VALUES (75, 'H', 6);
INSERT INTO "Address" ("id", "number", "street", "visitUnallowedAt", "visitedAt", "block_id") VALUES (1292, 'SN°1', 'Leopoldina E. D. Peres', NULL, NULL, 75);
INSERT INTO "Address" ("id", "number", "street", "visitUnallowedAt", "visitedAt", "block_id") VALUES (1293, '50', 'Leopoldina E. D. Peres', NULL, NULL, 75);
INSERT INTO "Address" ("id", "number", "street", "visitUnallowedAt", "visitedAt", "block_id") VALUES (1294, 'SN°3', 'Leopoldina E. D. Peres', NULL, NULL, 75);
INSERT INTO "Address" ("id", "number", "street", "visitUnallowedAt", "visitedAt", "block_id") VALUES (1295, 'SN°4', 'Leopoldina E. D. Peres', NULL, NULL, 75);
INSERT INTO "Address" ("id", "number", "street", "visitUnallowedAt", "visitedAt", "block_id") VALUES (1296, 'SN°5', 'Leopoldina E. D. Peres', NULL, NULL, 75);
INSERT INTO "Address" ("id", "number", "street", "visitUnallowedAt", "visitedAt", "block_id") VALUES (1297, 'SN°1', 'Ezaltina C. Delfino', NULL, NULL, 75);
INSERT INTO "Address" ("id", "number", "street", "visitUnallowedAt", "visitedAt", "block_id") VALUES (1298, 'SN°2', 'Ezaltina C. Delfino', NULL, NULL, 75);
INSERT INTO "Address" ("id", "number", "street", "visitUnallowedAt", "visitedAt", "block_id") VALUES (1299, 'SN°3', 'Ezaltina C. Delfino', NULL, NULL, 75);
INSERT INTO "Block" ("id", "name", "territory_id") VALUES (76, 'I', 6);
INSERT INTO "Address" ("id", "number", "street", "visitUnallowedAt", "visitedAt", "block_id") VALUES (1300, 'SN°1', 'Leopoldina E. D. Peres', NULL, NULL, 76);
INSERT INTO "Address" ("id", "number", "street", "visitUnallowedAt", "visitedAt", "block_id") VALUES (1301, 'SN°2', 'Leopoldina E. D. Peres', NULL, NULL, 76);
INSERT INTO "Address" ("id", "number", "street", "visitUnallowedAt", "visitedAt", "block_id") VALUES (1302, 'SN°3', 'Leopoldina E. D. Peres', NULL, NULL, 76);
INSERT INTO "Address" ("id", "number", "street", "visitUnallowedAt", "visitedAt", "block_id") VALUES (1303, '246', 'Leopoldina E. D. Peres', NULL, NULL, 76);
INSERT INTO "Address" ("id", "number", "street", "visitUnallowedAt", "visitedAt", "block_id") VALUES (1304, 'SN°5', 'Leopoldina E. D. Peres', NULL, NULL, 76);
INSERT INTO "Address" ("id", "number", "street", "visitUnallowedAt", "visitedAt", "block_id") VALUES (1305, '24', 'Leopoldina E. D. Peres', NULL, NULL, 76);
INSERT INTO "Address" ("id", "number", "street", "visitUnallowedAt", "visitedAt", "block_id") VALUES (1306, 'SN°7', 'Leopoldina E. D. Peres', NULL, NULL, 76);
INSERT INTO "Address" ("id", "number", "street", "visitUnallowedAt", "visitedAt", "block_id") VALUES (1307, 'SN°1', 'Ezaltina C. Delfino', NULL, NULL, 76);
INSERT INTO "Address" ("id", "number", "street", "visitUnallowedAt", "visitedAt", "block_id") VALUES (1308, 'SN°1', 'Águas Claras', NULL, NULL, 76);
INSERT INTO "Address" ("id", "number", "street", "visitUnallowedAt", "visitedAt", "block_id") VALUES (1309, 'SN°2', 'Águas Claras', NULL, NULL, 76);
INSERT INTO "Address" ("id", "number", "street", "visitUnallowedAt", "visitedAt", "block_id") VALUES (1310, '191', 'Águas Claras', NULL, NULL, 76);
INSERT INTO "Address" ("id", "number", "street", "visitUnallowedAt", "visitedAt", "block_id") VALUES (1311, 'SN°4', 'Águas Claras', NULL, NULL, 76);
INSERT INTO "Address" ("id", "number", "street", "visitUnallowedAt", "visitedAt", "block_id") VALUES (1312, 'SN°5', 'Águas Claras', NULL, NULL, 76);
INSERT INTO "Address" ("id", "number", "street", "visitUnallowedAt", "visitedAt", "block_id") VALUES (1313, '219', 'Águas Claras', NULL, NULL, 76);
INSERT INTO "Address" ("id", "number", "street", "visitUnallowedAt", "visitedAt", "block_id") VALUES (1314, 'SN°7', 'Águas Claras', NULL, NULL, 76);
INSERT INTO "Address" ("id", "number", "street", "visitUnallowedAt", "visitedAt", "block_id") VALUES (1315, '233', 'Águas Claras', NULL, NULL, 76);
INSERT INTO "Address" ("id", "number", "street", "visitUnallowedAt", "visitedAt", "block_id") VALUES (1316, '242', 'Águas Claras', NULL, NULL, 76);
INSERT INTO "Address" ("id", "number", "street", "visitUnallowedAt", "visitedAt", "block_id") VALUES (1317, '257', 'Águas Claras', NULL, NULL, 76);
INSERT INTO "Address" ("id", "number", "street", "visitUnallowedAt", "visitedAt", "block_id") VALUES (1318, 'SN°11', 'Águas Claras', NULL, NULL, 76);
INSERT INTO "Address" ("id", "number", "street", "visitUnallowedAt", "visitedAt", "block_id") VALUES (1319, '291', 'João Filisbino da Silva', NULL, NULL, 76);
INSERT INTO "Address" ("id", "number", "street", "visitUnallowedAt", "visitedAt", "block_id") VALUES (1320, '417', 'João Filisbino da Silva', NULL, NULL, 76);
INSERT INTO "Block" ("id", "name", "territory_id") VALUES (77, 'J', 6);
INSERT INTO "Address" ("id", "number", "street", "visitUnallowedAt", "visitedAt", "block_id") VALUES (1321, '242', 'Águas Claras', NULL, NULL, 77);
INSERT INTO "Address" ("id", "number", "street", "visitUnallowedAt", "visitedAt", "block_id") VALUES (1322, 'SN°2', 'Águas Claras', NULL, NULL, 77);
INSERT INTO "Address" ("id", "number", "street", "visitUnallowedAt", "visitedAt", "block_id") VALUES (1323, '222', 'Águas Claras', NULL, NULL, 77);
INSERT INTO "Address" ("id", "number", "street", "visitUnallowedAt", "visitedAt", "block_id") VALUES (1324, '182', 'Águas Claras', NULL, NULL, 77);
INSERT INTO "Address" ("id", "number", "street", "visitUnallowedAt", "visitedAt", "block_id") VALUES (1325, '170', 'Águas Claras', NULL, NULL, 77);
INSERT INTO "Address" ("id", "number", "street", "visitUnallowedAt", "visitedAt", "block_id") VALUES (1326, '182', 'Águas Claras', NULL, NULL, 77);
INSERT INTO "Address" ("id", "number", "street", "visitUnallowedAt", "visitedAt", "block_id") VALUES (1327, '194', 'Águas Claras', NULL, NULL, 77);
INSERT INTO "Address" ("id", "number", "street", "visitUnallowedAt", "visitedAt", "block_id") VALUES (1328, 'SN°8', 'Águas Claras', NULL, NULL, 77);
INSERT INTO "Address" ("id", "number", "street", "visitUnallowedAt", "visitedAt", "block_id") VALUES (1329, 'SN°9', 'Águas Claras', NULL, NULL, 77);
INSERT INTO "Address" ("id", "number", "street", "visitUnallowedAt", "visitedAt", "block_id") VALUES (1330, 'SN°1', 'Rua 10', NULL, NULL, 77);
INSERT INTO "Address" ("id", "number", "street", "visitUnallowedAt", "visitedAt", "block_id") VALUES (1331, 'SN°2', 'Rua 10', NULL, NULL, 77);
INSERT INTO "Address" ("id", "number", "street", "visitUnallowedAt", "visitedAt", "block_id") VALUES (1332, 'SN°3', 'Rua 10', NULL, NULL, 77);
INSERT INTO "Block" ("id", "name", "territory_id") VALUES (78, 'K', 6);
INSERT INTO "Address" ("id", "number", "street", "visitUnallowedAt", "visitedAt", "block_id") VALUES (1333, '3', 'João Filisbino da Silva', NULL, NULL, 78);
INSERT INTO "Address" ("id", "number", "street", "visitUnallowedAt", "visitedAt", "block_id") VALUES (1334, 'SN°1', 'Rua 09', NULL, NULL, 78);
INSERT INTO "Address" ("id", "number", "street", "visitUnallowedAt", "visitedAt", "block_id") VALUES (1335, 'SN°2', 'Rua 09', NULL, NULL, 78);
INSERT INTO "Block" ("id", "name", "territory_id") VALUES (79, 'L', 6);
INSERT INTO "Address" ("id", "number", "street", "visitUnallowedAt", "visitedAt", "block_id") VALUES (1336, 'SN°1', 'Rua 09', NULL, NULL, 79);
INSERT INTO "Block" ("id", "name", "territory_id") VALUES (80, 'M', 6);
INSERT INTO "Address" ("id", "number", "street", "visitUnallowedAt", "visitedAt", "block_id") VALUES (1337, '578', 'Macário Elias Delfino', NULL, NULL, 80);
INSERT INTO "Block" ("id", "name", "territory_id") VALUES (81, 'N', 6);
INSERT INTO "Address" ("id", "number", "street", "visitUnallowedAt", "visitedAt", "block_id") VALUES (1338, '71', 'Benta Ramos Cunha', NULL, NULL, 81);
INSERT INTO "Address" ("id", "number", "street", "visitUnallowedAt", "visitedAt", "block_id") VALUES (1339, 'SN°1', 'Pedro Francisco Peres ', NULL, NULL, 81);
INSERT INTO "Address" ("id", "number", "street", "visitUnallowedAt", "visitedAt", "block_id") VALUES (1340, 'SN°2', 'Pedro Francisco Peres ', NULL, NULL, 81);
INSERT INTO "Block" ("id", "name", "territory_id") VALUES (82, 'O', 6);
INSERT INTO "Address" ("id", "number", "street", "visitUnallowedAt", "visitedAt", "block_id") VALUES (1341, 'SN°1', 'Benta Ramos Cunha ', NULL, NULL, 82);
INSERT INTO "Address" ("id", "number", "street", "visitUnallowedAt", "visitedAt", "block_id") VALUES (1342, 'SN°2', 'Benta Ramos Cunha ', NULL, NULL, 82);
INSERT INTO "Address" ("id", "number", "street", "visitUnallowedAt", "visitedAt", "block_id") VALUES (1343, 'SN°1', 'Rua 27', NULL, NULL, 82);
INSERT INTO "Address" ("id", "number", "street", "visitUnallowedAt", "visitedAt", "block_id") VALUES (1344, 'SN°2', 'Rua 27', NULL, NULL, 82);
INSERT INTO "Block" ("id", "name", "territory_id") VALUES (83, 'P', 6);
INSERT INTO "Address" ("id", "number", "street", "visitUnallowedAt", "visitedAt", "block_id") VALUES (1345, 'SN°1', 'Águas Claras', NULL, NULL, 83);
INSERT INTO "Address" ("id", "number", "street", "visitUnallowedAt", "visitedAt", "block_id") VALUES (1346, 'SN°2', 'Águas Claras', NULL, NULL, 83);
INSERT INTO "Address" ("id", "number", "street", "visitUnallowedAt", "visitedAt", "block_id") VALUES (1347, 'SN°3', 'Águas Claras', NULL, NULL, 83);
INSERT INTO "Territory" ("id", "mapImageUrl", "name", "number", "warningMessage") VALUES (7, '', 'Praia Azul - Leste', '7', '');
INSERT INTO "Block" ("id", "name", "territory_id") VALUES (84, 'A', 7);
INSERT INTO "Address" ("id", "number", "street", "visitUnallowedAt", "visitedAt", "block_id") VALUES (1348, '110', 'Santa Catarina', NULL, NULL, 84);
INSERT INTO "Address" ("id", "number", "street", "visitUnallowedAt", "visitedAt", "block_id") VALUES (1349, 'SN°2', 'Santa Catarina', NULL, NULL, 84);
INSERT INTO "Address" ("id", "number", "street", "visitUnallowedAt", "visitedAt", "block_id") VALUES (1350, 'SN°1', 'Deodoro da Fonseca', NULL, NULL, 84);
INSERT INTO "Address" ("id", "number", "street", "visitUnallowedAt", "visitedAt", "block_id") VALUES (1351, '344', 'Deodoro da Fonseca', NULL, NULL, 84);
INSERT INTO "Address" ("id", "number", "street", "visitUnallowedAt", "visitedAt", "block_id") VALUES (1352, 'SN°1', 'Araranguá', NULL, NULL, 84);
INSERT INTO "Block" ("id", "name", "territory_id") VALUES (85, 'B', 7);
INSERT INTO "Address" ("id", "number", "street", "visitUnallowedAt", "visitedAt", "block_id") VALUES (1353, 'SN°1', 'Getúlio Vargas', NULL, NULL, 85);
INSERT INTO "Address" ("id", "number", "street", "visitUnallowedAt", "visitedAt", "block_id") VALUES (1354, '350', 'Getúlio Vargas', NULL, NULL, 85);
INSERT INTO "Address" ("id", "number", "street", "visitUnallowedAt", "visitedAt", "block_id") VALUES (1355, '244', 'Getúlio Vargas', NULL, NULL, 85);
INSERT INTO "Address" ("id", "number", "street", "visitUnallowedAt", "visitedAt", "block_id") VALUES (1356, 'SN°4', 'Getúlio Vargas', NULL, NULL, 85);
INSERT INTO "Block" ("id", "name", "territory_id") VALUES (86, 'C', 7);
INSERT INTO "Address" ("id", "number", "street", "visitUnallowedAt", "visitedAt", "block_id") VALUES (1357, '340', 'Araranguá', NULL, NULL, 86);
INSERT INTO "Address" ("id", "number", "street", "visitUnallowedAt", "visitedAt", "block_id") VALUES (1358, 'SN°2', 'Araranguá', NULL, NULL, 86);
INSERT INTO "Address" ("id", "number", "street", "visitUnallowedAt", "visitedAt", "block_id") VALUES (1359, 'SN°1', 'Getúlio Vargas', NULL, NULL, 86);
INSERT INTO "Address" ("id", "number", "street", "visitUnallowedAt", "visitedAt", "block_id") VALUES (1360, 'SN°2', 'Getúlio Vargas', NULL, NULL, 86);
INSERT INTO "Address" ("id", "number", "street", "visitUnallowedAt", "visitedAt", "block_id") VALUES (1361, 'SN°1', 'Santa Catarina', NULL, NULL, 86);
INSERT INTO "Address" ("id", "number", "street", "visitUnallowedAt", "visitedAt", "block_id") VALUES (1362, '372', 'Santa Catarina', NULL, NULL, 86);
INSERT INTO "Address" ("id", "number", "street", "visitUnallowedAt", "visitedAt", "block_id") VALUES (1363, 'SN°3', 'Santa Catarina', NULL, NULL, 86);
INSERT INTO "Address" ("id", "number", "street", "visitUnallowedAt", "visitedAt", "block_id") VALUES (1364, 'SN°4', 'Santa Catarina', NULL, NULL, 86);
INSERT INTO "Address" ("id", "number", "street", "visitUnallowedAt", "visitedAt", "block_id") VALUES (1365, 'SN°5', 'Santa Catarina', NULL, NULL, 86);
INSERT INTO "Address" ("id", "number", "street", "visitUnallowedAt", "visitedAt", "block_id") VALUES (1366, '383', 'Santa Catarina', NULL, NULL, 86);
INSERT INTO "Address" ("id", "number", "street", "visitUnallowedAt", "visitedAt", "block_id") VALUES (1367, '455', 'Santa Catarina', NULL, NULL, 86);
INSERT INTO "Address" ("id", "number", "street", "visitUnallowedAt", "visitedAt", "block_id") VALUES (1368, '647', 'Santa Catarina', NULL, NULL, 86);
INSERT INTO "Address" ("id", "number", "street", "visitUnallowedAt", "visitedAt", "block_id") VALUES (1369, 'SN°9', 'Santa Catarina', NULL, NULL, 86);
INSERT INTO "Block" ("id", "name", "territory_id") VALUES (87, 'D', 7);
INSERT INTO "Address" ("id", "number", "street", "visitUnallowedAt", "visitedAt", "block_id") VALUES (1370, '520', 'Santa Catarina', NULL, NULL, 87);
INSERT INTO "Address" ("id", "number", "street", "visitUnallowedAt", "visitedAt", "block_id") VALUES (1371, '548', 'Santa Catarina', NULL, NULL, 87);
INSERT INTO "Address" ("id", "number", "street", "visitUnallowedAt", "visitedAt", "block_id") VALUES (1372, 'SN°3', 'Santa Catarina', NULL, NULL, 87);
INSERT INTO "Address" ("id", "number", "street", "visitUnallowedAt", "visitedAt", "block_id") VALUES (1373, 'SN°4', 'Santa Catarina', NULL, NULL, 87);
INSERT INTO "Address" ("id", "number", "street", "visitUnallowedAt", "visitedAt", "block_id") VALUES (1374, 'SN°5', 'Santa Catarina', NULL, NULL, 87);
INSERT INTO "Block" ("id", "name", "territory_id") VALUES (88, 'E', 7);
INSERT INTO "Address" ("id", "number", "street", "visitUnallowedAt", "visitedAt", "block_id") VALUES (1375, '165-1', 'Avenida Central', NULL, NULL, 88);
INSERT INTO "Address" ("id", "number", "street", "visitUnallowedAt", "visitedAt", "block_id") VALUES (1376, 'SN°2', 'Avenida Central', NULL, NULL, 88);
INSERT INTO "Address" ("id", "number", "street", "visitUnallowedAt", "visitedAt", "block_id") VALUES (1377, 'SN°3', 'Avenida Central', NULL, NULL, 88);
INSERT INTO "Address" ("id", "number", "street", "visitUnallowedAt", "visitedAt", "block_id") VALUES (1378, '165-2', 'Cecília Meireles', NULL, NULL, 88);
INSERT INTO "Address" ("id", "number", "street", "visitUnallowedAt", "visitedAt", "block_id") VALUES (1379, '165-3', 'Cecília Meireles', NULL, NULL, 88);
INSERT INTO "Address" ("id", "number", "street", "visitUnallowedAt", "visitedAt", "block_id") VALUES (1380, 'SN°1', 'Deodoro da Fonseca', NULL, NULL, 88);
INSERT INTO "Address" ("id", "number", "street", "visitUnallowedAt", "visitedAt", "block_id") VALUES (1381, 'SN°2', 'Deodoro da Fonseca', NULL, NULL, 88);
INSERT INTO "Address" ("id", "number", "street", "visitUnallowedAt", "visitedAt", "block_id") VALUES (1382, 'SN°3', 'Deodoro da Fonseca', NULL, NULL, 88);
INSERT INTO "Address" ("id", "number", "street", "visitUnallowedAt", "visitedAt", "block_id") VALUES (1383, 'SN°4', 'Deodoro da Fonseca', NULL, NULL, 88);
INSERT INTO "Block" ("id", "name", "territory_id") VALUES (89, 'F', 7);
INSERT INTO "Address" ("id", "number", "street", "visitUnallowedAt", "visitedAt", "block_id") VALUES (1384, 'SN°1', 'Avenida Central', NULL, NULL, 89);
INSERT INTO "Address" ("id", "number", "street", "visitUnallowedAt", "visitedAt", "block_id") VALUES (1385, '106', 'Avenida Central', NULL, NULL, 89);
INSERT INTO "Address" ("id", "number", "street", "visitUnallowedAt", "visitedAt", "block_id") VALUES (1386, '192', 'João Café Filho', NULL, NULL, 89);
INSERT INTO "Address" ("id", "number", "street", "visitUnallowedAt", "visitedAt", "block_id") VALUES (1387, '218', 'João Café Filho', NULL, NULL, 89);
INSERT INTO "Address" ("id", "number", "street", "visitUnallowedAt", "visitedAt", "block_id") VALUES (1388, '232', 'João Café Filho', NULL, NULL, 89);
INSERT INTO "Block" ("id", "name", "territory_id") VALUES (90, 'G', 7);
INSERT INTO "Address" ("id", "number", "street", "visitUnallowedAt", "visitedAt", "block_id") VALUES (1389, 'SN°1', 'Getúlio Vargas', NULL, NULL, 90);
INSERT INTO "Address" ("id", "number", "street", "visitUnallowedAt", "visitedAt", "block_id") VALUES (1390, 'SN°2', 'Getúlio Vargas', NULL, NULL, 90);
INSERT INTO "Address" ("id", "number", "street", "visitUnallowedAt", "visitedAt", "block_id") VALUES (1391, 'SN°3', 'Getúlio Vargas', NULL, NULL, 90);
INSERT INTO "Address" ("id", "number", "street", "visitUnallowedAt", "visitedAt", "block_id") VALUES (1392, '278', 'Getúlio Vargas', NULL, NULL, 90);
INSERT INTO "Address" ("id", "number", "street", "visitUnallowedAt", "visitedAt", "block_id") VALUES (1393, '244', 'Avenida Central', NULL, NULL, 90);
INSERT INTO "Address" ("id", "number", "street", "visitUnallowedAt", "visitedAt", "block_id") VALUES (1394, 'SN°2', 'Avenida Central', NULL, NULL, 90);
INSERT INTO "Address" ("id", "number", "street", "visitUnallowedAt", "visitedAt", "block_id") VALUES (1395, '215', 'João Café Filho', NULL, NULL, 90);
INSERT INTO "Address" ("id", "number", "street", "visitUnallowedAt", "visitedAt", "block_id") VALUES (1396, '207', 'João Café Filho', NULL, NULL, 90);
INSERT INTO "Address" ("id", "number", "street", "visitUnallowedAt", "visitedAt", "block_id") VALUES (1397, '195', 'João Café Filho', NULL, NULL, 90);
INSERT INTO "Address" ("id", "number", "street", "visitUnallowedAt", "visitedAt", "block_id") VALUES (1398, '181', 'João Café Filho', NULL, NULL, 90);
INSERT INTO "Address" ("id", "number", "street", "visitUnallowedAt", "visitedAt", "block_id") VALUES (1399, '179', 'Itamar Franco', NULL, NULL, 90);
INSERT INTO "Address" ("id", "number", "street", "visitUnallowedAt", "visitedAt", "block_id") VALUES (1400, '165', 'Itamar Franco', NULL, NULL, 90);
INSERT INTO "Block" ("id", "name", "territory_id") VALUES (91, 'H', 7);
INSERT INTO "Address" ("id", "number", "street", "visitUnallowedAt", "visitedAt", "block_id") VALUES (1401, '3459', 'Getúlio Vargas (Interpraias)', NULL, NULL, 91);
INSERT INTO "Address" ("id", "number", "street", "visitUnallowedAt", "visitedAt", "block_id") VALUES (1402, '3505', 'Getúlio Vargas (Interpraias)', NULL, NULL, 91);
INSERT INTO "Address" ("id", "number", "street", "visitUnallowedAt", "visitedAt", "block_id") VALUES (1403, '2443', 'Getúlio Vargas (Interpraias)', NULL, NULL, 91);
INSERT INTO "Address" ("id", "number", "street", "visitUnallowedAt", "visitedAt", "block_id") VALUES (1404, 'SN°4', 'Getúlio Vargas (Interpraias)', NULL, NULL, 91);
INSERT INTO "Address" ("id", "number", "street", "visitUnallowedAt", "visitedAt", "block_id") VALUES (1405, 'SN°1', 'Itamar Franco', NULL, NULL, 91);
INSERT INTO "Block" ("id", "name", "territory_id") VALUES (92, 'I', 7);
INSERT INTO "Address" ("id", "number", "street", "visitUnallowedAt", "visitedAt", "block_id") VALUES (1406, 'SN°1', 'Avenida Central', NULL, NULL, 92);
INSERT INTO "Address" ("id", "number", "street", "visitUnallowedAt", "visitedAt", "block_id") VALUES (1407, 'SN°2', 'Avenida Central', NULL, NULL, 92);
INSERT INTO "Address" ("id", "number", "street", "visitUnallowedAt", "visitedAt", "block_id") VALUES (1408, '472', 'Avenida Central', NULL, NULL, 92);
INSERT INTO "Address" ("id", "number", "street", "visitUnallowedAt", "visitedAt", "block_id") VALUES (1409, '196', 'Hermes da Fonseca', NULL, NULL, 92);
INSERT INTO "Address" ("id", "number", "street", "visitUnallowedAt", "visitedAt", "block_id") VALUES (1410, 'SN°2', 'Hermes da Fonseca', NULL, NULL, 92);
INSERT INTO "Address" ("id", "number", "street", "visitUnallowedAt", "visitedAt", "block_id") VALUES (1411, '165', 'Dom Pedro I', NULL, NULL, 92);
INSERT INTO "Address" ("id", "number", "street", "visitUnallowedAt", "visitedAt", "block_id") VALUES (1412, 'SN°2', 'Dom Pedro I', NULL, NULL, 92);
INSERT INTO "Address" ("id", "number", "street", "visitUnallowedAt", "visitedAt", "block_id") VALUES (1413, 'SN°3', 'Dom Pedro I', NULL, NULL, 92);
INSERT INTO "Address" ("id", "number", "street", "visitUnallowedAt", "visitedAt", "block_id") VALUES (1414, '197', 'Dom Pedro I', NULL, NULL, 92);
INSERT INTO "Block" ("id", "name", "territory_id") VALUES (93, 'J', 7);
INSERT INTO "Address" ("id", "number", "street", "visitUnallowedAt", "visitedAt", "block_id") VALUES (1415, '121', 'Avenida Central', NULL, NULL, 93);
INSERT INTO "Address" ("id", "number", "street", "visitUnallowedAt", "visitedAt", "block_id") VALUES (1416, 'SN°2', 'Avenida Central', NULL, NULL, 93);
INSERT INTO "Address" ("id", "number", "street", "visitUnallowedAt", "visitedAt", "block_id") VALUES (1417, 'SN°1', 'Cecília Meireles', NULL, NULL, 93);
INSERT INTO "Block" ("id", "name", "territory_id") VALUES (94, 'K', 7);
INSERT INTO "Address" ("id", "number", "street", "visitUnallowedAt", "visitedAt", "block_id") VALUES (1418, '211', 'Avenida Central', NULL, NULL, 94);
INSERT INTO "Address" ("id", "number", "street", "visitUnallowedAt", "visitedAt", "block_id") VALUES (1419, '203', 'João Café Filho', NULL, NULL, 94);
INSERT INTO "Address" ("id", "number", "street", "visitUnallowedAt", "visitedAt", "block_id") VALUES (1420, '204', 'João Café Filho', NULL, NULL, 94);
INSERT INTO "Address" ("id", "number", "street", "visitUnallowedAt", "visitedAt", "block_id") VALUES (1421, 'SN°3', 'João Café Filho', NULL, NULL, 94);
INSERT INTO "Address" ("id", "number", "street", "visitUnallowedAt", "visitedAt", "block_id") VALUES (1422, 'SN°4', 'João Café Filho', NULL, NULL, 94);
INSERT INTO "Address" ("id", "number", "street", "visitUnallowedAt", "visitedAt", "block_id") VALUES (1423, 'SN°1', 'Jânio Quadros', NULL, NULL, 94);
INSERT INTO "Address" ("id", "number", "street", "visitUnallowedAt", "visitedAt", "block_id") VALUES (1424, '185', 'Jânio Quadros', NULL, NULL, 94);
INSERT INTO "Address" ("id", "number", "street", "visitUnallowedAt", "visitedAt", "block_id") VALUES (1425, '201', 'Jânio Quadros', NULL, NULL, 94);
INSERT INTO "Address" ("id", "number", "street", "visitUnallowedAt", "visitedAt", "block_id") VALUES (1426, '202', 'Jânio Quadros', NULL, NULL, 94);
INSERT INTO "Address" ("id", "number", "street", "visitUnallowedAt", "visitedAt", "block_id") VALUES (1427, 'SN°1', 'Deodoro da Fonseca', NULL, NULL, 94);
INSERT INTO "Address" ("id", "number", "street", "visitUnallowedAt", "visitedAt", "block_id") VALUES (1428, 'SN°2', 'Deodoro da Fonseca', NULL, NULL, 94);
INSERT INTO "Address" ("id", "number", "street", "visitUnallowedAt", "visitedAt", "block_id") VALUES (1429, '692', 'Deodoro da Fonseca', NULL, NULL, 94);
INSERT INTO "Block" ("id", "name", "territory_id") VALUES (95, 'L', 7);
INSERT INTO "Address" ("id", "number", "street", "visitUnallowedAt", "visitedAt", "block_id") VALUES (1430, '163', 'Avenida Central', NULL, NULL, 95);
INSERT INTO "Address" ("id", "number", "street", "visitUnallowedAt", "visitedAt", "block_id") VALUES (1431, '193', 'Avenida Central', NULL, NULL, 95);
INSERT INTO "Address" ("id", "number", "street", "visitUnallowedAt", "visitedAt", "block_id") VALUES (1432, '3346', 'Getúlio Vargas', NULL, NULL, 95);
INSERT INTO "Address" ("id", "number", "street", "visitUnallowedAt", "visitedAt", "block_id") VALUES (1433, '3334', 'Getúlio Vargas', NULL, NULL, 95);
INSERT INTO "Address" ("id", "number", "street", "visitUnallowedAt", "visitedAt", "block_id") VALUES (1434, 'SN°1', 'Jânio Quadros', NULL, NULL, 95);
INSERT INTO "Address" ("id", "number", "street", "visitUnallowedAt", "visitedAt", "block_id") VALUES (1435, 'SN°2', 'Jânio Quadros', NULL, NULL, 95);
INSERT INTO "Address" ("id", "number", "street", "visitUnallowedAt", "visitedAt", "block_id") VALUES (1436, '55', 'João Café Filho', NULL, NULL, 95);
INSERT INTO "Address" ("id", "number", "street", "visitUnallowedAt", "visitedAt", "block_id") VALUES (1437, 'SN°2', 'João Café Filho', NULL, NULL, 95);
INSERT INTO "Address" ("id", "number", "street", "visitUnallowedAt", "visitedAt", "block_id") VALUES (1438, '75', 'João Café Filho', NULL, NULL, 95);
INSERT INTO "Address" ("id", "number", "street", "visitUnallowedAt", "visitedAt", "block_id") VALUES (1439, '89', 'João Café Filho', NULL, NULL, 95);
INSERT INTO "Block" ("id", "name", "territory_id") VALUES (96, 'M', 7);
INSERT INTO "Address" ("id", "number", "street", "visitUnallowedAt", "visitedAt", "block_id") VALUES (1440, '361', 'Av. Central', NULL, NULL, 96);
INSERT INTO "Address" ("id", "number", "street", "visitUnallowedAt", "visitedAt", "block_id") VALUES (1441, '395', 'Av. Central', NULL, NULL, 96);
INSERT INTO "Address" ("id", "number", "street", "visitUnallowedAt", "visitedAt", "block_id") VALUES (1442, '373', 'Av. Central', NULL, NULL, 96);
INSERT INTO "Address" ("id", "number", "street", "visitUnallowedAt", "visitedAt", "block_id") VALUES (1443, 'SN°4', 'Av. Central', NULL, NULL, 96);
INSERT INTO "Address" ("id", "number", "street", "visitUnallowedAt", "visitedAt", "block_id") VALUES (1444, 'SN°5', 'Av. Central', NULL, NULL, 96);
INSERT INTO "Address" ("id", "number", "street", "visitUnallowedAt", "visitedAt", "block_id") VALUES (1445, 'SN°6', 'Av. Central', NULL, NULL, 96);
INSERT INTO "Address" ("id", "number", "street", "visitUnallowedAt", "visitedAt", "block_id") VALUES (1446, 'SN°7', 'Av. Central', NULL, NULL, 96);
INSERT INTO "Address" ("id", "number", "street", "visitUnallowedAt", "visitedAt", "block_id") VALUES (1447, 'SN°1', 'Floriano Peixoto', NULL, NULL, 96);
INSERT INTO "Address" ("id", "number", "street", "visitUnallowedAt", "visitedAt", "block_id") VALUES (1448, '92', 'Floriano Peixoto', NULL, NULL, 96);
INSERT INTO "Address" ("id", "number", "street", "visitUnallowedAt", "visitedAt", "block_id") VALUES (1449, '42', 'Rui Barbosa', NULL, NULL, 96);
INSERT INTO "Address" ("id", "number", "street", "visitUnallowedAt", "visitedAt", "block_id") VALUES (1450, '54', 'Rui Barbosa', NULL, NULL, 96);
INSERT INTO "Address" ("id", "number", "street", "visitUnallowedAt", "visitedAt", "block_id") VALUES (1451, '68', 'Rui Barbosa', NULL, NULL, 96);
INSERT INTO "Address" ("id", "number", "street", "visitUnallowedAt", "visitedAt", "block_id") VALUES (1452, 'SN°4', 'Rui Barbosa', NULL, NULL, 96);
INSERT INTO "Address" ("id", "number", "street", "visitUnallowedAt", "visitedAt", "block_id") VALUES (1453, 'SN°5', 'Rui Barbosa', NULL, NULL, 96);
INSERT INTO "Address" ("id", "number", "street", "visitUnallowedAt", "visitedAt", "block_id") VALUES (1454, 'SN°6', 'Rui Barbosa', NULL, NULL, 96);
INSERT INTO "Address" ("id", "number", "street", "visitUnallowedAt", "visitedAt", "block_id") VALUES (1455, 'SN°7', 'Rui Barbosa', NULL, NULL, 96);
INSERT INTO "Address" ("id", "number", "street", "visitUnallowedAt", "visitedAt", "block_id") VALUES (1456, '130', 'Rui Barbosa', NULL, NULL, 96);
INSERT INTO "Block" ("id", "name", "territory_id") VALUES (97, 'N', 7);
INSERT INTO "Address" ("id", "number", "street", "visitUnallowedAt", "visitedAt", "block_id") VALUES (1457, '1550', 'Rui Barbosa', NULL, NULL, 97);
INSERT INTO "Address" ("id", "number", "street", "visitUnallowedAt", "visitedAt", "block_id") VALUES (1458, '1', 'Rui Barbosa', NULL, NULL, 97);
INSERT INTO "Address" ("id", "number", "street", "visitUnallowedAt", "visitedAt", "block_id") VALUES (1459, '3', 'Rui Barbosa', NULL, NULL, 97);
INSERT INTO "Address" ("id", "number", "street", "visitUnallowedAt", "visitedAt", "block_id") VALUES (1460, '4', 'Rui Barbosa', NULL, NULL, 97);
INSERT INTO "Address" ("id", "number", "street", "visitUnallowedAt", "visitedAt", "block_id") VALUES (1461, '5', 'Rui Barbosa', NULL, NULL, 97);
INSERT INTO "Address" ("id", "number", "street", "visitUnallowedAt", "visitedAt", "block_id") VALUES (1462, '6', 'Rui Barbosa', NULL, NULL, 97);
INSERT INTO "Address" ("id", "number", "street", "visitUnallowedAt", "visitedAt", "block_id") VALUES (1463, '7', 'Rui Barbosa', NULL, NULL, 97);
INSERT INTO "Address" ("id", "number", "street", "visitUnallowedAt", "visitedAt", "block_id") VALUES (1464, '8', 'Rui Barbosa', NULL, NULL, 97);
INSERT INTO "Address" ("id", "number", "street", "visitUnallowedAt", "visitedAt", "block_id") VALUES (1465, '9', 'Rui Barbosa', NULL, NULL, 97);
INSERT INTO "Address" ("id", "number", "street", "visitUnallowedAt", "visitedAt", "block_id") VALUES (1466, '10', 'Rui Barbosa', NULL, NULL, 97);
INSERT INTO "Address" ("id", "number", "street", "visitUnallowedAt", "visitedAt", "block_id") VALUES (1467, '11', 'Floriano Peixoto', NULL, NULL, 97);
INSERT INTO "Address" ("id", "number", "street", "visitUnallowedAt", "visitedAt", "block_id") VALUES (1468, '12', 'Floriano Peixoto', NULL, NULL, 97);
INSERT INTO "Address" ("id", "number", "street", "visitUnallowedAt", "visitedAt", "block_id") VALUES (1469, '13', 'Floriano Peixoto', NULL, NULL, 97);
INSERT INTO "Address" ("id", "number", "street", "visitUnallowedAt", "visitedAt", "block_id") VALUES (1470, '14', 'Floriano Peixoto', NULL, NULL, 97);
INSERT INTO "Address" ("id", "number", "street", "visitUnallowedAt", "visitedAt", "block_id") VALUES (1471, '15', 'Floriano Peixoto', NULL, NULL, 97);
INSERT INTO "Address" ("id", "number", "street", "visitUnallowedAt", "visitedAt", "block_id") VALUES (1472, '16', 'Floriano Peixoto', NULL, NULL, 97);
INSERT INTO "Address" ("id", "number", "street", "visitUnallowedAt", "visitedAt", "block_id") VALUES (1473, '17', 'Floriano Peixoto', NULL, NULL, 97);
INSERT INTO "Address" ("id", "number", "street", "visitUnallowedAt", "visitedAt", "block_id") VALUES (1474, '18', 'Floriano Peixoto', NULL, NULL, 97);
INSERT INTO "Address" ("id", "number", "street", "visitUnallowedAt", "visitedAt", "block_id") VALUES (1475, '19', 'Jânio Quadro', NULL, NULL, 97);
INSERT INTO "Address" ("id", "number", "street", "visitUnallowedAt", "visitedAt", "block_id") VALUES (1476, '20', 'Jânio Quadro', NULL, NULL, 97);
INSERT INTO "Address" ("id", "number", "street", "visitUnallowedAt", "visitedAt", "block_id") VALUES (1477, '21', 'Jânio Quadro', NULL, NULL, 97);
INSERT INTO "Address" ("id", "number", "street", "visitUnallowedAt", "visitedAt", "block_id") VALUES (1478, '22', 'Jânio Quadro', NULL, NULL, 97);
INSERT INTO "Address" ("id", "number", "street", "visitUnallowedAt", "visitedAt", "block_id") VALUES (1479, '23', 'Jânio Quadro', NULL, NULL, 97);
INSERT INTO "Address" ("id", "number", "street", "visitUnallowedAt", "visitedAt", "block_id") VALUES (1480, '24', 'Jânio Quadro', NULL, NULL, 97);
INSERT INTO "Address" ("id", "number", "street", "visitUnallowedAt", "visitedAt", "block_id") VALUES (1481, '350', 'Jânio Quadro', NULL, NULL, 97);
INSERT INTO "Address" ("id", "number", "street", "visitUnallowedAt", "visitedAt", "block_id") VALUES (1482, '400', 'Jânio Quadro', NULL, NULL, 97);
INSERT INTO "Address" ("id", "number", "street", "visitUnallowedAt", "visitedAt", "block_id") VALUES (1483, '25', 'Getúlio Vargas', NULL, NULL, 97);
INSERT INTO "Address" ("id", "number", "street", "visitUnallowedAt", "visitedAt", "block_id") VALUES (1484, '10', 'Getúlio Vargas', NULL, NULL, 97);
INSERT INTO "Address" ("id", "number", "street", "visitUnallowedAt", "visitedAt", "block_id") VALUES (1485, '25', 'Getúlio Vargas', NULL, NULL, 97);
INSERT INTO "Address" ("id", "number", "street", "visitUnallowedAt", "visitedAt", "block_id") VALUES (1486, '26', 'Getúlio Vargas', NULL, NULL, 97);
INSERT INTO "Address" ("id", "number", "street", "visitUnallowedAt", "visitedAt", "block_id") VALUES (1487, '27', 'Getúlio Vargas', NULL, NULL, 97);
INSERT INTO "Address" ("id", "number", "street", "visitUnallowedAt", "visitedAt", "block_id") VALUES (1488, '28', 'Getúlio Vargas', NULL, NULL, 97);
INSERT INTO "Address" ("id", "number", "street", "visitUnallowedAt", "visitedAt", "block_id") VALUES (1489, '29', 'Getúlio Vargas', NULL, NULL, 97);
INSERT INTO "Address" ("id", "number", "street", "visitUnallowedAt", "visitedAt", "block_id") VALUES (1490, '9999', 'Getúlio Vargas', NULL, NULL, 97);
INSERT INTO "Block" ("id", "name", "territory_id") VALUES (98, 'O', 7);
INSERT INTO "Address" ("id", "number", "street", "visitUnallowedAt", "visitedAt", "block_id") VALUES (1491, '421', 'Avenida Central', NULL, NULL, 98);
INSERT INTO "Address" ("id", "number", "street", "visitUnallowedAt", "visitedAt", "block_id") VALUES (1492, '407', 'Avenida Central', NULL, NULL, 98);
INSERT INTO "Address" ("id", "number", "street", "visitUnallowedAt", "visitedAt", "block_id") VALUES (1493, '94', 'Dom Pedro I', NULL, NULL, 98);
INSERT INTO "Address" ("id", "number", "street", "visitUnallowedAt", "visitedAt", "block_id") VALUES (1494, 'SN°2', 'Dom Pedro I', NULL, NULL, 98);
INSERT INTO "Address" ("id", "number", "street", "visitUnallowedAt", "visitedAt", "block_id") VALUES (1495, 'SN°3', 'Dom Pedro I', NULL, NULL, 98);
INSERT INTO "Address" ("id", "number", "street", "visitUnallowedAt", "visitedAt", "block_id") VALUES (1496, '71', 'Floriano Peixoto', NULL, NULL, 98);
INSERT INTO "Address" ("id", "number", "street", "visitUnallowedAt", "visitedAt", "block_id") VALUES (1497, '83', 'Floriano Peixoto', NULL, NULL, 98);
INSERT INTO "Address" ("id", "number", "street", "visitUnallowedAt", "visitedAt", "block_id") VALUES (1498, 'SN°3', 'Floriano Peixoto', NULL, NULL, 98);
INSERT INTO "Address" ("id", "number", "street", "visitUnallowedAt", "visitedAt", "block_id") VALUES (1499, 'SN°4', 'Floriano Peixoto', NULL, NULL, 98);
INSERT INTO "Block" ("id", "name", "territory_id") VALUES (99, 'P', 7);
INSERT INTO "Address" ("id", "number", "street", "visitUnallowedAt", "visitedAt", "block_id") VALUES (1500, '463', 'Avenida Central', NULL, NULL, 99);
INSERT INTO "Address" ("id", "number", "street", "visitUnallowedAt", "visitedAt", "block_id") VALUES (1501, '477', 'Avenida Central', NULL, NULL, 99);
INSERT INTO "Address" ("id", "number", "street", "visitUnallowedAt", "visitedAt", "block_id") VALUES (1502, '82', 'Hermes da Fonseca', NULL, NULL, 99);
INSERT INTO "Address" ("id", "number", "street", "visitUnallowedAt", "visitedAt", "block_id") VALUES (1503, '56', 'Hermes da Fonseca', NULL, NULL, 99);
INSERT INTO "Address" ("id", "number", "street", "visitUnallowedAt", "visitedAt", "block_id") VALUES (1504, 'SN°3', 'Hermes da Fonseca', NULL, NULL, 99);
INSERT INTO "Address" ("id", "number", "street", "visitUnallowedAt", "visitedAt", "block_id") VALUES (1505, 'SN°1', 'Dom Pedro I', NULL, NULL, 99);
INSERT INTO "Address" ("id", "number", "street", "visitUnallowedAt", "visitedAt", "block_id") VALUES (1506, '96', 'Dom Pedro I', NULL, NULL, 99);
INSERT INTO "Address" ("id", "number", "street", "visitUnallowedAt", "visitedAt", "block_id") VALUES (1507, '81', 'Dom Pedro I', NULL, NULL, 99);
INSERT INTO "Address" ("id", "number", "street", "visitUnallowedAt", "visitedAt", "block_id") VALUES (1508, '63', 'Dom Pedro I', NULL, NULL, 99);
INSERT INTO "Address" ("id", "number", "street", "visitUnallowedAt", "visitedAt", "block_id") VALUES (1509, 'SN°5', 'Dom Pedro I', NULL, NULL, 99);
INSERT INTO "Address" ("id", "number", "street", "visitUnallowedAt", "visitedAt", "block_id") VALUES (1510, '43', 'Dom Pedro I', NULL, NULL, 99);
INSERT INTO "Address" ("id", "number", "street", "visitUnallowedAt", "visitedAt", "block_id") VALUES (1511, 'SN°7', 'Dom Pedro I', NULL, NULL, 99);
INSERT INTO "Block" ("id", "name", "territory_id") VALUES (100, 'Q', 7);
INSERT INTO "Address" ("id", "number", "street", "visitUnallowedAt", "visitedAt", "block_id") VALUES (1512, '463', 'Avenida Central', NULL, NULL, 100);
INSERT INTO "Address" ("id", "number", "street", "visitUnallowedAt", "visitedAt", "block_id") VALUES (1513, '477', 'Avenida Central', NULL, NULL, 100);
INSERT INTO "Address" ("id", "number", "street", "visitUnallowedAt", "visitedAt", "block_id") VALUES (1514, '65', 'Hermes da Fonseca', NULL, NULL, 100);
INSERT INTO "Address" ("id", "number", "street", "visitUnallowedAt", "visitedAt", "block_id") VALUES (1515, 'SN°2', 'Hermes da Fonseca', NULL, NULL, 100);
INSERT INTO "Address" ("id", "number", "street", "visitUnallowedAt", "visitedAt", "block_id") VALUES (1516, 'SN°3', 'Hermes da Fonseca', NULL, NULL, 100);
INSERT INTO "Address" ("id", "number", "street", "visitUnallowedAt", "visitedAt", "block_id") VALUES (1517, 'SN°4', 'Hermes da Fonseca', NULL, NULL, 100);
INSERT INTO "Block" ("id", "name", "territory_id") VALUES (101, 'R', 7);
INSERT INTO "Address" ("id", "number", "street", "visitUnallowedAt", "visitedAt", "block_id") VALUES (1518, 'SN°1', 'Getúlio Vargas', NULL, NULL, 101);
INSERT INTO "Address" ("id", "number", "street", "visitUnallowedAt", "visitedAt", "block_id") VALUES (1519, '180-1', 'Itamar Franco', NULL, NULL, 101);
INSERT INTO "Address" ("id", "number", "street", "visitUnallowedAt", "visitedAt", "block_id") VALUES (1520, '180-2', 'Itamar Franco', NULL, NULL, 101);
INSERT INTO "Address" ("id", "number", "street", "visitUnallowedAt", "visitedAt", "block_id") VALUES (1521, 'SN°3', 'Itamar Franco', NULL, NULL, 101);
INSERT INTO "Address" ("id", "number", "street", "visitUnallowedAt", "visitedAt", "block_id") VALUES (1522, 'SN°4', 'Itamar Franco', NULL, NULL, 101);
INSERT INTO "Address" ("id", "number", "street", "visitUnallowedAt", "visitedAt", "block_id") VALUES (1523, '95', 'Araranguá', NULL, NULL, 101);
INSERT INTO "Address" ("id", "number", "street", "visitUnallowedAt", "visitedAt", "block_id") VALUES (1524, 'SN°1', 'Araranguá', NULL, NULL, 101);
INSERT INTO "Address" ("id", "number", "street", "visitUnallowedAt", "visitedAt", "block_id") VALUES (1525, 'SN°2', 'Araranguá', NULL, NULL, 101);
INSERT INTO "Block" ("id", "name", "territory_id") VALUES (102, 'S', 7);
INSERT INTO "Address" ("id", "number", "street", "visitUnallowedAt", "visitedAt", "block_id") VALUES (1526, 'SN°1', 'Getúlio Vargas', NULL, NULL, 102);
INSERT INTO "Address" ("id", "number", "street", "visitUnallowedAt", "visitedAt", "block_id") VALUES (1527, 'SN°2', 'Getúlio Vargas', NULL, NULL, 102);
INSERT INTO "Address" ("id", "number", "street", "visitUnallowedAt", "visitedAt", "block_id") VALUES (1528, '274', 'Itamar Franco', NULL, NULL, 102);
INSERT INTO "Address" ("id", "number", "street", "visitUnallowedAt", "visitedAt", "block_id") VALUES (1529, 'SN°2', 'Itamar Franco', NULL, NULL, 102);
INSERT INTO "Address" ("id", "number", "street", "visitUnallowedAt", "visitedAt", "block_id") VALUES (1530, 'SN°1', 'Araranguá', NULL, NULL, 102);
INSERT INTO "Block" ("id", "name", "territory_id") VALUES (103, 'T', 7);
INSERT INTO "Address" ("id", "number", "street", "visitUnallowedAt", "visitedAt", "block_id") VALUES (1531, 'SN°1', 'Araranguá', NULL, NULL, 103);
INSERT INTO "Address" ("id", "number", "street", "visitUnallowedAt", "visitedAt", "block_id") VALUES (1532, 'SN°2', 'Araranguá', NULL, NULL, 103);
INSERT INTO "Address" ("id", "number", "street", "visitUnallowedAt", "visitedAt", "block_id") VALUES (1533, '577', 'Santa Catarina', NULL, NULL, 103);
INSERT INTO "Address" ("id", "number", "street", "visitUnallowedAt", "visitedAt", "block_id") VALUES (1534, '547', 'Santa Catarina', NULL, NULL, 103);
INSERT INTO "Address" ("id", "number", "street", "visitUnallowedAt", "visitedAt", "block_id") VALUES (1535, '629', 'Santa Catarina', NULL, NULL, 103);
INSERT INTO "Address" ("id", "number", "street", "visitUnallowedAt", "visitedAt", "block_id") VALUES (1536, '667', 'Santa Catarina', NULL, NULL, 103);
INSERT INTO "Block" ("id", "name", "territory_id") VALUES (104, 'U', 7);
INSERT INTO "Address" ("id", "number", "street", "visitUnallowedAt", "visitedAt", "block_id") VALUES (1537, '520', 'Araranguá', NULL, NULL, 104);
INSERT INTO "Address" ("id", "number", "street", "visitUnallowedAt", "visitedAt", "block_id") VALUES (1538, '548', 'Araranguá', NULL, NULL, 104);
INSERT INTO "Address" ("id", "number", "street", "visitUnallowedAt", "visitedAt", "block_id") VALUES (1539, 'SN°3', 'Araranguá', NULL, NULL, 104);
INSERT INTO "Territory" ("id", "mapImageUrl", "name", "number", "warningMessage") VALUES (8, '', 'Praia Azul - Oeste', '8', '');
INSERT INTO "Block" ("id", "name", "territory_id") VALUES (105, 'A', 8);
INSERT INTO "Address" ("id", "number", "street", "visitUnallowedAt", "visitedAt", "block_id") VALUES (1540, 'SN°1', 'Santa Catarina', NULL, NULL, 105);
INSERT INTO "Address" ("id", "number", "street", "visitUnallowedAt", "visitedAt", "block_id") VALUES (1541, 'SN°2', 'Santa Catarina', NULL, NULL, 105);
INSERT INTO "Block" ("id", "name", "territory_id") VALUES (106, 'B', 8);
INSERT INTO "Address" ("id", "number", "street", "visitUnallowedAt", "visitedAt", "block_id") VALUES (1542, '860', 'Santa Catarina', NULL, NULL, 106);
INSERT INTO "Address" ("id", "number", "street", "visitUnallowedAt", "visitedAt", "block_id") VALUES (1543, '828', 'Santa Catarina', NULL, NULL, 106);
INSERT INTO "Address" ("id", "number", "street", "visitUnallowedAt", "visitedAt", "block_id") VALUES (1544, '808', 'Santa Catarina', NULL, NULL, 106);
INSERT INTO "Address" ("id", "number", "street", "visitUnallowedAt", "visitedAt", "block_id") VALUES (1545, '770', 'Santa Catarina', NULL, NULL, 106);
INSERT INTO "Address" ("id", "number", "street", "visitUnallowedAt", "visitedAt", "block_id") VALUES (1546, 'SN°5', 'Santa Catarina', NULL, NULL, 106);
INSERT INTO "Address" ("id", "number", "street", "visitUnallowedAt", "visitedAt", "block_id") VALUES (1547, 'SN°6', 'Santa Catarina', NULL, NULL, 106);
INSERT INTO "Address" ("id", "number", "street", "visitUnallowedAt", "visitedAt", "block_id") VALUES (1548, '654', 'Santa Catarina', NULL, NULL, 106);
INSERT INTO "Address" ("id", "number", "street", "visitUnallowedAt", "visitedAt", "block_id") VALUES (1549, 'SN°1', 'Rua 8', NULL, NULL, 106);
INSERT INTO "Address" ("id", "number", "street", "visitUnallowedAt", "visitedAt", "block_id") VALUES (1550, 'SN°1', 'Érico Veríssimo', NULL, NULL, 106);
INSERT INTO "Block" ("id", "name", "territory_id") VALUES (107, 'C', 8);
INSERT INTO "Address" ("id", "number", "street", "visitUnallowedAt", "visitedAt", "block_id") VALUES (1551, 'SN°1', 'Santa Catarina', NULL, NULL, 107);
INSERT INTO "Address" ("id", "number", "street", "visitUnallowedAt", "visitedAt", "block_id") VALUES (1552, 'SN°2', 'Santa Catarina', NULL, NULL, 107);
INSERT INTO "Address" ("id", "number", "street", "visitUnallowedAt", "visitedAt", "block_id") VALUES (1553, 'SN°3', 'Santa Catarina', NULL, NULL, 107);
INSERT INTO "Address" ("id", "number", "street", "visitUnallowedAt", "visitedAt", "block_id") VALUES (1554, 'SN°4', 'Santa Catarina', NULL, NULL, 107);
INSERT INTO "Address" ("id", "number", "street", "visitUnallowedAt", "visitedAt", "block_id") VALUES (1555, 'SN°5', 'Santa Catarina', NULL, NULL, 107);
INSERT INTO "Address" ("id", "number", "street", "visitUnallowedAt", "visitedAt", "block_id") VALUES (1556, '888', 'Santa Catarina', NULL, NULL, 107);
INSERT INTO "Address" ("id", "number", "street", "visitUnallowedAt", "visitedAt", "block_id") VALUES (1557, 'SN°7', 'Santa Catarina', NULL, NULL, 107);
INSERT INTO "Block" ("id", "name", "territory_id") VALUES (108, 'C1', 8);
INSERT INTO "Address" ("id", "number", "street", "visitUnallowedAt", "visitedAt", "block_id") VALUES (1558, 'SN°1', 'Rua 7', NULL, NULL, 108);
INSERT INTO "Address" ("id", "number", "street", "visitUnallowedAt", "visitedAt", "block_id") VALUES (1559, 'SN°2', 'Rua 7', NULL, NULL, 108);
INSERT INTO "Address" ("id", "number", "street", "visitUnallowedAt", "visitedAt", "block_id") VALUES (1560, 'SN°1', 'Santa Catarina', NULL, NULL, 108);
INSERT INTO "Address" ("id", "number", "street", "visitUnallowedAt", "visitedAt", "block_id") VALUES (1561, 'SN°2', 'Santa Catarina', NULL, NULL, 108);
INSERT INTO "Address" ("id", "number", "street", "visitUnallowedAt", "visitedAt", "block_id") VALUES (1562, 'SN°3', 'Santa Catarina', NULL, NULL, 108);
INSERT INTO "Block" ("id", "name", "territory_id") VALUES (109, 'D', 8);
INSERT INTO "Address" ("id", "number", "street", "visitUnallowedAt", "visitedAt", "block_id") VALUES (1563, 'SN°1', 'Santa Catarina', NULL, NULL, 109);
INSERT INTO "Address" ("id", "number", "street", "visitUnallowedAt", "visitedAt", "block_id") VALUES (1564, '881', 'Santa Catarina', NULL, NULL, 109);
INSERT INTO "Address" ("id", "number", "street", "visitUnallowedAt", "visitedAt", "block_id") VALUES (1565, '839', 'Santa Catarina', NULL, NULL, 109);
INSERT INTO "Address" ("id", "number", "street", "visitUnallowedAt", "visitedAt", "block_id") VALUES (1566, 'SN°4', 'Santa Catarina', NULL, NULL, 109);
INSERT INTO "Address" ("id", "number", "street", "visitUnallowedAt", "visitedAt", "block_id") VALUES (1567, 'SN°5', 'Santa Catarina', NULL, NULL, 109);
INSERT INTO "Address" ("id", "number", "street", "visitUnallowedAt", "visitedAt", "block_id") VALUES (1568, 'SN°6', 'Santa Catarina', NULL, NULL, 109);
INSERT INTO "Address" ("id", "number", "street", "visitUnallowedAt", "visitedAt", "block_id") VALUES (1569, '749', 'Santa Catarina', NULL, NULL, 109);
INSERT INTO "Address" ("id", "number", "street", "visitUnallowedAt", "visitedAt", "block_id") VALUES (1570, '723', 'Santa Catarina', NULL, NULL, 109);
INSERT INTO "Address" ("id", "number", "street", "visitUnallowedAt", "visitedAt", "block_id") VALUES (1571, '667', 'Santa Catarina', NULL, NULL, 109);
INSERT INTO "Address" ("id", "number", "street", "visitUnallowedAt", "visitedAt", "block_id") VALUES (1572, 'SN°10', 'Santa Catarina', NULL, NULL, 109);
INSERT INTO "Address" ("id", "number", "street", "visitUnallowedAt", "visitedAt", "block_id") VALUES (1573, 'SN°1', 'Domitila de Castro', NULL, NULL, 109);
INSERT INTO "Address" ("id", "number", "street", "visitUnallowedAt", "visitedAt", "block_id") VALUES (1574, 'SN°1', 'Araranguá', NULL, NULL, 109);
INSERT INTO "Address" ("id", "number", "street", "visitUnallowedAt", "visitedAt", "block_id") VALUES (1575, 'SN°2', 'Araranguá', NULL, NULL, 109);
INSERT INTO "Address" ("id", "number", "street", "visitUnallowedAt", "visitedAt", "block_id") VALUES (1576, 'SN°1', 'Itamar Franco', NULL, NULL, 109);
INSERT INTO "Address" ("id", "number", "street", "visitUnallowedAt", "visitedAt", "block_id") VALUES (1577, 'SN°2', 'Itamar Franco', NULL, NULL, 109);
INSERT INTO "Address" ("id", "number", "street", "visitUnallowedAt", "visitedAt", "block_id") VALUES (1578, 'SN°3', 'Itamar Franco', NULL, NULL, 109);
INSERT INTO "Address" ("id", "number", "street", "visitUnallowedAt", "visitedAt", "block_id") VALUES (1579, 'SN°4', 'Itamar Franco', NULL, NULL, 109);
INSERT INTO "Address" ("id", "number", "street", "visitUnallowedAt", "visitedAt", "block_id") VALUES (1580, 'SN°5', 'Itamar Franco', NULL, NULL, 109);
INSERT INTO "Block" ("id", "name", "territory_id") VALUES (110, 'E', 8);
INSERT INTO "Address" ("id", "number", "street", "visitUnallowedAt", "visitedAt", "block_id") VALUES (1581, 'SN°1', 'Domitila de Castro', NULL, NULL, 110);
INSERT INTO "Address" ("id", "number", "street", "visitUnallowedAt", "visitedAt", "block_id") VALUES (1582, 'SN°2', 'Domitila de Castro', NULL, NULL, 110);
INSERT INTO "Address" ("id", "number", "street", "visitUnallowedAt", "visitedAt", "block_id") VALUES (1583, 'SN°1', 'Santa Catarina', NULL, NULL, 110);
INSERT INTO "Address" ("id", "number", "street", "visitUnallowedAt", "visitedAt", "block_id") VALUES (1584, '65', 'Santa Catarina', NULL, NULL, 110);
INSERT INTO "Address" ("id", "number", "street", "visitUnallowedAt", "visitedAt", "block_id") VALUES (1585, 'SN°3', 'Santa Catarina', NULL, NULL, 110);
INSERT INTO "Address" ("id", "number", "street", "visitUnallowedAt", "visitedAt", "block_id") VALUES (1586, 'SN°4', 'Santa Catarina', NULL, NULL, 110);
INSERT INTO "Address" ("id", "number", "street", "visitUnallowedAt", "visitedAt", "block_id") VALUES (1587, 'SN°5', 'Santa Catarina', NULL, NULL, 110);
INSERT INTO "Address" ("id", "number", "street", "visitUnallowedAt", "visitedAt", "block_id") VALUES (1588, 'SN°1', 'Joaquim Nabuco', NULL, NULL, 110);
INSERT INTO "Address" ("id", "number", "street", "visitUnallowedAt", "visitedAt", "block_id") VALUES (1589, 'SN°1', 'Araranguá', NULL, NULL, 110);
INSERT INTO "Address" ("id", "number", "street", "visitUnallowedAt", "visitedAt", "block_id") VALUES (1590, '70', 'Araranguá', NULL, NULL, 110);
INSERT INTO "Address" ("id", "number", "street", "visitUnallowedAt", "visitedAt", "block_id") VALUES (1591, '60', 'Araranguá', NULL, NULL, 110);
INSERT INTO "Address" ("id", "number", "street", "visitUnallowedAt", "visitedAt", "block_id") VALUES (1592, 'SN°4', 'Araranguá', NULL, NULL, 110);
INSERT INTO "Block" ("id", "name", "territory_id") VALUES (111, 'F', 8);
INSERT INTO "Address" ("id", "number", "street", "visitUnallowedAt", "visitedAt", "block_id") VALUES (1593, 'SN°1', 'Santa Catarina', NULL, NULL, 111);
INSERT INTO "Block" ("id", "name", "territory_id") VALUES (112, 'G', 8);
INSERT INTO "Address" ("id", "number", "street", "visitUnallowedAt", "visitedAt", "block_id") VALUES (1594, 'SN°1', 'Av. Central', NULL, NULL, 112);
INSERT INTO "Address" ("id", "number", "street", "visitUnallowedAt", "visitedAt", "block_id") VALUES (1595, '690', 'Av. Central', NULL, NULL, 112);
INSERT INTO "Address" ("id", "number", "street", "visitUnallowedAt", "visitedAt", "block_id") VALUES (1596, 'SN°1', 'Itamar Franco', NULL, NULL, 112);
INSERT INTO "Address" ("id", "number", "street", "visitUnallowedAt", "visitedAt", "block_id") VALUES (1597, 'SN°1', 'Princesa Isabel', NULL, NULL, 112);
INSERT INTO "Address" ("id", "number", "street", "visitUnallowedAt", "visitedAt", "block_id") VALUES (1598, 'SN°2', 'Princesa Isabel', NULL, NULL, 112);
INSERT INTO "Block" ("id", "name", "territory_id") VALUES (113, 'H', 8);
INSERT INTO "Address" ("id", "number", "street", "visitUnallowedAt", "visitedAt", "block_id") VALUES (1599, 'SN°1', 'Princesa Isabel', NULL, NULL, 113);
INSERT INTO "Address" ("id", "number", "street", "visitUnallowedAt", "visitedAt", "block_id") VALUES (1600, '235', 'Princesa Isabel', NULL, NULL, 113);
INSERT INTO "Address" ("id", "number", "street", "visitUnallowedAt", "visitedAt", "block_id") VALUES (1601, 'SN°3', 'Princesa Isabel', NULL, NULL, 113);
INSERT INTO "Address" ("id", "number", "street", "visitUnallowedAt", "visitedAt", "block_id") VALUES (1602, '197', 'Princesa Isabel', NULL, NULL, 113);
INSERT INTO "Address" ("id", "number", "street", "visitUnallowedAt", "visitedAt", "block_id") VALUES (1603, '185', 'Princesa Isabel', NULL, NULL, 113);
INSERT INTO "Address" ("id", "number", "street", "visitUnallowedAt", "visitedAt", "block_id") VALUES (1604, '757', 'Itamar Franco', NULL, NULL, 113);
INSERT INTO "Address" ("id", "number", "street", "visitUnallowedAt", "visitedAt", "block_id") VALUES (1605, '743', 'Itamar Franco', NULL, NULL, 113);
INSERT INTO "Address" ("id", "number", "street", "visitUnallowedAt", "visitedAt", "block_id") VALUES (1606, '182', 'Eurico Dutra', NULL, NULL, 113);
INSERT INTO "Address" ("id", "number", "street", "visitUnallowedAt", "visitedAt", "block_id") VALUES (1607, '96', 'Eurico Dutra', NULL, NULL, 113);
INSERT INTO "Address" ("id", "number", "street", "visitUnallowedAt", "visitedAt", "block_id") VALUES (1608, 'SN°3', 'Eurico Dutra', NULL, NULL, 113);
INSERT INTO "Address" ("id", "number", "street", "visitUnallowedAt", "visitedAt", "block_id") VALUES (1609, 'SN°4', 'Eurico Dutra', NULL, NULL, 113);
INSERT INTO "Address" ("id", "number", "street", "visitUnallowedAt", "visitedAt", "block_id") VALUES (1610, 'SN°5', 'Eurico Dutra', NULL, NULL, 113);
INSERT INTO "Address" ("id", "number", "street", "visitUnallowedAt", "visitedAt", "block_id") VALUES (1611, 'SN°6', 'Eurico Dutra', NULL, NULL, 113);
INSERT INTO "Address" ("id", "number", "street", "visitUnallowedAt", "visitedAt", "block_id") VALUES (1612, 'SN°1', 'Av. Central', NULL, NULL, 113);
INSERT INTO "Address" ("id", "number", "street", "visitUnallowedAt", "visitedAt", "block_id") VALUES (1613, 'SN°2', 'Av. Central', NULL, NULL, 113);
INSERT INTO "Address" ("id", "number", "street", "visitUnallowedAt", "visitedAt", "block_id") VALUES (1614, 'SN°3', 'Av. Central', NULL, NULL, 113);
INSERT INTO "Address" ("id", "number", "street", "visitUnallowedAt", "visitedAt", "block_id") VALUES (1615, 'SN°4', 'Av. Central', NULL, NULL, 113);
INSERT INTO "Address" ("id", "number", "street", "visitUnallowedAt", "visitedAt", "block_id") VALUES (1616, '834', 'Av. Central', NULL, NULL, 113);
INSERT INTO "Address" ("id", "number", "street", "visitUnallowedAt", "visitedAt", "block_id") VALUES (1617, '842', 'Av. Central', NULL, NULL, 113);
INSERT INTO "Block" ("id", "name", "territory_id") VALUES (114, 'I', 8);
INSERT INTO "Address" ("id", "number", "street", "visitUnallowedAt", "visitedAt", "block_id") VALUES (1618, 'SN°1', 'Av. Central', NULL, NULL, 114);
INSERT INTO "Address" ("id", "number", "street", "visitUnallowedAt", "visitedAt", "block_id") VALUES (1619, '812', 'Av. Central', NULL, NULL, 114);
INSERT INTO "Address" ("id", "number", "street", "visitUnallowedAt", "visitedAt", "block_id") VALUES (1620, '213', 'Eurico Dutra', NULL, NULL, 114);
INSERT INTO "Address" ("id", "number", "street", "visitUnallowedAt", "visitedAt", "block_id") VALUES (1621, 'SN°2', 'Eurico Dutra', NULL, NULL, 114);
INSERT INTO "Address" ("id", "number", "street", "visitUnallowedAt", "visitedAt", "block_id") VALUES (1622, 'SN°3', 'Eurico Dutra', NULL, NULL, 114);
INSERT INTO "Address" ("id", "number", "street", "visitUnallowedAt", "visitedAt", "block_id") VALUES (1623, '809', 'Itamar Franco', NULL, NULL, 114);
INSERT INTO "Address" ("id", "number", "street", "visitUnallowedAt", "visitedAt", "block_id") VALUES (1624, '739', 'Itamar Franco', NULL, NULL, 114);
INSERT INTO "Address" ("id", "number", "street", "visitUnallowedAt", "visitedAt", "block_id") VALUES (1625, '253', 'Itamar Franco', NULL, NULL, 114);
INSERT INTO "Address" ("id", "number", "street", "visitUnallowedAt", "visitedAt", "block_id") VALUES (1626, '226', 'Domitila de Castro', NULL, NULL, 114);
INSERT INTO "Address" ("id", "number", "street", "visitUnallowedAt", "visitedAt", "block_id") VALUES (1627, 'SN°2', 'Domitila de Castro', NULL, NULL, 114);
INSERT INTO "Address" ("id", "number", "street", "visitUnallowedAt", "visitedAt", "block_id") VALUES (1628, '222', 'Domitila de Castro', NULL, NULL, 114);
INSERT INTO "Address" ("id", "number", "street", "visitUnallowedAt", "visitedAt", "block_id") VALUES (1629, 'SN°4', 'Domitila de Castro', NULL, NULL, 114);
INSERT INTO "Address" ("id", "number", "street", "visitUnallowedAt", "visitedAt", "block_id") VALUES (1630, '174', 'Domitila de Castro', NULL, NULL, 114);
INSERT INTO "Block" ("id", "name", "territory_id") VALUES (115, 'J', 8);
INSERT INTO "Address" ("id", "number", "street", "visitUnallowedAt", "visitedAt", "block_id") VALUES (1631, '235', 'Domitila de Castro', NULL, NULL, 115);
INSERT INTO "Address" ("id", "number", "street", "visitUnallowedAt", "visitedAt", "block_id") VALUES (1632, '225', 'Domitila de Castro', NULL, NULL, 115);
INSERT INTO "Address" ("id", "number", "street", "visitUnallowedAt", "visitedAt", "block_id") VALUES (1633, 'SN°3', 'Domitila de Castro', NULL, NULL, 115);
INSERT INTO "Address" ("id", "number", "street", "visitUnallowedAt", "visitedAt", "block_id") VALUES (1634, 'SN°4', 'Domitila de Castro', NULL, NULL, 115);
INSERT INTO "Address" ("id", "number", "street", "visitUnallowedAt", "visitedAt", "block_id") VALUES (1635, 'SN°5', 'Domitila de Castro', NULL, NULL, 115);
INSERT INTO "Address" ("id", "number", "street", "visitUnallowedAt", "visitedAt", "block_id") VALUES (1636, '221', 'Domitila de Castro', NULL, NULL, 115);
INSERT INTO "Address" ("id", "number", "street", "visitUnallowedAt", "visitedAt", "block_id") VALUES (1637, 'SN°7', 'Domitila de Castro', NULL, NULL, 115);
INSERT INTO "Address" ("id", "number", "street", "visitUnallowedAt", "visitedAt", "block_id") VALUES (1638, 'SN°8', 'Domitila de Castro', NULL, NULL, 115);
INSERT INTO "Address" ("id", "number", "street", "visitUnallowedAt", "visitedAt", "block_id") VALUES (1639, 'SN°9', 'Domitila de Castro', NULL, NULL, 115);
INSERT INTO "Address" ("id", "number", "street", "visitUnallowedAt", "visitedAt", "block_id") VALUES (1640, '10', 'Araranguá', NULL, NULL, 115);
INSERT INTO "Address" ("id", "number", "street", "visitUnallowedAt", "visitedAt", "block_id") VALUES (1641, '424', 'Joaquim Nabuco', NULL, NULL, 115);
INSERT INTO "Address" ("id", "number", "street", "visitUnallowedAt", "visitedAt", "block_id") VALUES (1642, '425', 'Joaquim Nabuco', NULL, NULL, 115);
INSERT INTO "Address" ("id", "number", "street", "visitUnallowedAt", "visitedAt", "block_id") VALUES (1643, 'SN°3', 'Joaquim Nabuco', NULL, NULL, 115);
INSERT INTO "Address" ("id", "number", "street", "visitUnallowedAt", "visitedAt", "block_id") VALUES (1644, '35', 'Joaquim Nabuco', NULL, NULL, 115);
INSERT INTO "Address" ("id", "number", "street", "visitUnallowedAt", "visitedAt", "block_id") VALUES (1645, 'SN°5', 'Joaquim Nabuco', NULL, NULL, 115);
INSERT INTO "Address" ("id", "number", "street", "visitUnallowedAt", "visitedAt", "block_id") VALUES (1646, 'SN°6', 'Joaquim Nabuco', NULL, NULL, 115);
INSERT INTO "Address" ("id", "number", "street", "visitUnallowedAt", "visitedAt", "block_id") VALUES (1647, 'SN°7', 'Joaquim Nabuco', NULL, NULL, 115);
INSERT INTO "Address" ("id", "number", "street", "visitUnallowedAt", "visitedAt", "block_id") VALUES (1648, 'SN°8', 'Joaquim Nabuco', NULL, NULL, 115);
INSERT INTO "Address" ("id", "number", "street", "visitUnallowedAt", "visitedAt", "block_id") VALUES (1649, '953', 'Av. Central', NULL, NULL, 115);
INSERT INTO "Address" ("id", "number", "street", "visitUnallowedAt", "visitedAt", "block_id") VALUES (1650, 'SN°2', 'Av. Central', NULL, NULL, 115);
INSERT INTO "Address" ("id", "number", "street", "visitUnallowedAt", "visitedAt", "block_id") VALUES (1651, 'SN°3', 'Av. Central', NULL, NULL, 115);
INSERT INTO "Block" ("id", "name", "territory_id") VALUES (116, 'K', 8);
INSERT INTO "Address" ("id", "number", "street", "visitUnallowedAt", "visitedAt", "block_id") VALUES (1652, 'SN°1', 'Joaquim Nabuco', NULL, NULL, 116);
INSERT INTO "Address" ("id", "number", "street", "visitUnallowedAt", "visitedAt", "block_id") VALUES (1653, 'SN°2', 'Joaquim Nabuco', NULL, NULL, 116);
INSERT INTO "Block" ("id", "name", "territory_id") VALUES (117, 'L', 8);
INSERT INTO "Address" ("id", "number", "street", "visitUnallowedAt", "visitedAt", "block_id") VALUES (1654, 'SN°1', 'Joaquim Nabuco', NULL, NULL, 117);
INSERT INTO "Address" ("id", "number", "street", "visitUnallowedAt", "visitedAt", "block_id") VALUES (1655, 'SN°2', 'Joaquim Nabuco', NULL, NULL, 117);
INSERT INTO "Address" ("id", "number", "street", "visitUnallowedAt", "visitedAt", "block_id") VALUES (1656, 'SN°1', 'Rua 6', NULL, NULL, 117);
INSERT INTO "Address" ("id", "number", "street", "visitUnallowedAt", "visitedAt", "block_id") VALUES (1657, 'SN°2', 'Rua 6', NULL, NULL, 117);
INSERT INTO "Block" ("id", "name", "territory_id") VALUES (118, 'M', 8);
INSERT INTO "Address" ("id", "number", "street", "visitUnallowedAt", "visitedAt", "block_id") VALUES (1658, 'SN°1', 'Joaquim Nabuco', NULL, NULL, 118);
INSERT INTO "Address" ("id", "number", "street", "visitUnallowedAt", "visitedAt", "block_id") VALUES (1659, 'SN°1', 'Rua 2', NULL, NULL, 118);
INSERT INTO "Block" ("id", "name", "territory_id") VALUES (119, 'N', 8);
INSERT INTO "Address" ("id", "number", "street", "visitUnallowedAt", "visitedAt", "block_id") VALUES (1660, 'SN°1', 'Avenida Central', NULL, NULL, 119);
INSERT INTO "Address" ("id", "number", "street", "visitUnallowedAt", "visitedAt", "block_id") VALUES (1661, 'SN°2', 'Avenida Central', NULL, NULL, 119);
INSERT INTO "Address" ("id", "number", "street", "visitUnallowedAt", "visitedAt", "block_id") VALUES (1662, '72', 'Avenida Central', NULL, NULL, 119);
INSERT INTO "Address" ("id", "number", "street", "visitUnallowedAt", "visitedAt", "block_id") VALUES (1663, '57', 'Nilo Peçanha', NULL, NULL, 119);
INSERT INTO "Address" ("id", "number", "street", "visitUnallowedAt", "visitedAt", "block_id") VALUES (1664, 'SN°2', 'Nilo Peçanha', NULL, NULL, 119);
INSERT INTO "Address" ("id", "number", "street", "visitUnallowedAt", "visitedAt", "block_id") VALUES (1665, '88', 'Princesa Isabel', NULL, NULL, 119);
INSERT INTO "Address" ("id", "number", "street", "visitUnallowedAt", "visitedAt", "block_id") VALUES (1666, 'SN°2', 'Princesa Isabel', NULL, NULL, 119);
INSERT INTO "Address" ("id", "number", "street", "visitUnallowedAt", "visitedAt", "block_id") VALUES (1667, '62', 'Princesa Isabel', NULL, NULL, 119);
INSERT INTO "Address" ("id", "number", "street", "visitUnallowedAt", "visitedAt", "block_id") VALUES (1668, '72', 'Princesa Isabel', NULL, NULL, 119);
INSERT INTO "Address" ("id", "number", "street", "visitUnallowedAt", "visitedAt", "block_id") VALUES (1669, '82', 'Princesa Isabel', NULL, NULL, 119);
INSERT INTO "Address" ("id", "number", "street", "visitUnallowedAt", "visitedAt", "block_id") VALUES (1670, 'SN°1', 'Jânio Quadros', NULL, NULL, 119);
INSERT INTO "Address" ("id", "number", "street", "visitUnallowedAt", "visitedAt", "block_id") VALUES (1671, '12', 'Jânio Quadros', NULL, NULL, 119);
INSERT INTO "Block" ("id", "name", "territory_id") VALUES (120, 'O', 8);
INSERT INTO "Address" ("id", "number", "street", "visitUnallowedAt", "visitedAt", "block_id") VALUES (1672, '775', 'Av Central', NULL, NULL, 120);
INSERT INTO "Address" ("id", "number", "street", "visitUnallowedAt", "visitedAt", "block_id") VALUES (1673, '94', 'Eurico Dutra', NULL, NULL, 120);
INSERT INTO "Address" ("id", "number", "street", "visitUnallowedAt", "visitedAt", "block_id") VALUES (1674, '82', 'Eurico Dutra', NULL, NULL, 120);
INSERT INTO "Address" ("id", "number", "street", "visitUnallowedAt", "visitedAt", "block_id") VALUES (1675, 'SN°3', 'Eurico Dutra', NULL, NULL, 120);
INSERT INTO "Address" ("id", "number", "street", "visitUnallowedAt", "visitedAt", "block_id") VALUES (1676, 'SN°4', 'Eurico Dutra', NULL, NULL, 120);
INSERT INTO "Address" ("id", "number", "street", "visitUnallowedAt", "visitedAt", "block_id") VALUES (1677, 'SN°5', 'Eurico Dutra', NULL, NULL, 120);
INSERT INTO "Address" ("id", "number", "street", "visitUnallowedAt", "visitedAt", "block_id") VALUES (1678, 'SN°1', 'Jânio Quadros', NULL, NULL, 120);
INSERT INTO "Address" ("id", "number", "street", "visitUnallowedAt", "visitedAt", "block_id") VALUES (1679, 'SN°1', 'Princesa Isabel', NULL, NULL, 120);
INSERT INTO "Address" ("id", "number", "street", "visitUnallowedAt", "visitedAt", "block_id") VALUES (1680, '57', 'Princesa Isabel', NULL, NULL, 120);
INSERT INTO "Address" ("id", "number", "street", "visitUnallowedAt", "visitedAt", "block_id") VALUES (1681, '73', 'Princesa Isabel', NULL, NULL, 120);
INSERT INTO "Address" ("id", "number", "street", "visitUnallowedAt", "visitedAt", "block_id") VALUES (1682, 'SN°4', 'Princesa Isabel', NULL, NULL, 120);
INSERT INTO "Block" ("id", "name", "territory_id") VALUES (121, 'P', 8);
INSERT INTO "Address" ("id", "number", "street", "visitUnallowedAt", "visitedAt", "block_id") VALUES (1683, 'SN°1', 'Avenida Central', NULL, NULL, 121);
INSERT INTO "Address" ("id", "number", "street", "visitUnallowedAt", "visitedAt", "block_id") VALUES (1684, 'SN°1', 'Eurico Dutra', NULL, NULL, 121);
INSERT INTO "Address" ("id", "number", "street", "visitUnallowedAt", "visitedAt", "block_id") VALUES (1685, '69', 'Eurico Dutra', NULL, NULL, 121);
INSERT INTO "Address" ("id", "number", "street", "visitUnallowedAt", "visitedAt", "block_id") VALUES (1686, '87', 'Eurico Dutra', NULL, NULL, 121);
INSERT INTO "Address" ("id", "number", "street", "visitUnallowedAt", "visitedAt", "block_id") VALUES (1687, '73', 'Eurico Dutra', NULL, NULL, 121);
INSERT INTO "Address" ("id", "number", "street", "visitUnallowedAt", "visitedAt", "block_id") VALUES (1688, '88', 'Domitília de Castro', NULL, NULL, 121);
INSERT INTO "Address" ("id", "number", "street", "visitUnallowedAt", "visitedAt", "block_id") VALUES (1689, '74', 'Domitília de Castro', NULL, NULL, 121);
INSERT INTO "Address" ("id", "number", "street", "visitUnallowedAt", "visitedAt", "block_id") VALUES (1690, 'SN°3', 'Domitília de Castro', NULL, NULL, 121);
INSERT INTO "Address" ("id", "number", "street", "visitUnallowedAt", "visitedAt", "block_id") VALUES (1691, '50', 'Domitília de Castro', NULL, NULL, 121);
INSERT INTO "Address" ("id", "number", "street", "visitUnallowedAt", "visitedAt", "block_id") VALUES (1692, 'SN°5', 'Domitília de Castro', NULL, NULL, 121);
INSERT INTO "Address" ("id", "number", "street", "visitUnallowedAt", "visitedAt", "block_id") VALUES (1693, '910', 'Jânio Quadros', NULL, NULL, 121);
INSERT INTO "Address" ("id", "number", "street", "visitUnallowedAt", "visitedAt", "block_id") VALUES (1694, 'SN°2', 'Jânio Quadros', NULL, NULL, 121);
INSERT INTO "Address" ("id", "number", "street", "visitUnallowedAt", "visitedAt", "block_id") VALUES (1695, '988', 'Jânio Quadros', NULL, NULL, 121);
INSERT INTO "Block" ("id", "name", "territory_id") VALUES (122, 'Q', 8);
INSERT INTO "Address" ("id", "number", "street", "visitUnallowedAt", "visitedAt", "block_id") VALUES (1696, 'SN°1', 'Av. Central', NULL, NULL, 122);
INSERT INTO "Address" ("id", "number", "street", "visitUnallowedAt", "visitedAt", "block_id") VALUES (1697, '979', 'Av. Central', NULL, NULL, 122);
INSERT INTO "Address" ("id", "number", "street", "visitUnallowedAt", "visitedAt", "block_id") VALUES (1698, 'SN°3', 'Av. Central', NULL, NULL, 122);
INSERT INTO "Address" ("id", "number", "street", "visitUnallowedAt", "visitedAt", "block_id") VALUES (1699, '96', 'Joaquim Nabuco', NULL, NULL, 122);
INSERT INTO "Address" ("id", "number", "street", "visitUnallowedAt", "visitedAt", "block_id") VALUES (1700, '82', 'Joaquim Nabuco', NULL, NULL, 122);
INSERT INTO "Address" ("id", "number", "street", "visitUnallowedAt", "visitedAt", "block_id") VALUES (1701, 'SN°3', 'Joaquim Nabuco', NULL, NULL, 122);
INSERT INTO "Address" ("id", "number", "street", "visitUnallowedAt", "visitedAt", "block_id") VALUES (1702, 'SN°4', 'Joaquim Nabuco', NULL, NULL, 122);
INSERT INTO "Address" ("id", "number", "street", "visitUnallowedAt", "visitedAt", "block_id") VALUES (1703, '15', 'Joaquim Nabuco', NULL, NULL, 122);
INSERT INTO "Address" ("id", "number", "street", "visitUnallowedAt", "visitedAt", "block_id") VALUES (1704, 'SN°1', 'Jânio Quadros', NULL, NULL, 122);
INSERT INTO "Address" ("id", "number", "street", "visitUnallowedAt", "visitedAt", "block_id") VALUES (1705, '15', 'Domitila de Castro', NULL, NULL, 122);
INSERT INTO "Address" ("id", "number", "street", "visitUnallowedAt", "visitedAt", "block_id") VALUES (1706, '43', 'Domitila de Castro', NULL, NULL, 122);
INSERT INTO "Address" ("id", "number", "street", "visitUnallowedAt", "visitedAt", "block_id") VALUES (1707, '55', 'Domitila de Castro', NULL, NULL, 122);
INSERT INTO "Address" ("id", "number", "street", "visitUnallowedAt", "visitedAt", "block_id") VALUES (1708, '65', 'Domitila de Castro', NULL, NULL, 122);
INSERT INTO "Address" ("id", "number", "street", "visitUnallowedAt", "visitedAt", "block_id") VALUES (1709, '75', 'Domitila de Castro', NULL, NULL, 122);
INSERT INTO "Address" ("id", "number", "street", "visitUnallowedAt", "visitedAt", "block_id") VALUES (1710, '95', 'Domitila de Castro', NULL, NULL, 122);
INSERT INTO "Territory" ("id", "mapImageUrl", "name", "number", "warningMessage") VALUES (9, '', 'Caravelle - Leste', '9', '');
INSERT INTO "Block" ("id", "name", "territory_id") VALUES (123, 'A', 9);
INSERT INTO "Address" ("id", "number", "street", "visitUnallowedAt", "visitedAt", "block_id") VALUES (1711, '3308', 'Caiobá', NULL, NULL, 123);
INSERT INTO "Address" ("id", "number", "street", "visitUnallowedAt", "visitedAt", "block_id") VALUES (1712, '3296', 'Caiobá', NULL, NULL, 123);
INSERT INTO "Address" ("id", "number", "street", "visitUnallowedAt", "visitedAt", "block_id") VALUES (1713, 'SN°1', 'Canoa Quebrada', NULL, NULL, 123);
INSERT INTO "Address" ("id", "number", "street", "visitUnallowedAt", "visitedAt", "block_id") VALUES (1714, 'SN°2', 'Canoa Quebrada', NULL, NULL, 123);
INSERT INTO "Address" ("id", "number", "street", "visitUnallowedAt", "visitedAt", "block_id") VALUES (1715, '435', 'Canoa Quebrada', NULL, NULL, 123);
INSERT INTO "Address" ("id", "number", "street", "visitUnallowedAt", "visitedAt", "block_id") VALUES (1716, 'SN°4', 'Canoa Quebrada', NULL, NULL, 123);
INSERT INTO "Address" ("id", "number", "street", "visitUnallowedAt", "visitedAt", "block_id") VALUES (1717, '150', 'Girassóis', NULL, NULL, 123);
INSERT INTO "Block" ("id", "name", "territory_id") VALUES (124, 'B/C', 9);
INSERT INTO "Address" ("id", "number", "street", "visitUnallowedAt", "visitedAt", "block_id") VALUES (1718, 'SN°1', 'Caiobá/Getúlio Vargas', NULL, NULL, 124);
INSERT INTO "Address" ("id", "number", "street", "visitUnallowedAt", "visitedAt", "block_id") VALUES (1719, '3200', 'Caiobá/Getúlio Vargas', NULL, NULL, 124);
INSERT INTO "Address" ("id", "number", "street", "visitUnallowedAt", "visitedAt", "block_id") VALUES (1720, 'SN°3', 'Caiobá/Getúlio Vargas', NULL, NULL, 124);
INSERT INTO "Address" ("id", "number", "street", "visitUnallowedAt", "visitedAt", "block_id") VALUES (1721, 'SN°4', 'Caiobá/Getúlio Vargas', NULL, NULL, 124);
INSERT INTO "Address" ("id", "number", "street", "visitUnallowedAt", "visitedAt", "block_id") VALUES (1722, '3924', 'Caiobá/Getúlio Vargas', NULL, NULL, 124);
INSERT INTO "Address" ("id", "number", "street", "visitUnallowedAt", "visitedAt", "block_id") VALUES (1723, '642', 'Caiobá/Getúlio Vargas', NULL, NULL, 124);
INSERT INTO "Address" ("id", "number", "street", "visitUnallowedAt", "visitedAt", "block_id") VALUES (1724, 'SN°1', 'Oswald de Andrade/Canoa Quebrada', NULL, NULL, 124);
INSERT INTO "Address" ("id", "number", "street", "visitUnallowedAt", "visitedAt", "block_id") VALUES (1725, '199', 'Oswald de Andrade/Canoa Quebrada', NULL, NULL, 124);
INSERT INTO "Address" ("id", "number", "street", "visitUnallowedAt", "visitedAt", "block_id") VALUES (1726, 'SN°3', 'Oswald de Andrade/Canoa Quebrada', NULL, NULL, 124);
INSERT INTO "Address" ("id", "number", "street", "visitUnallowedAt", "visitedAt", "block_id") VALUES (1727, 'SN°4', 'Oswald de Andrade/Canoa Quebrada', NULL, NULL, 124);
INSERT INTO "Address" ("id", "number", "street", "visitUnallowedAt", "visitedAt", "block_id") VALUES (1728, '245', 'Oswald de Andrade/Canoa Quebrada', NULL, NULL, 124);
INSERT INTO "Address" ("id", "number", "street", "visitUnallowedAt", "visitedAt", "block_id") VALUES (1729, '259', 'Oswald de Andrade/Canoa Quebrada', NULL, NULL, 124);
INSERT INTO "Address" ("id", "number", "street", "visitUnallowedAt", "visitedAt", "block_id") VALUES (1730, '281', 'Oswald de Andrade/Canoa Quebrada', NULL, NULL, 124);
INSERT INTO "Address" ("id", "number", "street", "visitUnallowedAt", "visitedAt", "block_id") VALUES (1731, '307', 'Oswald de Andrade/Canoa Quebrada', NULL, NULL, 124);
INSERT INTO "Address" ("id", "number", "street", "visitUnallowedAt", "visitedAt", "block_id") VALUES (1732, '627', 'Oswald de Andrade/Canoa Quebrada', NULL, NULL, 124);
INSERT INTO "Address" ("id", "number", "street", "visitUnallowedAt", "visitedAt", "block_id") VALUES (1733, 'SN°10', 'Oswald de Andrade/Canoa Quebrada', NULL, NULL, 124);
INSERT INTO "Address" ("id", "number", "street", "visitUnallowedAt", "visitedAt", "block_id") VALUES (1734, 'SN°11', 'Oswald de Andrade/Canoa Quebrada', NULL, NULL, 124);
INSERT INTO "Block" ("id", "name", "territory_id") VALUES (125, 'D', 9);
INSERT INTO "Address" ("id", "number", "street", "visitUnallowedAt", "visitedAt", "block_id") VALUES (1735, '552', 'Getúlio Vargas', NULL, NULL, 125);
INSERT INTO "Address" ("id", "number", "street", "visitUnallowedAt", "visitedAt", "block_id") VALUES (1736, '3738', 'Getúlio Vargas', NULL, NULL, 125);
INSERT INTO "Address" ("id", "number", "street", "visitUnallowedAt", "visitedAt", "block_id") VALUES (1737, 'SN°3', 'Getúlio Vargas', NULL, NULL, 125);
INSERT INTO "Address" ("id", "number", "street", "visitUnallowedAt", "visitedAt", "block_id") VALUES (1738, '41', 'Oswald de Andrade', NULL, NULL, 125);
INSERT INTO "Address" ("id", "number", "street", "visitUnallowedAt", "visitedAt", "block_id") VALUES (1739, 'SN°2', 'Oswald de Andrade', NULL, NULL, 125);
INSERT INTO "Address" ("id", "number", "street", "visitUnallowedAt", "visitedAt", "block_id") VALUES (1740, 'SN°3', 'Oswald de Andrade', NULL, NULL, 125);
INSERT INTO "Address" ("id", "number", "street", "visitUnallowedAt", "visitedAt", "block_id") VALUES (1741, '75', 'Oswald de Andrade', NULL, NULL, 125);
INSERT INTO "Address" ("id", "number", "street", "visitUnallowedAt", "visitedAt", "block_id") VALUES (1742, '87', 'Oswald de Andrade', NULL, NULL, 125);
INSERT INTO "Address" ("id", "number", "street", "visitUnallowedAt", "visitedAt", "block_id") VALUES (1743, '97', 'Oswald de Andrade', NULL, NULL, 125);
INSERT INTO "Address" ("id", "number", "street", "visitUnallowedAt", "visitedAt", "block_id") VALUES (1744, '111', 'Oswald de Andrade', NULL, NULL, 125);
INSERT INTO "Address" ("id", "number", "street", "visitUnallowedAt", "visitedAt", "block_id") VALUES (1745, '123', 'Oswald de Andrade', NULL, NULL, 125);
INSERT INTO "Address" ("id", "number", "street", "visitUnallowedAt", "visitedAt", "block_id") VALUES (1746, 'SN°1', 'Mário Quintana', NULL, NULL, 125);
INSERT INTO "Address" ("id", "number", "street", "visitUnallowedAt", "visitedAt", "block_id") VALUES (1747, '231', 'Mário Quintana', NULL, NULL, 125);
INSERT INTO "Block" ("id", "name", "territory_id") VALUES (126, 'E', 9);
INSERT INTO "Address" ("id", "number", "street", "visitUnallowedAt", "visitedAt", "block_id") VALUES (1748, 'SN°1', 'Canoa Quebrada', NULL, NULL, 126);
INSERT INTO "Address" ("id", "number", "street", "visitUnallowedAt", "visitedAt", "block_id") VALUES (1749, 'SN°2', 'Canoa Quebrada', NULL, NULL, 126);
INSERT INTO "Address" ("id", "number", "street", "visitUnallowedAt", "visitedAt", "block_id") VALUES (1750, '646', 'Canoa Quebrada', NULL, NULL, 126);
INSERT INTO "Address" ("id", "number", "street", "visitUnallowedAt", "visitedAt", "block_id") VALUES (1751, 'SN°1', 'Girassóis', NULL, NULL, 126);
INSERT INTO "Address" ("id", "number", "street", "visitUnallowedAt", "visitedAt", "block_id") VALUES (1752, '757', 'Ipanema', NULL, NULL, 126);
INSERT INTO "Address" ("id", "number", "street", "visitUnallowedAt", "visitedAt", "block_id") VALUES (1753, '733', 'Ipanema', NULL, NULL, 126);
INSERT INTO "Address" ("id", "number", "street", "visitUnallowedAt", "visitedAt", "block_id") VALUES (1754, 'SN°3', 'Ipanema', NULL, NULL, 126);
INSERT INTO "Address" ("id", "number", "street", "visitUnallowedAt", "visitedAt", "block_id") VALUES (1755, '805', 'Ipanema', NULL, NULL, 126);
INSERT INTO "Address" ("id", "number", "street", "visitUnallowedAt", "visitedAt", "block_id") VALUES (1756, 'SN°5-1', 'Ipanema', NULL, NULL, 126);
INSERT INTO "Address" ("id", "number", "street", "visitUnallowedAt", "visitedAt", "block_id") VALUES (1757, 'SN°5-2', 'Ipanema', NULL, NULL, 126);
INSERT INTO "Address" ("id", "number", "street", "visitUnallowedAt", "visitedAt", "block_id") VALUES (1758, '885', 'Ipanema', NULL, NULL, 126);
INSERT INTO "Address" ("id", "number", "street", "visitUnallowedAt", "visitedAt", "block_id") VALUES (1759, 'SN°1', 'Azaléias', NULL, NULL, 126);
INSERT INTO "Address" ("id", "number", "street", "visitUnallowedAt", "visitedAt", "block_id") VALUES (1760, '470', 'Azaléias', NULL, NULL, 126);
INSERT INTO "Block" ("id", "name", "territory_id") VALUES (127, 'F', 9);
INSERT INTO "Address" ("id", "number", "street", "visitUnallowedAt", "visitedAt", "block_id") VALUES (1761, 'SN°1', 'Canoa Quebrada/Oswald de Andrade', NULL, NULL, 127);
INSERT INTO "Address" ("id", "number", "street", "visitUnallowedAt", "visitedAt", "block_id") VALUES (1762, '258', 'Canoa Quebrada/Oswald de Andrade', NULL, NULL, 127);
INSERT INTO "Address" ("id", "number", "street", "visitUnallowedAt", "visitedAt", "block_id") VALUES (1763, '244', 'Canoa Quebrada/Oswald de Andrade', NULL, NULL, 127);
INSERT INTO "Address" ("id", "number", "street", "visitUnallowedAt", "visitedAt", "block_id") VALUES (1764, '232', 'Canoa Quebrada/Oswald de Andrade', NULL, NULL, 127);
INSERT INTO "Address" ("id", "number", "street", "visitUnallowedAt", "visitedAt", "block_id") VALUES (1765, '208', 'Canoa Quebrada/Oswald de Andrade', NULL, NULL, 127);
INSERT INTO "Address" ("id", "number", "street", "visitUnallowedAt", "visitedAt", "block_id") VALUES (1766, '196', 'Canoa Quebrada/Oswald de Andrade', NULL, NULL, 127);
INSERT INTO "Address" ("id", "number", "street", "visitUnallowedAt", "visitedAt", "block_id") VALUES (1767, '184', 'Canoa Quebrada/Oswald de Andrade', NULL, NULL, 127);
INSERT INTO "Address" ("id", "number", "street", "visitUnallowedAt", "visitedAt", "block_id") VALUES (1768, '282', 'Flor de Lis', NULL, NULL, 127);
INSERT INTO "Address" ("id", "number", "street", "visitUnallowedAt", "visitedAt", "block_id") VALUES (1769, '148', 'Mário Quintana', NULL, NULL, 127);
INSERT INTO "Address" ("id", "number", "street", "visitUnallowedAt", "visitedAt", "block_id") VALUES (1770, 'SN°1', 'Deodoro da Fonseca/Ipanema', NULL, NULL, 127);
INSERT INTO "Address" ("id", "number", "street", "visitUnallowedAt", "visitedAt", "block_id") VALUES (1771, '651-A', 'Deodoro da Fonseca/Ipanema', NULL, NULL, 127);
INSERT INTO "Address" ("id", "number", "street", "visitUnallowedAt", "visitedAt", "block_id") VALUES (1772, '651-B', 'Deodoro da Fonseca/Ipanema', NULL, NULL, 127);
INSERT INTO "Address" ("id", "number", "street", "visitUnallowedAt", "visitedAt", "block_id") VALUES (1773, 'SN°4', 'Deodoro da Fonseca/Ipanema', NULL, NULL, 127);
INSERT INTO "Address" ("id", "number", "street", "visitUnallowedAt", "visitedAt", "block_id") VALUES (1774, 'SN°5', 'Deodoro da Fonseca/Ipanema', NULL, NULL, 127);
INSERT INTO "Address" ("id", "number", "street", "visitUnallowedAt", "visitedAt", "block_id") VALUES (1775, 'SN°6', 'Deodoro da Fonseca/Ipanema', NULL, NULL, 127);
INSERT INTO "Address" ("id", "number", "street", "visitUnallowedAt", "visitedAt", "block_id") VALUES (1776, '709', 'Deodoro da Fonseca/Ipanema', NULL, NULL, 127);
INSERT INTO "Address" ("id", "number", "street", "visitUnallowedAt", "visitedAt", "block_id") VALUES (1777, '721', 'Deodoro da Fonseca/Ipanema', NULL, NULL, 127);
INSERT INTO "Address" ("id", "number", "street", "visitUnallowedAt", "visitedAt", "block_id") VALUES (1778, '745', 'Deodoro da Fonseca/Ipanema', NULL, NULL, 127);
INSERT INTO "Address" ("id", "number", "street", "visitUnallowedAt", "visitedAt", "block_id") VALUES (1779, '769', 'Deodoro da Fonseca/Ipanema', NULL, NULL, 127);
INSERT INTO "Address" ("id", "number", "street", "visitUnallowedAt", "visitedAt", "block_id") VALUES (1780, 'SN°1', 'Girassóis', NULL, NULL, 127);
INSERT INTO "Address" ("id", "number", "street", "visitUnallowedAt", "visitedAt", "block_id") VALUES (1781, 'SN°2', 'Girassóis', NULL, NULL, 127);
INSERT INTO "Address" ("id", "number", "street", "visitUnallowedAt", "visitedAt", "block_id") VALUES (1782, 'SN°3', 'Girassóis', NULL, NULL, 127);
INSERT INTO "Block" ("id", "name", "territory_id") VALUES (128, 'G', 9);
INSERT INTO "Address" ("id", "number", "street", "visitUnallowedAt", "visitedAt", "block_id") VALUES (1783, 'SN°1', 'Oswald de Andrade', NULL, NULL, 128);
INSERT INTO "Address" ("id", "number", "street", "visitUnallowedAt", "visitedAt", "block_id") VALUES (1784, '124', 'Oswald de Andrade', NULL, NULL, 128);
INSERT INTO "Address" ("id", "number", "street", "visitUnallowedAt", "visitedAt", "block_id") VALUES (1785, '112', 'Oswald de Andrade', NULL, NULL, 128);
INSERT INTO "Address" ("id", "number", "street", "visitUnallowedAt", "visitedAt", "block_id") VALUES (1786, '84', 'Oswald de Andrade', NULL, NULL, 128);
INSERT INTO "Address" ("id", "number", "street", "visitUnallowedAt", "visitedAt", "block_id") VALUES (1787, '44', 'Oswald de Andrade', NULL, NULL, 128);
INSERT INTO "Address" ("id", "number", "street", "visitUnallowedAt", "visitedAt", "block_id") VALUES (1788, '38', 'Oswald de Andrade', NULL, NULL, 128);
INSERT INTO "Address" ("id", "number", "street", "visitUnallowedAt", "visitedAt", "block_id") VALUES (1789, 'SN°1', 'Deodoro da Fonseca', NULL, NULL, 128);
INSERT INTO "Address" ("id", "number", "street", "visitUnallowedAt", "visitedAt", "block_id") VALUES (1790, '513', 'Deodoro da Fonseca', NULL, NULL, 128);
INSERT INTO "Address" ("id", "number", "street", "visitUnallowedAt", "visitedAt", "block_id") VALUES (1791, '535', 'Deodoro da Fonseca', NULL, NULL, 128);
INSERT INTO "Address" ("id", "number", "street", "visitUnallowedAt", "visitedAt", "block_id") VALUES (1792, 'SN°1', 'Mário Quintana', NULL, NULL, 128);
INSERT INTO "Block" ("id", "name", "territory_id") VALUES (129, 'H', 9);
INSERT INTO "Address" ("id", "number", "street", "visitUnallowedAt", "visitedAt", "block_id") VALUES (1793, '260-2', 'Santa Catarina', NULL, NULL, 129);
INSERT INTO "Address" ("id", "number", "street", "visitUnallowedAt", "visitedAt", "block_id") VALUES (1794, '260-1', 'Santa Catarina', NULL, NULL, 129);
INSERT INTO "Address" ("id", "number", "street", "visitUnallowedAt", "visitedAt", "block_id") VALUES (1795, '248', 'Santa Catarina', NULL, NULL, 129);
INSERT INTO "Address" ("id", "number", "street", "visitUnallowedAt", "visitedAt", "block_id") VALUES (1796, '220-2', 'Santa Catarina', NULL, NULL, 129);
INSERT INTO "Address" ("id", "number", "street", "visitUnallowedAt", "visitedAt", "block_id") VALUES (1797, '220-1', 'Santa Catarina', NULL, NULL, 129);
INSERT INTO "Address" ("id", "number", "street", "visitUnallowedAt", "visitedAt", "block_id") VALUES (1798, '206', 'Santa Catarina', NULL, NULL, 129);
INSERT INTO "Address" ("id", "number", "street", "visitUnallowedAt", "visitedAt", "block_id") VALUES (1799, 'SN°7', 'Santa Catarina', NULL, NULL, 129);
INSERT INTO "Address" ("id", "number", "street", "visitUnallowedAt", "visitedAt", "block_id") VALUES (1800, '9', 'Servidão', NULL, NULL, 129);
INSERT INTO "Address" ("id", "number", "street", "visitUnallowedAt", "visitedAt", "block_id") VALUES (1801, '8', 'Servidão', NULL, NULL, 129);
INSERT INTO "Address" ("id", "number", "street", "visitUnallowedAt", "visitedAt", "block_id") VALUES (1802, '7', 'Servidão', NULL, NULL, 129);
INSERT INTO "Address" ("id", "number", "street", "visitUnallowedAt", "visitedAt", "block_id") VALUES (1803, '6', 'Servidão', NULL, NULL, 129);
INSERT INTO "Address" ("id", "number", "street", "visitUnallowedAt", "visitedAt", "block_id") VALUES (1804, '5', 'Servidão', NULL, NULL, 129);
INSERT INTO "Address" ("id", "number", "street", "visitUnallowedAt", "visitedAt", "block_id") VALUES (1805, '4', 'Servidão', NULL, NULL, 129);
INSERT INTO "Address" ("id", "number", "street", "visitUnallowedAt", "visitedAt", "block_id") VALUES (1806, '3', 'Servidão', NULL, NULL, 129);
INSERT INTO "Address" ("id", "number", "street", "visitUnallowedAt", "visitedAt", "block_id") VALUES (1807, '2', 'Servidão', NULL, NULL, 129);
INSERT INTO "Address" ("id", "number", "street", "visitUnallowedAt", "visitedAt", "block_id") VALUES (1808, '1', 'Servidão', NULL, NULL, 129);
INSERT INTO "Block" ("id", "name", "territory_id") VALUES (130, 'I', 9);
INSERT INTO "Address" ("id", "number", "street", "visitUnallowedAt", "visitedAt", "block_id") VALUES (1809, '890-1', 'Ipanema', NULL, NULL, 130);
INSERT INTO "Address" ("id", "number", "street", "visitUnallowedAt", "visitedAt", "block_id") VALUES (1810, '890-2', 'Ipanema', NULL, NULL, 130);
INSERT INTO "Address" ("id", "number", "street", "visitUnallowedAt", "visitedAt", "block_id") VALUES (1811, 'SN°3', 'Ipanema', NULL, NULL, 130);
INSERT INTO "Address" ("id", "number", "street", "visitUnallowedAt", "visitedAt", "block_id") VALUES (1812, 'SN°1', 'Girassóis', NULL, NULL, 130);
INSERT INTO "Address" ("id", "number", "street", "visitUnallowedAt", "visitedAt", "block_id") VALUES (1813, 'SN°2', 'Girassóis', NULL, NULL, 130);
INSERT INTO "Address" ("id", "number", "street", "visitUnallowedAt", "visitedAt", "block_id") VALUES (1814, 'SN°3', 'Girassóis', NULL, NULL, 130);
INSERT INTO "Address" ("id", "number", "street", "visitUnallowedAt", "visitedAt", "block_id") VALUES (1815, 'SN°1', 'Olinda', NULL, NULL, 130);
INSERT INTO "Address" ("id", "number", "street", "visitUnallowedAt", "visitedAt", "block_id") VALUES (1816, 'SN°2', 'Olinda', NULL, NULL, 130);
INSERT INTO "Address" ("id", "number", "street", "visitUnallowedAt", "visitedAt", "block_id") VALUES (1817, '11', 'Olinda', NULL, NULL, 130);
INSERT INTO "Address" ("id", "number", "street", "visitUnallowedAt", "visitedAt", "block_id") VALUES (1818, 'SN°1', 'Azaléias', NULL, NULL, 130);
INSERT INTO "Address" ("id", "number", "street", "visitUnallowedAt", "visitedAt", "block_id") VALUES (1819, 'SN°2', 'Azaléias', NULL, NULL, 130);
INSERT INTO "Block" ("id", "name", "territory_id") VALUES (131, 'J', 9);
INSERT INTO "Address" ("id", "number", "street", "visitUnallowedAt", "visitedAt", "block_id") VALUES (1820, 'SN°1', 'Ipanema/Deodoro', NULL, NULL, 131);
INSERT INTO "Address" ("id", "number", "street", "visitUnallowedAt", "visitedAt", "block_id") VALUES (1821, '642', 'Ipanema/Deodoro', NULL, NULL, 131);
INSERT INTO "Address" ("id", "number", "street", "visitUnallowedAt", "visitedAt", "block_id") VALUES (1822, '652', 'Ipanema/Deodoro', NULL, NULL, 131);
INSERT INTO "Address" ("id", "number", "street", "visitUnallowedAt", "visitedAt", "block_id") VALUES (1823, 'SN°4', 'Ipanema/Deodoro', NULL, NULL, 131);
INSERT INTO "Address" ("id", "number", "street", "visitUnallowedAt", "visitedAt", "block_id") VALUES (1824, 'SN°1', 'Cecília Meireles', NULL, NULL, 131);
INSERT INTO "Address" ("id", "number", "street", "visitUnallowedAt", "visitedAt", "block_id") VALUES (1825, '259', 'Cecília Meireles', NULL, NULL, 131);
INSERT INTO "Address" ("id", "number", "street", "visitUnallowedAt", "visitedAt", "block_id") VALUES (1826, '115', 'Girassóis', NULL, NULL, 131);
INSERT INTO "Block" ("id", "name", "territory_id") VALUES (132, 'K', 9);
INSERT INTO "Address" ("id", "number", "street", "visitUnallowedAt", "visitedAt", "block_id") VALUES (1827, 'SN°1', 'Deodoro da Fonseca', NULL, NULL, 132);
INSERT INTO "Address" ("id", "number", "street", "visitUnallowedAt", "visitedAt", "block_id") VALUES (1828, '520', 'Deodoro da Fonseca', NULL, NULL, 132);
INSERT INTO "Address" ("id", "number", "street", "visitUnallowedAt", "visitedAt", "block_id") VALUES (1829, 'SN°3', 'Deodoro da Fonseca', NULL, NULL, 132);
INSERT INTO "Address" ("id", "number", "street", "visitUnallowedAt", "visitedAt", "block_id") VALUES (1830, '486', 'Deodoro da Fonseca', NULL, NULL, 132);
INSERT INTO "Address" ("id", "number", "street", "visitUnallowedAt", "visitedAt", "block_id") VALUES (1831, 'SN°5', 'Deodoro da Fonseca', NULL, NULL, 132);
INSERT INTO "Address" ("id", "number", "street", "visitUnallowedAt", "visitedAt", "block_id") VALUES (1832, 'SN°6', 'Deodoro da Fonseca', NULL, NULL, 132);
INSERT INTO "Address" ("id", "number", "street", "visitUnallowedAt", "visitedAt", "block_id") VALUES (1833, '61', 'Cecília Meireles', NULL, NULL, 132);
INSERT INTO "Address" ("id", "number", "street", "visitUnallowedAt", "visitedAt", "block_id") VALUES (1834, 'SN°2', 'Cecília Meireles', NULL, NULL, 132);
INSERT INTO "Address" ("id", "number", "street", "visitUnallowedAt", "visitedAt", "block_id") VALUES (1835, '87', 'Cecília Meireles', NULL, NULL, 132);
INSERT INTO "Block" ("id", "name", "territory_id") VALUES (133, 'L', 9);
INSERT INTO "Address" ("id", "number", "street", "visitUnallowedAt", "visitedAt", "block_id") VALUES (1836, '398', 'Olinda', NULL, NULL, 133);
INSERT INTO "Address" ("id", "number", "street", "visitUnallowedAt", "visitedAt", "block_id") VALUES (1837, 'SN°1', 'Azaléias', NULL, NULL, 133);
INSERT INTO "Address" ("id", "number", "street", "visitUnallowedAt", "visitedAt", "block_id") VALUES (1838, 'SN°2', 'Azaléias', NULL, NULL, 133);
INSERT INTO "Block" ("id", "name", "territory_id") VALUES (134, 'M', 9);
INSERT INTO "Address" ("id", "number", "street", "visitUnallowedAt", "visitedAt", "block_id") VALUES (1839, '342-1', 'Olinda/Cecília M', NULL, NULL, 134);
INSERT INTO "Address" ("id", "number", "street", "visitUnallowedAt", "visitedAt", "block_id") VALUES (1840, '342-2', 'Olinda/Cecília M', NULL, NULL, 134);
INSERT INTO "Address" ("id", "number", "street", "visitUnallowedAt", "visitedAt", "block_id") VALUES (1841, '330', 'Olinda/Cecília M', NULL, NULL, 134);
INSERT INTO "Address" ("id", "number", "street", "visitUnallowedAt", "visitedAt", "block_id") VALUES (1842, '282', 'Olinda/Cecília M', NULL, NULL, 134);
INSERT INTO "Block" ("id", "name", "territory_id") VALUES (135, 'N', 9);
INSERT INTO "Address" ("id", "number", "street", "visitUnallowedAt", "visitedAt", "block_id") VALUES (1843, 'SN°1', 'Mário Quintana', NULL, NULL, 135);
INSERT INTO "Address" ("id", "number", "street", "visitUnallowedAt", "visitedAt", "block_id") VALUES (1844, '146', 'Cecília Meireles', NULL, NULL, 135);
INSERT INTO "Address" ("id", "number", "street", "visitUnallowedAt", "visitedAt", "block_id") VALUES (1845, '72', 'Cecília Meireles', NULL, NULL, 135);
INSERT INTO "Address" ("id", "number", "street", "visitUnallowedAt", "visitedAt", "block_id") VALUES (1846, 'SN°3', 'Cecília Meireles', NULL, NULL, 135);
INSERT INTO "Address" ("id", "number", "street", "visitUnallowedAt", "visitedAt", "block_id") VALUES (1847, '62', 'Cecília Meireles', NULL, NULL, 135);
INSERT INTO "Territory" ("id", "mapImageUrl", "name", "number", "warningMessage") VALUES (10, '', 'Caravelle - Oeste', '10', '');
INSERT INTO "Block" ("id", "name", "territory_id") VALUES (136, 'A', 10);
INSERT INTO "Address" ("id", "number", "street", "visitUnallowedAt", "visitedAt", "block_id") VALUES (1848, '2929', 'Getúilio Vargas', NULL, NULL, 136);
INSERT INTO "Address" ("id", "number", "street", "visitUnallowedAt", "visitedAt", "block_id") VALUES (1849, '3775', 'Getúilio Vargas', NULL, NULL, 136);
INSERT INTO "Address" ("id", "number", "street", "visitUnallowedAt", "visitedAt", "block_id") VALUES (1850, '3775', 'Getúilio Vargas', NULL, NULL, 136);
INSERT INTO "Address" ("id", "number", "street", "visitUnallowedAt", "visitedAt", "block_id") VALUES (1851, '2991', 'Getúilio Vargas', NULL, NULL, 136);
INSERT INTO "Address" ("id", "number", "street", "visitUnallowedAt", "visitedAt", "block_id") VALUES (1852, 'SN°1', 'Mário Quintana', NULL, NULL, 136);
INSERT INTO "Address" ("id", "number", "street", "visitUnallowedAt", "visitedAt", "block_id") VALUES (1853, 'SN°2', 'Mário Quintana', NULL, NULL, 136);
INSERT INTO "Address" ("id", "number", "street", "visitUnallowedAt", "visitedAt", "block_id") VALUES (1854, 'SN°3', 'Mário Quintana', NULL, NULL, 136);
INSERT INTO "Address" ("id", "number", "street", "visitUnallowedAt", "visitedAt", "block_id") VALUES (1855, '146-B', 'Mário Quintana', NULL, NULL, 136);
INSERT INTO "Address" ("id", "number", "street", "visitUnallowedAt", "visitedAt", "block_id") VALUES (1856, '146-A', 'Mário Quintana', NULL, NULL, 136);
INSERT INTO "Address" ("id", "number", "street", "visitUnallowedAt", "visitedAt", "block_id") VALUES (1857, 'SN°1', 'Manoel Bandeira', NULL, NULL, 136);
INSERT INTO "Address" ("id", "number", "street", "visitUnallowedAt", "visitedAt", "block_id") VALUES (1858, '110', 'Manoel Bandeira', NULL, NULL, 136);
INSERT INTO "Address" ("id", "number", "street", "visitUnallowedAt", "visitedAt", "block_id") VALUES (1859, '62', 'Manoel Bandeira', NULL, NULL, 136);
INSERT INTO "Address" ("id", "number", "street", "visitUnallowedAt", "visitedAt", "block_id") VALUES (1860, 'SN°4', 'Manoel Bandeira', NULL, NULL, 136);
INSERT INTO "Block" ("id", "name", "territory_id") VALUES (137, 'B', 10);
INSERT INTO "Address" ("id", "number", "street", "visitUnallowedAt", "visitedAt", "block_id") VALUES (1861, '3045', 'Getúlio Vargas/Caiobá', NULL, NULL, 137);
INSERT INTO "Address" ("id", "number", "street", "visitUnallowedAt", "visitedAt", "block_id") VALUES (1862, 'SN°2', 'Getúlio Vargas/Caiobá', NULL, NULL, 137);
INSERT INTO "Address" ("id", "number", "street", "visitUnallowedAt", "visitedAt", "block_id") VALUES (1863, 'SN°3', 'Getúlio Vargas/Caiobá', NULL, NULL, 137);
INSERT INTO "Address" ("id", "number", "street", "visitUnallowedAt", "visitedAt", "block_id") VALUES (1864, '3997', 'Getúlio Vargas/Caiobá', NULL, NULL, 137);
INSERT INTO "Address" ("id", "number", "street", "visitUnallowedAt", "visitedAt", "block_id") VALUES (1865, 'SN°5', 'Getúlio Vargas/Caiobá', NULL, NULL, 137);
INSERT INTO "Address" ("id", "number", "street", "visitUnallowedAt", "visitedAt", "block_id") VALUES (1866, '4017', 'Getúlio Vargas/Caiobá', NULL, NULL, 137);
INSERT INTO "Address" ("id", "number", "street", "visitUnallowedAt", "visitedAt", "block_id") VALUES (1867, 'SN°7', 'Getúlio Vargas/Caiobá', NULL, NULL, 137);
INSERT INTO "Address" ("id", "number", "street", "visitUnallowedAt", "visitedAt", "block_id") VALUES (1868, '354', 'Garopaba/Manoel Bandeira', NULL, NULL, 137);
INSERT INTO "Address" ("id", "number", "street", "visitUnallowedAt", "visitedAt", "block_id") VALUES (1869, 'SN°2', 'Garopaba/Manoel Bandeira', NULL, NULL, 137);
INSERT INTO "Address" ("id", "number", "street", "visitUnallowedAt", "visitedAt", "block_id") VALUES (1870, '304', 'Garopaba/Manoel Bandeira', NULL, NULL, 137);
INSERT INTO "Address" ("id", "number", "street", "visitUnallowedAt", "visitedAt", "block_id") VALUES (1871, 'SN°4', 'Garopaba/Manoel Bandeira', NULL, NULL, 137);
INSERT INTO "Address" ("id", "number", "street", "visitUnallowedAt", "visitedAt", "block_id") VALUES (1872, 'SN°5', 'Garopaba/Manoel Bandeira', NULL, NULL, 137);
INSERT INTO "Address" ("id", "number", "street", "visitUnallowedAt", "visitedAt", "block_id") VALUES (1873, '292', 'Garopaba/Manoel Bandeira', NULL, NULL, 137);
INSERT INTO "Address" ("id", "number", "street", "visitUnallowedAt", "visitedAt", "block_id") VALUES (1874, '256', 'Garopaba/Manoel Bandeira', NULL, NULL, 137);
INSERT INTO "Address" ("id", "number", "street", "visitUnallowedAt", "visitedAt", "block_id") VALUES (1875, '244', 'Garopaba/Manoel Bandeira', NULL, NULL, 137);
INSERT INTO "Address" ("id", "number", "street", "visitUnallowedAt", "visitedAt", "block_id") VALUES (1876, '232', 'Garopaba/Manoel Bandeira', NULL, NULL, 137);
INSERT INTO "Address" ("id", "number", "street", "visitUnallowedAt", "visitedAt", "block_id") VALUES (1877, '220', 'Garopaba/Manoel Bandeira', NULL, NULL, 137);
INSERT INTO "Address" ("id", "number", "street", "visitUnallowedAt", "visitedAt", "block_id") VALUES (1878, '208', 'Garopaba/Manoel Bandeira', NULL, NULL, 137);
INSERT INTO "Address" ("id", "number", "street", "visitUnallowedAt", "visitedAt", "block_id") VALUES (1879, 'SN°12', 'Garopaba/Manoel Bandeira', NULL, NULL, 137);
INSERT INTO "Address" ("id", "number", "street", "visitUnallowedAt", "visitedAt", "block_id") VALUES (1880, 'SN°1', 'Mário Quintana', NULL, NULL, 137);
INSERT INTO "Address" ("id", "number", "street", "visitUnallowedAt", "visitedAt", "block_id") VALUES (1881, 'SN°2', 'Mário Quintana', NULL, NULL, 137);
INSERT INTO "Address" ("id", "number", "street", "visitUnallowedAt", "visitedAt", "block_id") VALUES (1882, 'SN°3', 'Mário Quintana', NULL, NULL, 137);
INSERT INTO "Address" ("id", "number", "street", "visitUnallowedAt", "visitedAt", "block_id") VALUES (1883, 'SN°4', 'Mário Quintana', NULL, NULL, 137);
INSERT INTO "Address" ("id", "number", "street", "visitUnallowedAt", "visitedAt", "block_id") VALUES (1884, 'SN°5', 'Mário Quintana', NULL, NULL, 137);
INSERT INTO "Block" ("id", "name", "territory_id") VALUES (138, 'C', 10);
INSERT INTO "Address" ("id", "number", "street", "visitUnallowedAt", "visitedAt", "block_id") VALUES (1885, '3263', 'Caiobá', NULL, NULL, 138);
INSERT INTO "Address" ("id", "number", "street", "visitUnallowedAt", "visitedAt", "block_id") VALUES (1886, '4079', 'Caiobá', NULL, NULL, 138);
INSERT INTO "Address" ("id", "number", "street", "visitUnallowedAt", "visitedAt", "block_id") VALUES (1887, '4091', 'Caiobá', NULL, NULL, 138);
INSERT INTO "Address" ("id", "number", "street", "visitUnallowedAt", "visitedAt", "block_id") VALUES (1888, '4263', 'Caiobá', NULL, NULL, 138);
INSERT INTO "Address" ("id", "number", "street", "visitUnallowedAt", "visitedAt", "block_id") VALUES (1889, '3321', 'Caiobá', NULL, NULL, 138);
INSERT INTO "Address" ("id", "number", "street", "visitUnallowedAt", "visitedAt", "block_id") VALUES (1890, 'SN°6', 'Caiobá', NULL, NULL, 138);
INSERT INTO "Address" ("id", "number", "street", "visitUnallowedAt", "visitedAt", "block_id") VALUES (1891, 'SN°1', 'Garopaba', NULL, NULL, 138);
INSERT INTO "Address" ("id", "number", "street", "visitUnallowedAt", "visitedAt", "block_id") VALUES (1892, '422', 'Garopaba', NULL, NULL, 138);
INSERT INTO "Address" ("id", "number", "street", "visitUnallowedAt", "visitedAt", "block_id") VALUES (1893, '326', 'Garopaba', NULL, NULL, 138);
INSERT INTO "Block" ("id", "name", "territory_id") VALUES (139, 'D', 10);
INSERT INTO "Address" ("id", "number", "street", "visitUnallowedAt", "visitedAt", "block_id") VALUES (1894, '37', 'Manoel Bandeira', NULL, NULL, 139);
INSERT INTO "Address" ("id", "number", "street", "visitUnallowedAt", "visitedAt", "block_id") VALUES (1895, '15', 'Manoel Bandeira', NULL, NULL, 139);
INSERT INTO "Address" ("id", "number", "street", "visitUnallowedAt", "visitedAt", "block_id") VALUES (1896, 'SN°3', 'Manoel Bandeira', NULL, NULL, 139);
INSERT INTO "Address" ("id", "number", "street", "visitUnallowedAt", "visitedAt", "block_id") VALUES (1897, 'SN°4', 'Manoel Bandeira', NULL, NULL, 139);
INSERT INTO "Address" ("id", "number", "street", "visitUnallowedAt", "visitedAt", "block_id") VALUES (1898, 'SN°5', 'Manoel Bandeira', NULL, NULL, 139);
INSERT INTO "Address" ("id", "number", "street", "visitUnallowedAt", "visitedAt", "block_id") VALUES (1899, 'SN°6', 'Manoel Bandeira', NULL, NULL, 139);
INSERT INTO "Address" ("id", "number", "street", "visitUnallowedAt", "visitedAt", "block_id") VALUES (1900, '133', 'Manoel Bandeira', NULL, NULL, 139);
INSERT INTO "Address" ("id", "number", "street", "visitUnallowedAt", "visitedAt", "block_id") VALUES (1901, '285-4', 'Mário Quintana', NULL, NULL, 139);
INSERT INTO "Address" ("id", "number", "street", "visitUnallowedAt", "visitedAt", "block_id") VALUES (1902, '285-3', 'Mário Quintana', NULL, NULL, 139);
INSERT INTO "Address" ("id", "number", "street", "visitUnallowedAt", "visitedAt", "block_id") VALUES (1903, '285-2', 'Mário Quintana', NULL, NULL, 139);
INSERT INTO "Address" ("id", "number", "street", "visitUnallowedAt", "visitedAt", "block_id") VALUES (1904, '285-1', 'Mário Quintana', NULL, NULL, 139);
INSERT INTO "Address" ("id", "number", "street", "visitUnallowedAt", "visitedAt", "block_id") VALUES (1905, 'SN°1', 'Floriano peixoto', NULL, NULL, 139);
INSERT INTO "Address" ("id", "number", "street", "visitUnallowedAt", "visitedAt", "block_id") VALUES (1906, 'SN°2', 'Floriano peixoto', NULL, NULL, 139);
INSERT INTO "Address" ("id", "number", "street", "visitUnallowedAt", "visitedAt", "block_id") VALUES (1907, 'SN°3', 'Floriano peixoto', NULL, NULL, 139);
INSERT INTO "Address" ("id", "number", "street", "visitUnallowedAt", "visitedAt", "block_id") VALUES (1908, '426', 'Santa Catarina', NULL, NULL, 139);
INSERT INTO "Address" ("id", "number", "street", "visitUnallowedAt", "visitedAt", "block_id") VALUES (1909, '402', 'Santa Catarina', NULL, NULL, 139);
INSERT INTO "Address" ("id", "number", "street", "visitUnallowedAt", "visitedAt", "block_id") VALUES (1910, 'SN°3', 'Santa Catarina', NULL, NULL, 139);
INSERT INTO "Address" ("id", "number", "street", "visitUnallowedAt", "visitedAt", "block_id") VALUES (1911, '354', 'Santa Catarina', NULL, NULL, 139);
INSERT INTO "Address" ("id", "number", "street", "visitUnallowedAt", "visitedAt", "block_id") VALUES (1912, 'SN°1', 'Getúlio Vargas', NULL, NULL, 139);
INSERT INTO "Block" ("id", "name", "territory_id") VALUES (140, 'E', 10);
INSERT INTO "Address" ("id", "number", "street", "visitUnallowedAt", "visitedAt", "block_id") VALUES (1913, '185', 'Manoel Bandeira/Garopaba', NULL, NULL, 140);
INSERT INTO "Address" ("id", "number", "street", "visitUnallowedAt", "visitedAt", "block_id") VALUES (1914, 'SN°2', 'Manoel Bandeira/Garopaba', NULL, NULL, 140);
INSERT INTO "Address" ("id", "number", "street", "visitUnallowedAt", "visitedAt", "block_id") VALUES (1915, '235', 'Manoel Bandeira/Garopaba', NULL, NULL, 140);
INSERT INTO "Address" ("id", "number", "street", "visitUnallowedAt", "visitedAt", "block_id") VALUES (1916, 'SN°4', 'Manoel Bandeira/Garopaba', NULL, NULL, 140);
INSERT INTO "Address" ("id", "number", "street", "visitUnallowedAt", "visitedAt", "block_id") VALUES (1917, '261', 'Manoel Bandeira/Garopaba', NULL, NULL, 140);
INSERT INTO "Address" ("id", "number", "street", "visitUnallowedAt", "visitedAt", "block_id") VALUES (1918, 'SN°6', 'Manoel Bandeira/Garopaba', NULL, NULL, 140);
INSERT INTO "Address" ("id", "number", "street", "visitUnallowedAt", "visitedAt", "block_id") VALUES (1919, '293', 'Manoel Bandeira/Garopaba', NULL, NULL, 140);
INSERT INTO "Address" ("id", "number", "street", "visitUnallowedAt", "visitedAt", "block_id") VALUES (1920, '303', 'Manoel Bandeira/Garopaba', NULL, NULL, 140);
INSERT INTO "Address" ("id", "number", "street", "visitUnallowedAt", "visitedAt", "block_id") VALUES (1921, '89', 'Manoel Bandeira/Garopaba', NULL, NULL, 140);
INSERT INTO "Address" ("id", "number", "street", "visitUnallowedAt", "visitedAt", "block_id") VALUES (1922, '319', 'Manoel Bandeira/Garopaba', NULL, NULL, 140);
INSERT INTO "Address" ("id", "number", "street", "visitUnallowedAt", "visitedAt", "block_id") VALUES (1923, '73', 'Manoel Bandeira/Garopaba', NULL, NULL, 140);
INSERT INTO "Address" ("id", "number", "street", "visitUnallowedAt", "visitedAt", "block_id") VALUES (1924, '390', 'Girassóis', NULL, NULL, 140);
INSERT INTO "Address" ("id", "number", "street", "visitUnallowedAt", "visitedAt", "block_id") VALUES (1925, '596', 'Floriano Peixoto', NULL, NULL, 140);
INSERT INTO "Address" ("id", "number", "street", "visitUnallowedAt", "visitedAt", "block_id") VALUES (1926, '478', 'Floriano Peixoto', NULL, NULL, 140);
INSERT INTO "Address" ("id", "number", "street", "visitUnallowedAt", "visitedAt", "block_id") VALUES (1927, 'SN°3', 'Floriano Peixoto', NULL, NULL, 140);
INSERT INTO "Address" ("id", "number", "street", "visitUnallowedAt", "visitedAt", "block_id") VALUES (1928, '456', 'Floriano Peixoto', NULL, NULL, 140);
INSERT INTO "Address" ("id", "number", "street", "visitUnallowedAt", "visitedAt", "block_id") VALUES (1929, 'SN°5', 'Floriano Peixoto', NULL, NULL, 140);
INSERT INTO "Address" ("id", "number", "street", "visitUnallowedAt", "visitedAt", "block_id") VALUES (1930, 'SN°6', 'Floriano Peixoto', NULL, NULL, 140);
INSERT INTO "Address" ("id", "number", "street", "visitUnallowedAt", "visitedAt", "block_id") VALUES (1931, 'SN°7', 'Floriano Peixoto', NULL, NULL, 140);
INSERT INTO "Address" ("id", "number", "street", "visitUnallowedAt", "visitedAt", "block_id") VALUES (1932, '408', 'Floriano Peixoto', NULL, NULL, 140);
INSERT INTO "Address" ("id", "number", "street", "visitUnallowedAt", "visitedAt", "block_id") VALUES (1933, 'SN°9', 'Floriano Peixoto', NULL, NULL, 140);
INSERT INTO "Address" ("id", "number", "street", "visitUnallowedAt", "visitedAt", "block_id") VALUES (1934, '348', 'Floriano Peixoto', NULL, NULL, 140);
INSERT INTO "Address" ("id", "number", "street", "visitUnallowedAt", "visitedAt", "block_id") VALUES (1935, '334', 'Floriano Peixoto', NULL, NULL, 140);
INSERT INTO "Address" ("id", "number", "street", "visitUnallowedAt", "visitedAt", "block_id") VALUES (1936, '324', 'Floriano Peixoto', NULL, NULL, 140);
INSERT INTO "Address" ("id", "number", "street", "visitUnallowedAt", "visitedAt", "block_id") VALUES (1937, 'SN°1', 'Mário Quintana', NULL, NULL, 140);
INSERT INTO "Address" ("id", "number", "street", "visitUnallowedAt", "visitedAt", "block_id") VALUES (1938, 'SN°2', 'Mário Quintana', NULL, NULL, 140);
INSERT INTO "Address" ("id", "number", "street", "visitUnallowedAt", "visitedAt", "block_id") VALUES (1939, 'SN°3', 'Mário Quintana', NULL, NULL, 140);
INSERT INTO "Address" ("id", "number", "street", "visitUnallowedAt", "visitedAt", "block_id") VALUES (1940, 'SN°4', 'Mário Quintana', NULL, NULL, 140);
INSERT INTO "Address" ("id", "number", "street", "visitUnallowedAt", "visitedAt", "block_id") VALUES (1941, 'SN°5', 'Mário Quintana', NULL, NULL, 140);
INSERT INTO "Address" ("id", "number", "street", "visitUnallowedAt", "visitedAt", "block_id") VALUES (1942, '175-B', 'Mário Quintana', NULL, NULL, 140);
INSERT INTO "Address" ("id", "number", "street", "visitUnallowedAt", "visitedAt", "block_id") VALUES (1943, '175-A', 'Mário Quintana', NULL, NULL, 140);
INSERT INTO "Block" ("id", "name", "territory_id") VALUES (141, 'F', 10);
INSERT INTO "Address" ("id", "number", "street", "visitUnallowedAt", "visitedAt", "block_id") VALUES (1944, '399', 'Garopaba', NULL, NULL, 141);
INSERT INTO "Address" ("id", "number", "street", "visitUnallowedAt", "visitedAt", "block_id") VALUES (1945, '433', 'Garopaba', NULL, NULL, 141);
INSERT INTO "Address" ("id", "number", "street", "visitUnallowedAt", "visitedAt", "block_id") VALUES (1946, 'SN°3', 'Garopaba', NULL, NULL, 141);
INSERT INTO "Address" ("id", "number", "street", "visitUnallowedAt", "visitedAt", "block_id") VALUES (1947, 'SN°4', 'Garopaba', NULL, NULL, 141);
INSERT INTO "Address" ("id", "number", "street", "visitUnallowedAt", "visitedAt", "block_id") VALUES (1948, 'SN°1', 'Guaratuba', NULL, NULL, 141);
INSERT INTO "Address" ("id", "number", "street", "visitUnallowedAt", "visitedAt", "block_id") VALUES (1949, '220', 'Guaratuba', NULL, NULL, 141);
INSERT INTO "Address" ("id", "number", "street", "visitUnallowedAt", "visitedAt", "block_id") VALUES (1950, 'SN°3', 'Guaratuba', NULL, NULL, 141);
INSERT INTO "Address" ("id", "number", "street", "visitUnallowedAt", "visitedAt", "block_id") VALUES (1951, '536', 'Guaratuba', NULL, NULL, 141);
INSERT INTO "Address" ("id", "number", "street", "visitUnallowedAt", "visitedAt", "block_id") VALUES (1952, 'SN°1', 'Girassóis', NULL, NULL, 141);
INSERT INTO "Address" ("id", "number", "street", "visitUnallowedAt", "visitedAt", "block_id") VALUES (1953, '388', 'Girassóis', NULL, NULL, 141);
INSERT INTO "Block" ("id", "name", "territory_id") VALUES (142, 'G', 10);
INSERT INTO "Address" ("id", "number", "street", "visitUnallowedAt", "visitedAt", "block_id") VALUES (1954, '141', 'Floriano Peixoto', NULL, NULL, 142);
INSERT INTO "Address" ("id", "number", "street", "visitUnallowedAt", "visitedAt", "block_id") VALUES (1955, '157', 'Floriano Peixoto', NULL, NULL, 142);
INSERT INTO "Address" ("id", "number", "street", "visitUnallowedAt", "visitedAt", "block_id") VALUES (1956, '175', 'Floriano Peixoto', NULL, NULL, 142);
INSERT INTO "Address" ("id", "number", "street", "visitUnallowedAt", "visitedAt", "block_id") VALUES (1957, '199', 'Floriano Peixoto', NULL, NULL, 142);
INSERT INTO "Address" ("id", "number", "street", "visitUnallowedAt", "visitedAt", "block_id") VALUES (1958, 'SN°5', 'Floriano Peixoto', NULL, NULL, 142);
INSERT INTO "Address" ("id", "number", "street", "visitUnallowedAt", "visitedAt", "block_id") VALUES (1959, '235-1', 'Floriano Peixoto', NULL, NULL, 142);
INSERT INTO "Address" ("id", "number", "street", "visitUnallowedAt", "visitedAt", "block_id") VALUES (1960, '235-2', 'Floriano Peixoto', NULL, NULL, 142);
INSERT INTO "Address" ("id", "number", "street", "visitUnallowedAt", "visitedAt", "block_id") VALUES (1961, '271', 'Floriano Peixoto', NULL, NULL, 142);
INSERT INTO "Address" ("id", "number", "street", "visitUnallowedAt", "visitedAt", "block_id") VALUES (1962, 'SN°1', 'Monteiro Lobato Esq', NULL, NULL, 142);
INSERT INTO "Address" ("id", "number", "street", "visitUnallowedAt", "visitedAt", "block_id") VALUES (1963, 'SN°2', 'Monteiro Lobato Esq', NULL, NULL, 142);
INSERT INTO "Address" ("id", "number", "street", "visitUnallowedAt", "visitedAt", "block_id") VALUES (1964, 'SN°3', 'Monteiro Lobato Esq', NULL, NULL, 142);
INSERT INTO "Address" ("id", "number", "street", "visitUnallowedAt", "visitedAt", "block_id") VALUES (1965, 'SN°4', 'Monteiro Lobato Esq', NULL, NULL, 142);
INSERT INTO "Address" ("id", "number", "street", "visitUnallowedAt", "visitedAt", "block_id") VALUES (1966, 'SN°1', 'Monteiro Lobato Dir', NULL, NULL, 142);
INSERT INTO "Address" ("id", "number", "street", "visitUnallowedAt", "visitedAt", "block_id") VALUES (1967, 'SN°1', 'Mário Quintana', NULL, NULL, 142);
INSERT INTO "Address" ("id", "number", "street", "visitUnallowedAt", "visitedAt", "block_id") VALUES (1968, 'SN°2', 'Mário Quintana', NULL, NULL, 142);
INSERT INTO "Address" ("id", "number", "street", "visitUnallowedAt", "visitedAt", "block_id") VALUES (1969, 'SN°3', 'Mário Quintana', NULL, NULL, 142);
INSERT INTO "Address" ("id", "number", "street", "visitUnallowedAt", "visitedAt", "block_id") VALUES (1970, '310', 'Hermes da Fonseca', NULL, NULL, 142);
INSERT INTO "Address" ("id", "number", "street", "visitUnallowedAt", "visitedAt", "block_id") VALUES (1971, 'SN°2', 'Hermes da Fonseca', NULL, NULL, 142);
INSERT INTO "Address" ("id", "number", "street", "visitUnallowedAt", "visitedAt", "block_id") VALUES (1972, 'SN°3', 'Hermes da Fonseca', NULL, NULL, 142);
INSERT INTO "Address" ("id", "number", "street", "visitUnallowedAt", "visitedAt", "block_id") VALUES (1973, 'SN°4', 'Hermes da Fonseca', NULL, NULL, 142);
INSERT INTO "Address" ("id", "number", "street", "visitUnallowedAt", "visitedAt", "block_id") VALUES (1974, '520', 'Santa Catarina', NULL, NULL, 142);
INSERT INTO "Address" ("id", "number", "street", "visitUnallowedAt", "visitedAt", "block_id") VALUES (1975, '508', 'Santa Catarina', NULL, NULL, 142);
INSERT INTO "Address" ("id", "number", "street", "visitUnallowedAt", "visitedAt", "block_id") VALUES (1976, 'SN°3', 'Santa Catarina', NULL, NULL, 142);
INSERT INTO "Block" ("id", "name", "territory_id") VALUES (143, 'H', 10);
INSERT INTO "Address" ("id", "number", "street", "visitUnallowedAt", "visitedAt", "block_id") VALUES (1977, 'SN°1', 'Monteiro Lobato', NULL, NULL, 143);
INSERT INTO "Address" ("id", "number", "street", "visitUnallowedAt", "visitedAt", "block_id") VALUES (1978, 'SN°2', 'Monteiro Lobato', NULL, NULL, 143);
INSERT INTO "Address" ("id", "number", "street", "visitUnallowedAt", "visitedAt", "block_id") VALUES (1979, '17', 'Mário Quintana', NULL, NULL, 143);
INSERT INTO "Address" ("id", "number", "street", "visitUnallowedAt", "visitedAt", "block_id") VALUES (1980, '200', 'Floriano Peixoto', NULL, NULL, 143);
INSERT INTO "Address" ("id", "number", "street", "visitUnallowedAt", "visitedAt", "block_id") VALUES (1981, '321', 'Floriano Peixoto', NULL, NULL, 143);
INSERT INTO "Address" ("id", "number", "street", "visitUnallowedAt", "visitedAt", "block_id") VALUES (1982, 'SN°3', 'Floriano Peixoto', NULL, NULL, 143);
INSERT INTO "Address" ("id", "number", "street", "visitUnallowedAt", "visitedAt", "block_id") VALUES (1983, 'SN°4', 'Floriano Peixoto', NULL, NULL, 143);
INSERT INTO "Address" ("id", "number", "street", "visitUnallowedAt", "visitedAt", "block_id") VALUES (1984, '381-1', 'Floriano Peixoto', NULL, NULL, 143);
INSERT INTO "Address" ("id", "number", "street", "visitUnallowedAt", "visitedAt", "block_id") VALUES (1985, '381-2', 'Floriano Peixoto', NULL, NULL, 143);
INSERT INTO "Address" ("id", "number", "street", "visitUnallowedAt", "visitedAt", "block_id") VALUES (1986, '421', 'Floriano Peixoto', NULL, NULL, 143);
INSERT INTO "Address" ("id", "number", "street", "visitUnallowedAt", "visitedAt", "block_id") VALUES (1987, 'SN°8', 'Floriano Peixoto', NULL, NULL, 143);
INSERT INTO "Address" ("id", "number", "street", "visitUnallowedAt", "visitedAt", "block_id") VALUES (1988, 'SN°9', 'Floriano Peixoto', NULL, NULL, 143);
INSERT INTO "Block" ("id", "name", "territory_id") VALUES (144, 'I', 10);
INSERT INTO "Address" ("id", "number", "street", "visitUnallowedAt", "visitedAt", "block_id") VALUES (1989, '523', 'Guaratuba', NULL, NULL, 144);
INSERT INTO "Address" ("id", "number", "street", "visitUnallowedAt", "visitedAt", "block_id") VALUES (1990, '547', 'Guaratuba', NULL, NULL, 144);
INSERT INTO "Address" ("id", "number", "street", "visitUnallowedAt", "visitedAt", "block_id") VALUES (1991, '571', 'Guaratuba', NULL, NULL, 144);
INSERT INTO "Address" ("id", "number", "street", "visitUnallowedAt", "visitedAt", "block_id") VALUES (1992, '597', 'Guaratuba', NULL, NULL, 144);
INSERT INTO "Address" ("id", "number", "street", "visitUnallowedAt", "visitedAt", "block_id") VALUES (1993, '607', 'Guaratuba', NULL, NULL, 144);
INSERT INTO "Address" ("id", "number", "street", "visitUnallowedAt", "visitedAt", "block_id") VALUES (1994, 'SN°1', 'Azaléias', NULL, NULL, 144);
INSERT INTO "Address" ("id", "number", "street", "visitUnallowedAt", "visitedAt", "block_id") VALUES (1995, '476', 'Canasvieiras', NULL, NULL, 144);
INSERT INTO "Block" ("id", "name", "territory_id") VALUES (145, 'J', 10);
INSERT INTO "Address" ("id", "number", "street", "visitUnallowedAt", "visitedAt", "block_id") VALUES (1996, 'SN°1', 'Hermes da Fonseca', NULL, NULL, 145);
INSERT INTO "Address" ("id", "number", "street", "visitUnallowedAt", "visitedAt", "block_id") VALUES (1997, '336', 'Hermes da Fonseca', NULL, NULL, 145);
INSERT INTO "Address" ("id", "number", "street", "visitUnallowedAt", "visitedAt", "block_id") VALUES (1998, 'SN°3', 'Hermes da Fonseca', NULL, NULL, 145);
INSERT INTO "Address" ("id", "number", "street", "visitUnallowedAt", "visitedAt", "block_id") VALUES (1999, 'SN°1', 'Mário Quintana', NULL, NULL, 145);
INSERT INTO "Address" ("id", "number", "street", "visitUnallowedAt", "visitedAt", "block_id") VALUES (2000, '177', 'Monteiro Lobato', NULL, NULL, 145);
INSERT INTO "Address" ("id", "number", "street", "visitUnallowedAt", "visitedAt", "block_id") VALUES (2001, 'SN°2', 'Monteiro Lobato', NULL, NULL, 145);
INSERT INTO "Address" ("id", "number", "street", "visitUnallowedAt", "visitedAt", "block_id") VALUES (2002, 'SN°3', 'Monteiro Lobato', NULL, NULL, 145);
INSERT INTO "Address" ("id", "number", "street", "visitUnallowedAt", "visitedAt", "block_id") VALUES (2003, '225', 'Monteiro Lobato', NULL, NULL, 145);
INSERT INTO "Address" ("id", "number", "street", "visitUnallowedAt", "visitedAt", "block_id") VALUES (2004, '237', 'Monteiro Lobato', NULL, NULL, 145);
INSERT INTO "Address" ("id", "number", "street", "visitUnallowedAt", "visitedAt", "block_id") VALUES (2005, '261-1', 'Monteiro Lobato', NULL, NULL, 145);
INSERT INTO "Address" ("id", "number", "street", "visitUnallowedAt", "visitedAt", "block_id") VALUES (2006, '261-2', 'Monteiro Lobato', NULL, NULL, 145);
INSERT INTO "Address" ("id", "number", "street", "visitUnallowedAt", "visitedAt", "block_id") VALUES (2007, '275', 'Monteiro Lobato', NULL, NULL, 145);
INSERT INTO "Block" ("id", "name", "territory_id") VALUES (146, 'K', 10);
INSERT INTO "Address" ("id", "number", "street", "visitUnallowedAt", "visitedAt", "block_id") VALUES (2008, 'SN°1', 'Canasvieiras', NULL, NULL, 146);
INSERT INTO "Address" ("id", "number", "street", "visitUnallowedAt", "visitedAt", "block_id") VALUES (2009, 'SN°2', 'Canasvieiras', NULL, NULL, 146);
INSERT INTO "Address" ("id", "number", "street", "visitUnallowedAt", "visitedAt", "block_id") VALUES (2010, 'SN°3', 'Canasvieiras', NULL, NULL, 146);
INSERT INTO "Address" ("id", "number", "street", "visitUnallowedAt", "visitedAt", "block_id") VALUES (2011, '588', 'Imbituba', NULL, NULL, 146);
INSERT INTO "Address" ("id", "number", "street", "visitUnallowedAt", "visitedAt", "block_id") VALUES (2012, 'SN°2', 'Imbituba', NULL, NULL, 146);
INSERT INTO "Block" ("id", "name", "territory_id") VALUES (147, 'L', 10);
INSERT INTO "Block" ("id", "name", "territory_id") VALUES (148, 'M', 10);
INSERT INTO "Address" ("id", "number", "street", "visitUnallowedAt", "visitedAt", "block_id") VALUES (2013, 'SN°1', 'Machado de Assis', NULL, NULL, 148);
INSERT INTO "Address" ("id", "number", "street", "visitUnallowedAt", "visitedAt", "block_id") VALUES (2014, '327', 'Hermes da Fonseca', NULL, NULL, 148);
INSERT INTO "Address" ("id", "number", "street", "visitUnallowedAt", "visitedAt", "block_id") VALUES (2015, '339', 'Hermes da Fonseca', NULL, NULL, 148);
INSERT INTO "Address" ("id", "number", "street", "visitUnallowedAt", "visitedAt", "block_id") VALUES (2016, 'SN°3', 'Hermes da Fonseca', NULL, NULL, 148);
INSERT INTO "Address" ("id", "number", "street", "visitUnallowedAt", "visitedAt", "block_id") VALUES (2017, '375', 'Hermes da Fonseca', NULL, NULL, 148);
INSERT INTO "Address" ("id", "number", "street", "visitUnallowedAt", "visitedAt", "block_id") VALUES (2018, 'SN°5', 'Hermes da Fonseca', NULL, NULL, 148);
INSERT INTO "Block" ("id", "name", "territory_id") VALUES (149, 'N', 10);
INSERT INTO "Address" ("id", "number", "street", "visitUnallowedAt", "visitedAt", "block_id") VALUES (2019, 'SN°1', 'Imbituba', NULL, NULL, 149);
INSERT INTO "Address" ("id", "number", "street", "visitUnallowedAt", "visitedAt", "block_id") VALUES (2020, 'SN°2', 'Imbituba', NULL, NULL, 149);
INSERT INTO "Address" ("id", "number", "street", "visitUnallowedAt", "visitedAt", "block_id") VALUES (2021, 'SN°3', 'Imbituba', NULL, NULL, 149);
INSERT INTO "Address" ("id", "number", "street", "visitUnallowedAt", "visitedAt", "block_id") VALUES (2022, 'SN°4', 'Imbituba', NULL, NULL, 149);
INSERT INTO "Address" ("id", "number", "street", "visitUnallowedAt", "visitedAt", "block_id") VALUES (2023, '451', 'Imbituba', NULL, NULL, 149);
INSERT INTO "Address" ("id", "number", "street", "visitUnallowedAt", "visitedAt", "block_id") VALUES (2024, 'SN°6', 'Imbituba', NULL, NULL, 149);
INSERT INTO "Block" ("id", "name", "territory_id") VALUES (150, 'O', 10);
INSERT INTO "Address" ("id", "number", "street", "visitUnallowedAt", "visitedAt", "block_id") VALUES (2025, '654', 'Santa Catarina', NULL, NULL, 150);
INSERT INTO "Address" ("id", "number", "street", "visitUnallowedAt", "visitedAt", "block_id") VALUES (2026, 'SN°1', 'Machado de Assis', NULL, NULL, 150);
INSERT INTO "Block" ("id", "name", "territory_id") VALUES (151, 'P', 10);
INSERT INTO "Address" ("id", "number", "street", "visitUnallowedAt", "visitedAt", "block_id") VALUES (2027, 'SN°1', 'Machado de Assis', NULL, NULL, 151);
INSERT INTO "Territory" ("id", "mapImageUrl", "name", "number", "warningMessage") VALUES (11, '', 'Jardim América', '11', '');
INSERT INTO "Block" ("id", "name", "territory_id") VALUES (152, 'A2', 11);
INSERT INTO "Address" ("id", "number", "street", "visitUnallowedAt", "visitedAt", "block_id") VALUES (2028, 'SN°1', 'Miami', NULL, NULL, 152);
INSERT INTO "Address" ("id", "number", "street", "visitUnallowedAt", "visitedAt", "block_id") VALUES (2029, 'SN°2', 'Miami', NULL, NULL, 152);
INSERT INTO "Address" ("id", "number", "street", "visitUnallowedAt", "visitedAt", "block_id") VALUES (2030, 'SN°3', 'Miami', NULL, NULL, 152);
INSERT INTO "Address" ("id", "number", "street", "visitUnallowedAt", "visitedAt", "block_id") VALUES (2031, 'SN°1', 'Nova York ', NULL, NULL, 152);
INSERT INTO "Block" ("id", "name", "territory_id") VALUES (153, 'A3', 11);
INSERT INTO "Address" ("id", "number", "street", "visitUnallowedAt", "visitedAt", "block_id") VALUES (2032, '48', 'Orlando', NULL, NULL, 153);
INSERT INTO "Block" ("id", "name", "territory_id") VALUES (154, 'A4', 11);
INSERT INTO "Address" ("id", "number", "street", "visitUnallowedAt", "visitedAt", "block_id") VALUES (2033, '511', 'Orlando', NULL, NULL, 154);
INSERT INTO "Address" ("id", "number", "street", "visitUnallowedAt", "visitedAt", "block_id") VALUES (2034, 'SN°1', 'Oregon', NULL, NULL, 154);
INSERT INTO "Address" ("id", "number", "street", "visitUnallowedAt", "visitedAt", "block_id") VALUES (2035, 'SN°2', 'Oregon', NULL, NULL, 154);
INSERT INTO "Address" ("id", "number", "street", "visitUnallowedAt", "visitedAt", "block_id") VALUES (2036, '445', 'Oregon', NULL, NULL, 154);
INSERT INTO "Block" ("id", "name", "territory_id") VALUES (155, 'A5', 11);
INSERT INTO "Address" ("id", "number", "street", "visitUnallowedAt", "visitedAt", "block_id") VALUES (2037, 'SN°1', 'Orlando', NULL, NULL, 155);
INSERT INTO "Address" ("id", "number", "street", "visitUnallowedAt", "visitedAt", "block_id") VALUES (2038, 'SN°2', 'Orlando', NULL, NULL, 155);
INSERT INTO "Block" ("id", "name", "territory_id") VALUES (156, 'A6', 11);
INSERT INTO "Address" ("id", "number", "street", "visitUnallowedAt", "visitedAt", "block_id") VALUES (2039, '488', 'Orlando', NULL, NULL, 156);
INSERT INTO "Address" ("id", "number", "street", "visitUnallowedAt", "visitedAt", "block_id") VALUES (2040, 'SN°2', 'Orlando', NULL, NULL, 156);
INSERT INTO "Address" ("id", "number", "street", "visitUnallowedAt", "visitedAt", "block_id") VALUES (2041, 'SN°3', 'Orlando', NULL, NULL, 156);
INSERT INTO "Address" ("id", "number", "street", "visitUnallowedAt", "visitedAt", "block_id") VALUES (2042, 'SN°1', 'Nova York', NULL, NULL, 156);
INSERT INTO "Address" ("id", "number", "street", "visitUnallowedAt", "visitedAt", "block_id") VALUES (2043, 'SN°2', 'Nova York', NULL, NULL, 156);
INSERT INTO "Block" ("id", "name", "territory_id") VALUES (157, 'A7', 11);
INSERT INTO "Address" ("id", "number", "street", "visitUnallowedAt", "visitedAt", "block_id") VALUES (2044, 'SN°1', 'Chicago', NULL, NULL, 157);
INSERT INTO "Address" ("id", "number", "street", "visitUnallowedAt", "visitedAt", "block_id") VALUES (2045, 'SN°2', 'Chicago', NULL, NULL, 157);
INSERT INTO "Address" ("id", "number", "street", "visitUnallowedAt", "visitedAt", "block_id") VALUES (2046, '52', 'Chicago', NULL, NULL, 157);
INSERT INTO "Block" ("id", "name", "territory_id") VALUES (158, 'A8', 11);
INSERT INTO "Address" ("id", "number", "street", "visitUnallowedAt", "visitedAt", "block_id") VALUES (2047, 'SN°1', 'Chicago', NULL, NULL, 158);
INSERT INTO "Address" ("id", "number", "street", "visitUnallowedAt", "visitedAt", "block_id") VALUES (2048, '41', 'Chicago', NULL, NULL, 158);
INSERT INTO "Address" ("id", "number", "street", "visitUnallowedAt", "visitedAt", "block_id") VALUES (2049, '107', 'Chicago', NULL, NULL, 158);
INSERT INTO "Address" ("id", "number", "street", "visitUnallowedAt", "visitedAt", "block_id") VALUES (2050, 'SN°4', 'Chicago', NULL, NULL, 158);
INSERT INTO "Address" ("id", "number", "street", "visitUnallowedAt", "visitedAt", "block_id") VALUES (2051, '44', 'Boston', NULL, NULL, 158);
INSERT INTO "Address" ("id", "number", "street", "visitUnallowedAt", "visitedAt", "block_id") VALUES (2052, 'SN°2', 'Boston', NULL, NULL, 158);
INSERT INTO "Address" ("id", "number", "street", "visitUnallowedAt", "visitedAt", "block_id") VALUES (2053, '4', 'Boston', NULL, NULL, 158);
INSERT INTO "Block" ("id", "name", "territory_id") VALUES (159, 'A9', 11);
INSERT INTO "Address" ("id", "number", "street", "visitUnallowedAt", "visitedAt", "block_id") VALUES (2054, 'SN°1', 'Los Angeles', NULL, NULL, 159);
INSERT INTO "Block" ("id", "name", "territory_id") VALUES (160, 'B', 11);
INSERT INTO "Block" ("id", "name", "territory_id") VALUES (161, 'B1', 11);
INSERT INTO "Address" ("id", "number", "street", "visitUnallowedAt", "visitedAt", "block_id") VALUES (2055, '262', 'Malibu', NULL, NULL, 161);
INSERT INTO "Block" ("id", "name", "territory_id") VALUES (162, 'B2', 11);
INSERT INTO "Address" ("id", "number", "street", "visitUnallowedAt", "visitedAt", "block_id") VALUES (2056, '238', 'Nova York', NULL, NULL, 162);
INSERT INTO "Address" ("id", "number", "street", "visitUnallowedAt", "visitedAt", "block_id") VALUES (2057, '228', 'Nova York', NULL, NULL, 162);
INSERT INTO "Address" ("id", "number", "street", "visitUnallowedAt", "visitedAt", "block_id") VALUES (2058, 'SN°3', 'Nova York', NULL, NULL, 162);
INSERT INTO "Address" ("id", "number", "street", "visitUnallowedAt", "visitedAt", "block_id") VALUES (2059, '178', 'Nova York', NULL, NULL, 162);
INSERT INTO "Block" ("id", "name", "territory_id") VALUES (163, 'B3', 11);
INSERT INTO "Address" ("id", "number", "street", "visitUnallowedAt", "visitedAt", "block_id") VALUES (2060, '272', 'Orlando', NULL, NULL, 163);
INSERT INTO "Address" ("id", "number", "street", "visitUnallowedAt", "visitedAt", "block_id") VALUES (2061, 'SN°2', 'Orlando', NULL, NULL, 163);
INSERT INTO "Address" ("id", "number", "street", "visitUnallowedAt", "visitedAt", "block_id") VALUES (2062, '247', 'Nova York', NULL, NULL, 163);
INSERT INTO "Block" ("id", "name", "territory_id") VALUES (164, 'B4', 11);
INSERT INTO "Block" ("id", "name", "territory_id") VALUES (165, 'B5', 11);
INSERT INTO "Address" ("id", "number", "street", "visitUnallowedAt", "visitedAt", "block_id") VALUES (2063, '459', 'Nova York', NULL, NULL, 165);
INSERT INTO "Address" ("id", "number", "street", "visitUnallowedAt", "visitedAt", "block_id") VALUES (2064, 'SN°1', 'Nova York', NULL, NULL, 165);
INSERT INTO "Block" ("id", "name", "territory_id") VALUES (166, 'B6', 11);
INSERT INTO "Block" ("id", "name", "territory_id") VALUES (167, 'B7', 11);
INSERT INTO "Address" ("id", "number", "street", "visitUnallowedAt", "visitedAt", "block_id") VALUES (2065, 'SN°1', 'Boston', NULL, NULL, 167);
INSERT INTO "Address" ("id", "number", "street", "visitUnallowedAt", "visitedAt", "block_id") VALUES (2066, '200', 'Washington City', NULL, NULL, 167);
INSERT INTO "Block" ("id", "name", "territory_id") VALUES (168, 'B8', 11);
INSERT INTO "Block" ("id", "name", "territory_id") VALUES (169, 'B9', 11);
INSERT INTO "Address" ("id", "number", "street", "visitUnallowedAt", "visitedAt", "block_id") VALUES (2067, 'SN°1', 'Nova Orleans', NULL, NULL, 169);
INSERT INTO "Address" ("id", "number", "street", "visitUnallowedAt", "visitedAt", "block_id") VALUES (2068, '159', 'Detroit', NULL, NULL, 169);
INSERT INTO "Address" ("id", "number", "street", "visitUnallowedAt", "visitedAt", "block_id") VALUES (2069, 'SN°2', 'Detroit', NULL, NULL, 169);
INSERT INTO "Address" ("id", "number", "street", "visitUnallowedAt", "visitedAt", "block_id") VALUES (2070, '259', 'Detroit', NULL, NULL, 169);
INSERT INTO "Block" ("id", "name", "territory_id") VALUES (170, 'C', 11);
INSERT INTO "Address" ("id", "number", "street", "visitUnallowedAt", "visitedAt", "block_id") VALUES (2071, 'SN°1', 'Los Angeles', NULL, NULL, 170);
INSERT INTO "Address" ("id", "number", "street", "visitUnallowedAt", "visitedAt", "block_id") VALUES (2072, '103', 'Los Angeles', NULL, NULL, 170);
INSERT INTO "Block" ("id", "name", "territory_id") VALUES (171, 'C1', 11);
INSERT INTO "Address" ("id", "number", "street", "visitUnallowedAt", "visitedAt", "block_id") VALUES (2073, 'SN°1', 'Venice', NULL, NULL, 171);
INSERT INTO "Address" ("id", "number", "street", "visitUnallowedAt", "visitedAt", "block_id") VALUES (2074, 'SN°2', 'Venice', NULL, NULL, 171);
INSERT INTO "Address" ("id", "number", "street", "visitUnallowedAt", "visitedAt", "block_id") VALUES (2075, 'SN°3', 'Venice', NULL, NULL, 171);
INSERT INTO "Address" ("id", "number", "street", "visitUnallowedAt", "visitedAt", "block_id") VALUES (2076, 'SN°1', 'Denver', NULL, NULL, 171);
INSERT INTO "Block" ("id", "name", "territory_id") VALUES (172, 'C2', 11);
INSERT INTO "Address" ("id", "number", "street", "visitUnallowedAt", "visitedAt", "block_id") VALUES (2077, '21', 'Detroit', NULL, NULL, 172);
INSERT INTO "Block" ("id", "name", "territory_id") VALUES (173, 'C3', 11);
INSERT INTO "Address" ("id", "number", "street", "visitUnallowedAt", "visitedAt", "block_id") VALUES (2078, 'SN°1', 'Detroit', NULL, NULL, 173);
INSERT INTO "Address" ("id", "number", "street", "visitUnallowedAt", "visitedAt", "block_id") VALUES (2079, '79', 'Detroit', NULL, NULL, 173);
INSERT INTO "Address" ("id", "number", "street", "visitUnallowedAt", "visitedAt", "block_id") VALUES (2080, '103', 'Detroit', NULL, NULL, 173);
INSERT INTO "Address" ("id", "number", "street", "visitUnallowedAt", "visitedAt", "block_id") VALUES (2081, 'SN°1', 'Nova Orleans', NULL, NULL, 173);
INSERT INTO "Address" ("id", "number", "street", "visitUnallowedAt", "visitedAt", "block_id") VALUES (2082, 'SN°2', 'Nova Orleans', NULL, NULL, 173);
INSERT INTO "Block" ("id", "name", "territory_id") VALUES (174, 'C4', 11);
INSERT INTO "Address" ("id", "number", "street", "visitUnallowedAt", "visitedAt", "block_id") VALUES (2083, '199', 'Nova Orleans', NULL, NULL, 174);
INSERT INTO "Address" ("id", "number", "street", "visitUnallowedAt", "visitedAt", "block_id") VALUES (2084, '155', 'Nova Orleans', NULL, NULL, 174);
INSERT INTO "Address" ("id", "number", "street", "visitUnallowedAt", "visitedAt", "block_id") VALUES (2085, 'SN°3', 'Nova Orleans', NULL, NULL, 174);
INSERT INTO "Address" ("id", "number", "street", "visitUnallowedAt", "visitedAt", "block_id") VALUES (2086, 'SN°4', 'Nova Orleans', NULL, NULL, 174);
INSERT INTO "Address" ("id", "number", "street", "visitUnallowedAt", "visitedAt", "block_id") VALUES (2087, 'SN°1', 'Indianápolis', NULL, NULL, 174);
INSERT INTO "Address" ("id", "number", "street", "visitUnallowedAt", "visitedAt", "block_id") VALUES (2088, 'SN°2', 'Indianápolis', NULL, NULL, 174);
INSERT INTO "Address" ("id", "number", "street", "visitUnallowedAt", "visitedAt", "block_id") VALUES (2089, 'SN°3', 'Indianápolis', NULL, NULL, 174);
INSERT INTO "Address" ("id", "number", "street", "visitUnallowedAt", "visitedAt", "block_id") VALUES (2090, 'SN°4', 'Indianápolis', NULL, NULL, 174);
INSERT INTO "Address" ("id", "number", "street", "visitUnallowedAt", "visitedAt", "block_id") VALUES (2091, 'SN°5', 'Indianápolis', NULL, NULL, 174);
INSERT INTO "Block" ("id", "name", "territory_id") VALUES (175, 'C5', 11);
INSERT INTO "Address" ("id", "number", "street", "visitUnallowedAt", "visitedAt", "block_id") VALUES (2092, 'SN°1', 'Indianápolis', NULL, NULL, 175);
INSERT INTO "Address" ("id", "number", "street", "visitUnallowedAt", "visitedAt", "block_id") VALUES (2093, '39', 'Indianápolis', NULL, NULL, 175);
INSERT INTO "Address" ("id", "number", "street", "visitUnallowedAt", "visitedAt", "block_id") VALUES (2094, 'SN°3', 'Indianápolis', NULL, NULL, 175);
INSERT INTO "Address" ("id", "number", "street", "visitUnallowedAt", "visitedAt", "block_id") VALUES (2095, 'SN°4', 'Indianápolis', NULL, NULL, 175);
INSERT INTO "Address" ("id", "number", "street", "visitUnallowedAt", "visitedAt", "block_id") VALUES (2096, 'SN°1', 'Filadélfia', NULL, NULL, 175);
INSERT INTO "Block" ("id", "name", "territory_id") VALUES (176, 'C6', 11);
INSERT INTO "Address" ("id", "number", "street", "visitUnallowedAt", "visitedAt", "block_id") VALUES (2097, 'SN°1', 'Las Vegas', NULL, NULL, 176);
INSERT INTO "Address" ("id", "number", "street", "visitUnallowedAt", "visitedAt", "block_id") VALUES (2098, '158', 'Manhattan', NULL, NULL, 176);
INSERT INTO "Address" ("id", "number", "street", "visitUnallowedAt", "visitedAt", "block_id") VALUES (2099, '134', 'Manhattan', NULL, NULL, 176);
INSERT INTO "Address" ("id", "number", "street", "visitUnallowedAt", "visitedAt", "block_id") VALUES (2100, '110', 'Manhattan', NULL, NULL, 176);
INSERT INTO "Address" ("id", "number", "street", "visitUnallowedAt", "visitedAt", "block_id") VALUES (2101, '68', 'Manhattan', NULL, NULL, 176);
INSERT INTO "Address" ("id", "number", "street", "visitUnallowedAt", "visitedAt", "block_id") VALUES (2102, 'SN°5', 'Manhattan', NULL, NULL, 176);
INSERT INTO "Address" ("id", "number", "street", "visitUnallowedAt", "visitedAt", "block_id") VALUES (2103, '42', 'Manhattan', NULL, NULL, 176);
INSERT INTO "Block" ("id", "name", "territory_id") VALUES (177, 'C7', 11);
INSERT INTO "Address" ("id", "number", "street", "visitUnallowedAt", "visitedAt", "block_id") VALUES (2104, 'SN°1', 'Manhattan', NULL, NULL, 177);
INSERT INTO "Address" ("id", "number", "street", "visitUnallowedAt", "visitedAt", "block_id") VALUES (2105, '59', 'Manhattan', NULL, NULL, 177);
INSERT INTO "Address" ("id", "number", "street", "visitUnallowedAt", "visitedAt", "block_id") VALUES (2106, '.', 'Manhattan', NULL, NULL, 177);
INSERT INTO "Block" ("id", "name", "territory_id") VALUES (178, 'C8', 11);
INSERT INTO "Block" ("id", "name", "territory_id") VALUES (179, 'C9', 11);
INSERT INTO "Address" ("id", "number", "street", "visitUnallowedAt", "visitedAt", "block_id") VALUES (2107, 'SN°1', 'Santa Mônica', NULL, NULL, 179);
INSERT INTO "Block" ("id", "name", "territory_id") VALUES (180, 'D', 11);
INSERT INTO "Address" ("id", "number", "street", "visitUnallowedAt", "visitedAt", "block_id") VALUES (2108, 'SN°1', 'Filadélfia', NULL, NULL, 180);
INSERT INTO "Address" ("id", "number", "street", "visitUnallowedAt", "visitedAt", "block_id") VALUES (2109, 'SN°1', 'Las Vegas', NULL, NULL, 180);
INSERT INTO "Address" ("id", "number", "street", "visitUnallowedAt", "visitedAt", "block_id") VALUES (2110, '170', 'Las Vegas', NULL, NULL, 180);
INSERT INTO "Address" ("id", "number", "street", "visitUnallowedAt", "visitedAt", "block_id") VALUES (2111, 'SN°3', 'Las Vegas', NULL, NULL, 180);
INSERT INTO "Address" ("id", "number", "street", "visitUnallowedAt", "visitedAt", "block_id") VALUES (2112, 'SN°4', 'Las Vegas', NULL, NULL, 180);
INSERT INTO "Address" ("id", "number", "street", "visitUnallowedAt", "visitedAt", "block_id") VALUES (2113, '48', 'Las Vegas', NULL, NULL, 180);
INSERT INTO "Address" ("id", "number", "street", "visitUnallowedAt", "visitedAt", "block_id") VALUES (2114, 'SN°6', 'Las Vegas', NULL, NULL, 180);
INSERT INTO "Block" ("id", "name", "territory_id") VALUES (181, 'D1', 11);
INSERT INTO "Address" ("id", "number", "street", "visitUnallowedAt", "visitedAt", "block_id") VALUES (2115, '244', 'Indianópolis', NULL, NULL, 181);
INSERT INTO "Address" ("id", "number", "street", "visitUnallowedAt", "visitedAt", "block_id") VALUES (2116, '294', 'Indianópolis', NULL, NULL, 181);
INSERT INTO "Address" ("id", "number", "street", "visitUnallowedAt", "visitedAt", "block_id") VALUES (2117, '462', 'Indianópolis', NULL, NULL, 181);
INSERT INTO "Address" ("id", "number", "street", "visitUnallowedAt", "visitedAt", "block_id") VALUES (2118, 'SN°4', 'Indianópolis', NULL, NULL, 181);
INSERT INTO "Address" ("id", "number", "street", "visitUnallowedAt", "visitedAt", "block_id") VALUES (2119, '385', 'Nova Orleans', NULL, NULL, 181);
INSERT INTO "Block" ("id", "name", "territory_id") VALUES (182, 'D2', 11);
INSERT INTO "Address" ("id", "number", "street", "visitUnallowedAt", "visitedAt", "block_id") VALUES (2120, 'SN°1', 'Indianópolis', NULL, NULL, 182);
INSERT INTO "Address" ("id", "number", "street", "visitUnallowedAt", "visitedAt", "block_id") VALUES (2121, 'SN°2', 'Indianópolis', NULL, NULL, 182);
INSERT INTO "Address" ("id", "number", "street", "visitUnallowedAt", "visitedAt", "block_id") VALUES (2122, 'SN°3', 'Indianópolis', NULL, NULL, 182);
INSERT INTO "Address" ("id", "number", "street", "visitUnallowedAt", "visitedAt", "block_id") VALUES (2123, 'SN°4', 'Indianópolis', NULL, NULL, 182);
INSERT INTO "Address" ("id", "number", "street", "visitUnallowedAt", "visitedAt", "block_id") VALUES (2124, 'SN°1', 'Washington City', NULL, NULL, 182);
INSERT INTO "Block" ("id", "name", "territory_id") VALUES (183, 'D3', 11);
INSERT INTO "Address" ("id", "number", "street", "visitUnallowedAt", "visitedAt", "block_id") VALUES (2125, 'SN°1', 'Filadélfia', NULL, NULL, 183);
INSERT INTO "Address" ("id", "number", "street", "visitUnallowedAt", "visitedAt", "block_id") VALUES (2126, '78', 'Filadélfia', NULL, NULL, 183);
INSERT INTO "Address" ("id", "number", "street", "visitUnallowedAt", "visitedAt", "block_id") VALUES (2127, '562', 'Indianápolis', NULL, NULL, 183);
INSERT INTO "Address" ("id", "number", "street", "visitUnallowedAt", "visitedAt", "block_id") VALUES (2128, 'SN°2', 'Indianápolis', NULL, NULL, 183);
INSERT INTO "Block" ("id", "name", "territory_id") VALUES (184, 'D4', 11);
INSERT INTO "Address" ("id", "number", "street", "visitUnallowedAt", "visitedAt", "block_id") VALUES (2129, 'SN°1', 'Las Vegas', NULL, NULL, 184);
INSERT INTO "Address" ("id", "number", "street", "visitUnallowedAt", "visitedAt", "block_id") VALUES (2130, 'SN°2', 'Las Vegas', NULL, NULL, 184);
INSERT INTO "Address" ("id", "number", "street", "visitUnallowedAt", "visitedAt", "block_id") VALUES (2131, '78', 'Filadélfia', NULL, NULL, 184);
INSERT INTO "Address" ("id", "number", "street", "visitUnallowedAt", "visitedAt", "block_id") VALUES (2132, 'SN°2', 'Filadélfia', NULL, NULL, 184);
INSERT INTO "Block" ("id", "name", "territory_id") VALUES (185, 'D5', 11);
INSERT INTO "Address" ("id", "number", "street", "visitUnallowedAt", "visitedAt", "block_id") VALUES (2133, 'SN°1', 'Manhattan', NULL, NULL, 185);
INSERT INTO "Address" ("id", "number", "street", "visitUnallowedAt", "visitedAt", "block_id") VALUES (2134, 'SN°2', 'Manhattan', NULL, NULL, 185);
INSERT INTO "Address" ("id", "number", "street", "visitUnallowedAt", "visitedAt", "block_id") VALUES (2135, 'SN°3', 'Manhattan', NULL, NULL, 185);
INSERT INTO "Address" ("id", "number", "street", "visitUnallowedAt", "visitedAt", "block_id") VALUES (2136, '268', 'Manhattan', NULL, NULL, 185);
INSERT INTO "Block" ("id", "name", "territory_id") VALUES (186, 'D6', 11);
INSERT INTO "Address" ("id", "number", "street", "visitUnallowedAt", "visitedAt", "block_id") VALUES (2137, '319', 'Manhattan', NULL, NULL, 186);
INSERT INTO "Address" ("id", "number", "street", "visitUnallowedAt", "visitedAt", "block_id") VALUES (2138, 'SN°1', 'São Francisco', NULL, NULL, 186);
INSERT INTO "Address" ("id", "number", "street", "visitUnallowedAt", "visitedAt", "block_id") VALUES (2139, '232', 'São Francisco', NULL, NULL, 186);
INSERT INTO "Address" ("id", "number", "street", "visitUnallowedAt", "visitedAt", "block_id") VALUES (2140, '17', 'São Francisco', NULL, NULL, 186);
INSERT INTO "Address" ("id", "number", "street", "visitUnallowedAt", "visitedAt", "block_id") VALUES (2141, 'SN°4', 'São Francisco', NULL, NULL, 186);
INSERT INTO "Block" ("id", "name", "territory_id") VALUES (187, 'E', 11);
INSERT INTO "Block" ("id", "name", "territory_id") VALUES (188, 'F', 11);
INSERT INTO "Address" ("id", "number", "street", "visitUnallowedAt", "visitedAt", "block_id") VALUES (2142, 'SN°1', 'Flor de Lis (Lado Norte)', NULL, NULL, 188);
INSERT INTO "Address" ("id", "number", "street", "visitUnallowedAt", "visitedAt", "block_id") VALUES (2143, '500', 'Flor de Lis (Lado Norte)', NULL, NULL, 188);
INSERT INTO "Address" ("id", "number", "street", "visitUnallowedAt", "visitedAt", "block_id") VALUES (2144, 'SN°3', 'Flor de Lis (Lado Norte)', NULL, NULL, 188);
INSERT INTO "Address" ("id", "number", "street", "visitUnallowedAt", "visitedAt", "block_id") VALUES (2145, 'SN°4', 'Flor de Lis (Lado Norte)', NULL, NULL, 188);
INSERT INTO "Address" ("id", "number", "street", "visitUnallowedAt", "visitedAt", "block_id") VALUES (2146, 'SN°5', 'Flor de Lis (Lado Norte)', NULL, NULL, 188);
INSERT INTO "Address" ("id", "number", "street", "visitUnallowedAt", "visitedAt", "block_id") VALUES (2147, 'SN°6', 'Flor de Lis (Lado Norte)', NULL, NULL, 188);
INSERT INTO "Address" ("id", "number", "street", "visitUnallowedAt", "visitedAt", "block_id") VALUES (2148, 'SN°7', 'Flor de Lis (Lado Norte)', NULL, NULL, 188);
INSERT INTO "Address" ("id", "number", "street", "visitUnallowedAt", "visitedAt", "block_id") VALUES (2149, 'SN°8', 'Flor de Lis (Lado Norte)', NULL, NULL, 188);
INSERT INTO "Address" ("id", "number", "street", "visitUnallowedAt", "visitedAt", "block_id") VALUES (2150, 'SN°9', 'Flor de Lis (Lado Norte)', NULL, NULL, 188);
INSERT INTO "Address" ("id", "number", "street", "visitUnallowedAt", "visitedAt", "block_id") VALUES (2151, 'SN°10', 'Flor de Lis (Lado Norte)', NULL, NULL, 188);
INSERT INTO "Address" ("id", "number", "street", "visitUnallowedAt", "visitedAt", "block_id") VALUES (2152, '104', 'Flor de Lis (Lado Norte)', NULL, NULL, 188);
INSERT INTO "Address" ("id", "number", "street", "visitUnallowedAt", "visitedAt", "block_id") VALUES (2153, 'SN°12', 'Flor de Lis (Lado Norte)', NULL, NULL, 188);
INSERT INTO "Address" ("id", "number", "street", "visitUnallowedAt", "visitedAt", "block_id") VALUES (2154, 'SN°13', 'Flor de Lis (Lado Norte)', NULL, NULL, 188);
INSERT INTO "Address" ("id", "number", "street", "visitUnallowedAt", "visitedAt", "block_id") VALUES (2155, 'SN°14', 'Flor de Lis (Lado Norte)', NULL, NULL, 188);
INSERT INTO "Address" ("id", "number", "street", "visitUnallowedAt", "visitedAt", "block_id") VALUES (2156, 'SN°15', 'Flor de Lis (Lado Norte)', NULL, NULL, 188);
INSERT INTO "Address" ("id", "number", "street", "visitUnallowedAt", "visitedAt", "block_id") VALUES (2157, 'SN°16', 'Flor de Lis (Lado Norte)', NULL, NULL, 188);
INSERT INTO "Address" ("id", "number", "street", "visitUnallowedAt", "visitedAt", "block_id") VALUES (2158, 'SN°17', 'Flor de Lis (Lado Norte)', NULL, NULL, 188);
INSERT INTO "Address" ("id", "number", "street", "visitUnallowedAt", "visitedAt", "block_id") VALUES (2159, 'SN°18', 'Flor de Lis (Lado Norte)', NULL, NULL, 188);
INSERT INTO "Address" ("id", "number", "street", "visitUnallowedAt", "visitedAt", "block_id") VALUES (2160, 'SN°19', 'Flor de Lis (Lado Norte)', NULL, NULL, 188);
INSERT INTO "Address" ("id", "number", "street", "visitUnallowedAt", "visitedAt", "block_id") VALUES (2161, 'SN°20', 'Flor de Lis (Lado Norte)', NULL, NULL, 188);
INSERT INTO "Address" ("id", "number", "street", "visitUnallowedAt", "visitedAt", "block_id") VALUES (2162, 'SN°21', 'Flor de Lis (Lado Norte)', NULL, NULL, 188);
INSERT INTO "Address" ("id", "number", "street", "visitUnallowedAt", "visitedAt", "block_id") VALUES (2163, 'SN°22', 'Flor de Lis (Lado Norte)', NULL, NULL, 188);
INSERT INTO "Address" ("id", "number", "street", "visitUnallowedAt", "visitedAt", "block_id") VALUES (2164, '20', 'Flor de Lis (Lado Norte)', NULL, NULL, 188);
INSERT INTO "Address" ("id", "number", "street", "visitUnallowedAt", "visitedAt", "block_id") VALUES (2165, 'SN°24', 'Flor de Lis (Lado Norte)', NULL, NULL, 188);
INSERT INTO "Address" ("id", "number", "street", "visitUnallowedAt", "visitedAt", "block_id") VALUES (2166, 'SN°25', 'Flor de Lis (Lado Norte)', NULL, NULL, 188);
INSERT INTO "Address" ("id", "number", "street", "visitUnallowedAt", "visitedAt", "block_id") VALUES (2167, 'SN°26', 'Flor de Lis (Lado Norte)', NULL, NULL, 188);
INSERT INTO "Address" ("id", "number", "street", "visitUnallowedAt", "visitedAt", "block_id") VALUES (2168, 'SN°27', 'Flor de Lis (Lado Norte)', NULL, NULL, 188);
INSERT INTO "Address" ("id", "number", "street", "visitUnallowedAt", "visitedAt", "block_id") VALUES (2169, 'SN°28', 'Flor de Lis (Lado Norte)', NULL, NULL, 188);
INSERT INTO "Block" ("id", "name", "territory_id") VALUES (189, 'G', 11);
INSERT INTO "Block" ("id", "name", "territory_id") VALUES (190, 'G1', 11);
INSERT INTO "Block" ("id", "name", "territory_id") VALUES (191, 'G2', 11);
INSERT INTO "Block" ("id", "name", "territory_id") VALUES (192, 'G3', 11);
INSERT INTO "Address" ("id", "number", "street", "visitUnallowedAt", "visitedAt", "block_id") VALUES (2170, '101', 'Hollywood', NULL, NULL, 192);
INSERT INTO "Block" ("id", "name", "territory_id") VALUES (193, 'G4', 11);
INSERT INTO "Block" ("id", "name", "territory_id") VALUES (194, 'G5', 11);
INSERT INTO "Address" ("id", "number", "street", "visitUnallowedAt", "visitedAt", "block_id") VALUES (2171, 'SN°1', 'Manhattan', NULL, NULL, 194);
INSERT INTO "Block" ("id", "name", "territory_id") VALUES (195, 'G6', 11);
INSERT INTO "Address" ("id", "number", "street", "visitUnallowedAt", "visitedAt", "block_id") VALUES (2172, 'SN°1', 'Manhattan', NULL, NULL, 195);
INSERT INTO "Block" ("id", "name", "territory_id") VALUES (196, 'G7', 11);
INSERT INTO "Address" ("id", "number", "street", "visitUnallowedAt", "visitedAt", "block_id") VALUES (2173, 'SN°1', 'Brooklyn', NULL, NULL, 196);
INSERT INTO "Address" ("id", "number", "street", "visitUnallowedAt", "visitedAt", "block_id") VALUES (2174, 'SN°2', 'Brooklyn', NULL, NULL, 196);
INSERT INTO "Address" ("id", "number", "street", "visitUnallowedAt", "visitedAt", "block_id") VALUES (2175, 'SN°1', 'Queens', NULL, NULL, 196);
INSERT INTO "Block" ("id", "name", "territory_id") VALUES (197, 'G8', 11);
INSERT INTO "Address" ("id", "number", "street", "visitUnallowedAt", "visitedAt", "block_id") VALUES (2176, 'SN°1', 'Austin', NULL, NULL, 197);
INSERT INTO "Address" ("id", "number", "street", "visitUnallowedAt", "visitedAt", "block_id") VALUES (2177, 'SN°1', 'Manhattan', NULL, NULL, 197);
INSERT INTO "Address" ("id", "number", "street", "visitUnallowedAt", "visitedAt", "block_id") VALUES (2178, 'SN°2-1', 'Manhattan', NULL, NULL, 197);
INSERT INTO "Address" ("id", "number", "street", "visitUnallowedAt", "visitedAt", "block_id") VALUES (2179, 'SN°2-2', 'Manhattan', NULL, NULL, 197);
INSERT INTO "Block" ("id", "name", "territory_id") VALUES (198, 'G9', 11);
INSERT INTO "Address" ("id", "number", "street", "visitUnallowedAt", "visitedAt", "block_id") VALUES (2180, 'SN°1', 'Seattle', NULL, NULL, 198);
INSERT INTO "Address" ("id", "number", "street", "visitUnallowedAt", "visitedAt", "block_id") VALUES (2181, 'SN°2', 'Seattle', NULL, NULL, 198);
INSERT INTO "Address" ("id", "number", "street", "visitUnallowedAt", "visitedAt", "block_id") VALUES (2182, 'SN°1', 'Manhattan', NULL, NULL, 198);
INSERT INTO "Address" ("id", "number", "street", "visitUnallowedAt", "visitedAt", "block_id") VALUES (2183, 'SN°1', 'Austin', NULL, NULL, 198);
INSERT INTO "Block" ("id", "name", "territory_id") VALUES (199, 'H1', 11);
INSERT INTO "Block" ("id", "name", "territory_id") VALUES (200, 'H2', 11);
INSERT INTO "Address" ("id", "number", "street", "visitUnallowedAt", "visitedAt", "block_id") VALUES (2184, 'SN°1', 'Detroit', NULL, NULL, 200);
INSERT INTO "Address" ("id", "number", "street", "visitUnallowedAt", "visitedAt", "block_id") VALUES (2185, 'SN°2', 'Detroit', NULL, NULL, 200);
INSERT INTO "Address" ("id", "number", "street", "visitUnallowedAt", "visitedAt", "block_id") VALUES (2186, 'SN°3', 'Detroit', NULL, NULL, 200);
INSERT INTO "Block" ("id", "name", "territory_id") VALUES (201, 'H3', 11);
INSERT INTO "Block" ("id", "name", "territory_id") VALUES (202, 'H4', 11);
INSERT INTO "Block" ("id", "name", "territory_id") VALUES (203, 'H5', 11);
INSERT INTO "Address" ("id", "number", "street", "visitUnallowedAt", "visitedAt", "block_id") VALUES (2187, 'SN°1', 'Detroit', NULL, NULL, 203);
INSERT INTO "Address" ("id", "number", "street", "visitUnallowedAt", "visitedAt", "block_id") VALUES (2188, 'SN°2', 'Detroit', NULL, NULL, 203);
INSERT INTO "Address" ("id", "number", "street", "visitUnallowedAt", "visitedAt", "block_id") VALUES (2189, '360', 'Manhattan', NULL, NULL, 203);
INSERT INTO "Address" ("id", "number", "street", "visitUnallowedAt", "visitedAt", "block_id") VALUES (2190, 'SN°2', 'Manhattan', NULL, NULL, 203);
INSERT INTO "Block" ("id", "name", "territory_id") VALUES (204, 'H6', 11);
INSERT INTO "Address" ("id", "number", "street", "visitUnallowedAt", "visitedAt", "block_id") VALUES (2191, 'SN°1', 'Columbia', NULL, NULL, 204);
INSERT INTO "Address" ("id", "number", "street", "visitUnallowedAt", "visitedAt", "block_id") VALUES (2192, 'SN°1', ' Manhattan', NULL, NULL, 204);
INSERT INTO "Block" ("id", "name", "territory_id") VALUES (205, 'H8', 11);
INSERT INTO "Address" ("id", "number", "street", "visitUnallowedAt", "visitedAt", "block_id") VALUES (2193, 'SN°1', 'São Francisco', NULL, NULL, 205);
INSERT INTO "Territory" ("id", "mapImageUrl", "name", "number", "warningMessage") VALUES (12, '', 'Miratorres - Leste', '12', '');
INSERT INTO "Block" ("id", "name", "territory_id") VALUES (206, 'A', 12);
INSERT INTO "Address" ("id", "number", "street", "visitUnallowedAt", "visitedAt", "block_id") VALUES (2194, 'SN°1', 'Caiobá', NULL, NULL, 206);
INSERT INTO "Address" ("id", "number", "street", "visitUnallowedAt", "visitedAt", "block_id") VALUES (2195, 'SN°2', 'Caiobá', NULL, NULL, 206);
INSERT INTO "Address" ("id", "number", "street", "visitUnallowedAt", "visitedAt", "block_id") VALUES (2196, 'SN°3', 'Caiobá', NULL, NULL, 206);
INSERT INTO "Address" ("id", "number", "street", "visitUnallowedAt", "visitedAt", "block_id") VALUES (2197, 'SN°1', 'Cerejeiras', NULL, NULL, 206);
INSERT INTO "Address" ("id", "number", "street", "visitUnallowedAt", "visitedAt", "block_id") VALUES (2198, '228', 'Cerejeiras', NULL, NULL, 206);
INSERT INTO "Address" ("id", "number", "street", "visitUnallowedAt", "visitedAt", "block_id") VALUES (2199, 'SN°3', 'Cerejeiras', NULL, NULL, 206);
INSERT INTO "Address" ("id", "number", "street", "visitUnallowedAt", "visitedAt", "block_id") VALUES (2200, '851', 'Canoa Quebrada', NULL, NULL, 206);
INSERT INTO "Block" ("id", "name", "territory_id") VALUES (207, 'B', 12);
INSERT INTO "Address" ("id", "number", "street", "visitUnallowedAt", "visitedAt", "block_id") VALUES (2201, '4374', 'Caiobá', NULL, NULL, 207);
INSERT INTO "Address" ("id", "number", "street", "visitUnallowedAt", "visitedAt", "block_id") VALUES (2202, '270', 'Caiobá', NULL, NULL, 207);
INSERT INTO "Address" ("id", "number", "street", "visitUnallowedAt", "visitedAt", "block_id") VALUES (2203, 'SN°3', 'Caiobá', NULL, NULL, 207);
INSERT INTO "Address" ("id", "number", "street", "visitUnallowedAt", "visitedAt", "block_id") VALUES (2204, '749', 'Canoa Quebrada', NULL, NULL, 207);
INSERT INTO "Address" ("id", "number", "street", "visitUnallowedAt", "visitedAt", "block_id") VALUES (2205, 'SN°1', 'Cerejeiras', NULL, NULL, 207);
INSERT INTO "Address" ("id", "number", "street", "visitUnallowedAt", "visitedAt", "block_id") VALUES (2206, 'SN°2', 'Cerejeiras', NULL, NULL, 207);
INSERT INTO "Address" ("id", "number", "street", "visitUnallowedAt", "visitedAt", "block_id") VALUES (2207, 'SN°3', 'Cerejeiras', NULL, NULL, 207);
INSERT INTO "Address" ("id", "number", "street", "visitUnallowedAt", "visitedAt", "block_id") VALUES (2208, 'SN°4', 'Cerejeiras', NULL, NULL, 207);
INSERT INTO "Block" ("id", "name", "territory_id") VALUES (208, 'C', 12);
INSERT INTO "Address" ("id", "number", "street", "visitUnallowedAt", "visitedAt", "block_id") VALUES (2209, '3522', 'Caiobá', NULL, NULL, 208);
INSERT INTO "Address" ("id", "number", "street", "visitUnallowedAt", "visitedAt", "block_id") VALUES (2210, '3502', 'Caiobá', NULL, NULL, 208);
INSERT INTO "Address" ("id", "number", "street", "visitUnallowedAt", "visitedAt", "block_id") VALUES (2211, 'SN°3', 'Caiobá', NULL, NULL, 208);
INSERT INTO "Address" ("id", "number", "street", "visitUnallowedAt", "visitedAt", "block_id") VALUES (2212, '4504', 'Caiobá', NULL, NULL, 208);
INSERT INTO "Address" ("id", "number", "street", "visitUnallowedAt", "visitedAt", "block_id") VALUES (2213, 'SN°5', 'Caiobá', NULL, NULL, 208);
INSERT INTO "Address" ("id", "number", "street", "visitUnallowedAt", "visitedAt", "block_id") VALUES (2214, '4516', 'Caiobá', NULL, NULL, 208);
INSERT INTO "Address" ("id", "number", "street", "visitUnallowedAt", "visitedAt", "block_id") VALUES (2215, '3', 'Camélias', NULL, NULL, 208);
INSERT INTO "Address" ("id", "number", "street", "visitUnallowedAt", "visitedAt", "block_id") VALUES (2216, '2', 'Camélias', NULL, NULL, 208);
INSERT INTO "Address" ("id", "number", "street", "visitUnallowedAt", "visitedAt", "block_id") VALUES (2217, '1', 'Camélias', NULL, NULL, 208);
INSERT INTO "Address" ("id", "number", "street", "visitUnallowedAt", "visitedAt", "block_id") VALUES (2218, '650', 'Canoa Quebrada', NULL, NULL, 208);
INSERT INTO "Address" ("id", "number", "street", "visitUnallowedAt", "visitedAt", "block_id") VALUES (2219, '653', 'Canoa Quebrada', NULL, NULL, 208);
INSERT INTO "Address" ("id", "number", "street", "visitUnallowedAt", "visitedAt", "block_id") VALUES (2220, '641', 'Canoa Quebrada', NULL, NULL, 208);
INSERT INTO "Address" ("id", "number", "street", "visitUnallowedAt", "visitedAt", "block_id") VALUES (2221, '677', 'Canoa Quebrada', NULL, NULL, 208);
INSERT INTO "Address" ("id", "number", "street", "visitUnallowedAt", "visitedAt", "block_id") VALUES (2222, 'SN°1', 'Cravina', NULL, NULL, 208);
INSERT INTO "Address" ("id", "number", "street", "visitUnallowedAt", "visitedAt", "block_id") VALUES (2223, 'SN°2', 'Cravina', NULL, NULL, 208);
INSERT INTO "Address" ("id", "number", "street", "visitUnallowedAt", "visitedAt", "block_id") VALUES (2224, 'SN°3', 'Cravina', NULL, NULL, 208);
INSERT INTO "Block" ("id", "name", "territory_id") VALUES (209, 'D', 12);
INSERT INTO "Address" ("id", "number", "street", "visitUnallowedAt", "visitedAt", "block_id") VALUES (2225, '700', 'Caiobá', NULL, NULL, 209);
INSERT INTO "Address" ("id", "number", "street", "visitUnallowedAt", "visitedAt", "block_id") VALUES (2226, 'SN°2', 'Caiobá', NULL, NULL, 209);
INSERT INTO "Address" ("id", "number", "street", "visitUnallowedAt", "visitedAt", "block_id") VALUES (2227, 'SN°3', 'Caiobá', NULL, NULL, 209);
INSERT INTO "Address" ("id", "number", "street", "visitUnallowedAt", "visitedAt", "block_id") VALUES (2228, 'SN°4', 'Caiobá', NULL, NULL, 209);
INSERT INTO "Address" ("id", "number", "street", "visitUnallowedAt", "visitedAt", "block_id") VALUES (2229, '229', 'Canoa Quebrada', NULL, NULL, 209);
INSERT INTO "Address" ("id", "number", "street", "visitUnallowedAt", "visitedAt", "block_id") VALUES (2230, '563', 'Canoa Quebrada', NULL, NULL, 209);
INSERT INTO "Address" ("id", "number", "street", "visitUnallowedAt", "visitedAt", "block_id") VALUES (2231, '555', 'Canoa Quebrada', NULL, NULL, 209);
INSERT INTO "Address" ("id", "number", "street", "visitUnallowedAt", "visitedAt", "block_id") VALUES (2232, 'SN°4', 'Canoa Quebrada', NULL, NULL, 209);
INSERT INTO "Address" ("id", "number", "street", "visitUnallowedAt", "visitedAt", "block_id") VALUES (2233, '237', 'Camélias', NULL, NULL, 209);
INSERT INTO "Address" ("id", "number", "street", "visitUnallowedAt", "visitedAt", "block_id") VALUES (2234, 'SN°2', 'Camélias', NULL, NULL, 209);
INSERT INTO "Address" ("id", "number", "street", "visitUnallowedAt", "visitedAt", "block_id") VALUES (2235, '700', 'Camélias', NULL, NULL, 209);
INSERT INTO "Address" ("id", "number", "street", "visitUnallowedAt", "visitedAt", "block_id") VALUES (2236, 'SN°4', 'Camélias', NULL, NULL, 209);
INSERT INTO "Block" ("id", "name", "territory_id") VALUES (210, 'E', 12);
INSERT INTO "Address" ("id", "number", "street", "visitUnallowedAt", "visitedAt", "block_id") VALUES (2237, 'SN°1', 'Canoa Quebrada', NULL, NULL, 210);
INSERT INTO "Address" ("id", "number", "street", "visitUnallowedAt", "visitedAt", "block_id") VALUES (2238, 'SN°2', 'Canoa Quebrada', NULL, NULL, 210);
INSERT INTO "Address" ("id", "number", "street", "visitUnallowedAt", "visitedAt", "block_id") VALUES (2239, 'SN°3', 'Canoa Quebrada', NULL, NULL, 210);
INSERT INTO "Address" ("id", "number", "street", "visitUnallowedAt", "visitedAt", "block_id") VALUES (2240, 'SN°1', 'Olinda', NULL, NULL, 210);
INSERT INTO "Block" ("id", "name", "territory_id") VALUES (211, 'F', 12);
INSERT INTO "Address" ("id", "number", "street", "visitUnallowedAt", "visitedAt", "block_id") VALUES (2241, '724', 'Canoa Quebrada', NULL, NULL, 211);
INSERT INTO "Address" ("id", "number", "street", "visitUnallowedAt", "visitedAt", "block_id") VALUES (2242, 'SN°2', 'Canoa Quebrada', NULL, NULL, 211);
INSERT INTO "Address" ("id", "number", "street", "visitUnallowedAt", "visitedAt", "block_id") VALUES (2243, 'SN°1', 'Cravina', NULL, NULL, 211);
INSERT INTO "Address" ("id", "number", "street", "visitUnallowedAt", "visitedAt", "block_id") VALUES (2244, '1175', 'Olinda', NULL, NULL, 211);
INSERT INTO "Address" ("id", "number", "street", "visitUnallowedAt", "visitedAt", "block_id") VALUES (2245, 'SN°2', 'Olinda', NULL, NULL, 211);
INSERT INTO "Address" ("id", "number", "street", "visitUnallowedAt", "visitedAt", "block_id") VALUES (2246, 'SN°1', 'Cerejeiras', NULL, NULL, 211);
INSERT INTO "Block" ("id", "name", "territory_id") VALUES (212, 'G', 12);
INSERT INTO "Address" ("id", "number", "street", "visitUnallowedAt", "visitedAt", "block_id") VALUES (2247, '652', 'Canoa Quebrada', NULL, NULL, 212);
INSERT INTO "Address" ("id", "number", "street", "visitUnallowedAt", "visitedAt", "block_id") VALUES (2248, 'SN°2', 'Canoa Quebrada', NULL, NULL, 212);
INSERT INTO "Address" ("id", "number", "street", "visitUnallowedAt", "visitedAt", "block_id") VALUES (2249, 'SN°3', 'Canoa Quebrada', NULL, NULL, 212);
INSERT INTO "Address" ("id", "number", "street", "visitUnallowedAt", "visitedAt", "block_id") VALUES (2250, '616', 'Canoa Quebrada', NULL, NULL, 212);
INSERT INTO "Address" ("id", "number", "street", "visitUnallowedAt", "visitedAt", "block_id") VALUES (2251, 'SN°1', 'Olinda', NULL, NULL, 212);
INSERT INTO "Address" ("id", "number", "street", "visitUnallowedAt", "visitedAt", "block_id") VALUES (2252, 'SN°2', 'Olinda', NULL, NULL, 212);
INSERT INTO "Address" ("id", "number", "street", "visitUnallowedAt", "visitedAt", "block_id") VALUES (2253, '1023', 'Cravina', NULL, NULL, 212);
INSERT INTO "Block" ("id", "name", "territory_id") VALUES (213, 'H', 12);
INSERT INTO "Address" ("id", "number", "street", "visitUnallowedAt", "visitedAt", "block_id") VALUES (2254, '576', 'Canoa Quebrada', NULL, NULL, 213);
INSERT INTO "Address" ("id", "number", "street", "visitUnallowedAt", "visitedAt", "block_id") VALUES (2255, 'SN°2', 'Canoa Quebrada', NULL, NULL, 213);
INSERT INTO "Address" ("id", "number", "street", "visitUnallowedAt", "visitedAt", "block_id") VALUES (2256, 'SN°1', 'Olinda', NULL, NULL, 213);
INSERT INTO "Address" ("id", "number", "street", "visitUnallowedAt", "visitedAt", "block_id") VALUES (2257, '945', 'Olinda', NULL, NULL, 213);
INSERT INTO "Address" ("id", "number", "street", "visitUnallowedAt", "visitedAt", "block_id") VALUES (2258, '933', 'Olinda', NULL, NULL, 213);
INSERT INTO "Address" ("id", "number", "street", "visitUnallowedAt", "visitedAt", "block_id") VALUES (2259, '921', 'Olinda', NULL, NULL, 213);
INSERT INTO "Block" ("id", "name", "territory_id") VALUES (214, 'I', 12);
INSERT INTO "Address" ("id", "number", "street", "visitUnallowedAt", "visitedAt", "block_id") VALUES (2260, 'SN°1', 'Olinda', NULL, NULL, 214);
INSERT INTO "Address" ("id", "number", "street", "visitUnallowedAt", "visitedAt", "block_id") VALUES (2261, '819', 'Cerejeiras', NULL, NULL, 214);
INSERT INTO "Address" ("id", "number", "street", "visitUnallowedAt", "visitedAt", "block_id") VALUES (2262, 'SN°2', 'Cerejeiras', NULL, NULL, 214);
INSERT INTO "Address" ("id", "number", "street", "visitUnallowedAt", "visitedAt", "block_id") VALUES (2263, 'SN°1', 'Ipanema', NULL, NULL, 214);
INSERT INTO "Block" ("id", "name", "territory_id") VALUES (215, 'J', 12);
INSERT INTO "Address" ("id", "number", "street", "visitUnallowedAt", "visitedAt", "block_id") VALUES (2264, '1228', 'Olinda', NULL, NULL, 215);
INSERT INTO "Address" ("id", "number", "street", "visitUnallowedAt", "visitedAt", "block_id") VALUES (2265, '1204-1', 'Olinda', NULL, NULL, 215);
INSERT INTO "Address" ("id", "number", "street", "visitUnallowedAt", "visitedAt", "block_id") VALUES (2266, '1204-2', 'Olinda', NULL, NULL, 215);
INSERT INTO "Address" ("id", "number", "street", "visitUnallowedAt", "visitedAt", "block_id") VALUES (2267, '1192', 'Olinda', NULL, NULL, 215);
INSERT INTO "Address" ("id", "number", "street", "visitUnallowedAt", "visitedAt", "block_id") VALUES (2268, 'SN°1', 'Cerejeiras', NULL, NULL, 215);
INSERT INTO "Address" ("id", "number", "street", "visitUnallowedAt", "visitedAt", "block_id") VALUES (2269, 'SN°2', 'Cerejeiras', NULL, NULL, 215);
INSERT INTO "Block" ("id", "name", "territory_id") VALUES (216, 'K', 12);
INSERT INTO "Address" ("id", "number", "street", "visitUnallowedAt", "visitedAt", "block_id") VALUES (2270, '1118', 'Olinda', NULL, NULL, 216);
INSERT INTO "Address" ("id", "number", "street", "visitUnallowedAt", "visitedAt", "block_id") VALUES (2271, '1096', 'Olinda', NULL, NULL, 216);
INSERT INTO "Address" ("id", "number", "street", "visitUnallowedAt", "visitedAt", "block_id") VALUES (2272, '1084', 'Olinda', NULL, NULL, 216);
INSERT INTO "Address" ("id", "number", "street", "visitUnallowedAt", "visitedAt", "block_id") VALUES (2273, 'SN°4', 'Olinda', NULL, NULL, 216);
INSERT INTO "Address" ("id", "number", "street", "visitUnallowedAt", "visitedAt", "block_id") VALUES (2274, '375', 'Ipanema', NULL, NULL, 216);
INSERT INTO "Address" ("id", "number", "street", "visitUnallowedAt", "visitedAt", "block_id") VALUES (2275, '29', 'Ipanema', NULL, NULL, 216);
INSERT INTO "Address" ("id", "number", "street", "visitUnallowedAt", "visitedAt", "block_id") VALUES (2276, 'SN°3', 'Ipanema', NULL, NULL, 216);
INSERT INTO "Address" ("id", "number", "street", "visitUnallowedAt", "visitedAt", "block_id") VALUES (2277, 'SN°1', 'Cravina', NULL, NULL, 216);
INSERT INTO "Address" ("id", "number", "street", "visitUnallowedAt", "visitedAt", "block_id") VALUES (2278, 'SN°2', 'Cravina', NULL, NULL, 216);
INSERT INTO "Address" ("id", "number", "street", "visitUnallowedAt", "visitedAt", "block_id") VALUES (2279, 'SN°3', 'Cravina', NULL, NULL, 216);
INSERT INTO "Block" ("id", "name", "territory_id") VALUES (217, 'L', 12);
INSERT INTO "Address" ("id", "number", "street", "visitUnallowedAt", "visitedAt", "block_id") VALUES (2280, '300', 'Olinda', NULL, NULL, 217);
INSERT INTO "Address" ("id", "number", "street", "visitUnallowedAt", "visitedAt", "block_id") VALUES (2281, '545-A', 'Ipanema', NULL, NULL, 217);
INSERT INTO "Address" ("id", "number", "street", "visitUnallowedAt", "visitedAt", "block_id") VALUES (2282, '545-B', 'Ipanema', NULL, NULL, 217);
INSERT INTO "Address" ("id", "number", "street", "visitUnallowedAt", "visitedAt", "block_id") VALUES (2283, '567', 'Ipanema', NULL, NULL, 217);
INSERT INTO "Address" ("id", "number", "street", "visitUnallowedAt", "visitedAt", "block_id") VALUES (2284, 'SN°1', 'Camélias', NULL, NULL, 217);
INSERT INTO "Address" ("id", "number", "street", "visitUnallowedAt", "visitedAt", "block_id") VALUES (2285, '1020', 'Camélias', NULL, NULL, 217);
INSERT INTO "Block" ("id", "name", "territory_id") VALUES (218, 'M', 12);
INSERT INTO "Address" ("id", "number", "street", "visitUnallowedAt", "visitedAt", "block_id") VALUES (2286, 'SN°1', 'Cravina', NULL, NULL, 218);
INSERT INTO "Block" ("id", "name", "territory_id") VALUES (219, 'N', 12);
INSERT INTO "Address" ("id", "number", "street", "visitUnallowedAt", "visitedAt", "block_id") VALUES (2287, '652', 'Ipanema', NULL, NULL, 219);
INSERT INTO "Address" ("id", "number", "street", "visitUnallowedAt", "visitedAt", "block_id") VALUES (2288, '616', 'Ipanema', NULL, NULL, 219);
INSERT INTO "Address" ("id", "number", "street", "visitUnallowedAt", "visitedAt", "block_id") VALUES (2289, '1101', 'Beira Mar', NULL, NULL, 219);
INSERT INTO "Address" ("id", "number", "street", "visitUnallowedAt", "visitedAt", "block_id") VALUES (2290, 'SN°2', 'Beira Mar', NULL, NULL, 219);
INSERT INTO "Block" ("id", "name", "territory_id") VALUES (220, 'O', 12);
INSERT INTO "Address" ("id", "number", "street", "visitUnallowedAt", "visitedAt", "block_id") VALUES (2291, '558', 'Ipanema', NULL, NULL, 220);
INSERT INTO "Address" ("id", "number", "street", "visitUnallowedAt", "visitedAt", "block_id") VALUES (2292, '518', 'Ipanema', NULL, NULL, 220);
INSERT INTO "Address" ("id", "number", "street", "visitUnallowedAt", "visitedAt", "block_id") VALUES (2293, 'SN°1', 'Azaléias', NULL, NULL, 220);
INSERT INTO "Address" ("id", "number", "street", "visitUnallowedAt", "visitedAt", "block_id") VALUES (2294, '973', 'Beira Mar', NULL, NULL, 220);
INSERT INTO "Address" ("id", "number", "street", "visitUnallowedAt", "visitedAt", "block_id") VALUES (2295, '201', 'Beira Mar', NULL, NULL, 220);
INSERT INTO "Address" ("id", "number", "street", "visitUnallowedAt", "visitedAt", "block_id") VALUES (2296, '65', 'Camélias', NULL, NULL, 220);
INSERT INTO "Territory" ("id", "mapImageUrl", "name", "number", "warningMessage") VALUES (13, '', 'Miratorres - Oeste', '13', '');
INSERT INTO "Block" ("id", "name", "territory_id") VALUES (221, 'A', 13);
INSERT INTO "Address" ("id", "number", "street", "visitUnallowedAt", "visitedAt", "block_id") VALUES (2297, '210', 'Caiobá Interpraias', NULL, NULL, 221);
INSERT INTO "Address" ("id", "number", "street", "visitUnallowedAt", "visitedAt", "block_id") VALUES (2298, '198', 'Caiobá Interpraias', NULL, NULL, 221);
INSERT INTO "Address" ("id", "number", "street", "visitUnallowedAt", "visitedAt", "block_id") VALUES (2299, '186', 'Caiobá Interpraias', NULL, NULL, 221);
INSERT INTO "Address" ("id", "number", "street", "visitUnallowedAt", "visitedAt", "block_id") VALUES (2300, '560', 'Garopaba', NULL, NULL, 221);
INSERT INTO "Address" ("id", "number", "street", "visitUnallowedAt", "visitedAt", "block_id") VALUES (2301, '540', 'Garopaba', NULL, NULL, 221);
INSERT INTO "Address" ("id", "number", "street", "visitUnallowedAt", "visitedAt", "block_id") VALUES (2302, '552', 'Garopaba', NULL, NULL, 221);
INSERT INTO "Address" ("id", "number", "street", "visitUnallowedAt", "visitedAt", "block_id") VALUES (2303, '300', 'Garopaba', NULL, NULL, 221);
INSERT INTO "Address" ("id", "number", "street", "visitUnallowedAt", "visitedAt", "block_id") VALUES (2304, 'SN°5', 'Garopaba', NULL, NULL, 221);
INSERT INTO "Block" ("id", "name", "territory_id") VALUES (222, 'B', 13);
INSERT INTO "Address" ("id", "number", "street", "visitUnallowedAt", "visitedAt", "block_id") VALUES (2305, '4343', 'Caiobá Interpraias', NULL, NULL, 222);
INSERT INTO "Address" ("id", "number", "street", "visitUnallowedAt", "visitedAt", "block_id") VALUES (2306, '3549', 'Caiobá Interpraias', NULL, NULL, 222);
INSERT INTO "Address" ("id", "number", "street", "visitUnallowedAt", "visitedAt", "block_id") VALUES (2307, '4280', 'Caiobá Interpraias', NULL, NULL, 222);
INSERT INTO "Address" ("id", "number", "street", "visitUnallowedAt", "visitedAt", "block_id") VALUES (2308, '3501', 'Caiobá Interpraias', NULL, NULL, 222);
INSERT INTO "Address" ("id", "number", "street", "visitUnallowedAt", "visitedAt", "block_id") VALUES (2309, 'SN°4', 'Caiobá Interpraias', NULL, NULL, 222);
INSERT INTO "Address" ("id", "number", "street", "visitUnallowedAt", "visitedAt", "block_id") VALUES (2310, 'SN°1', 'Garopaba', NULL, NULL, 222);
INSERT INTO "Address" ("id", "number", "street", "visitUnallowedAt", "visitedAt", "block_id") VALUES (2311, '159', 'Garopaba', NULL, NULL, 222);
INSERT INTO "Address" ("id", "number", "street", "visitUnallowedAt", "visitedAt", "block_id") VALUES (2312, 'SN°3', 'Garopaba', NULL, NULL, 222);
INSERT INTO "Address" ("id", "number", "street", "visitUnallowedAt", "visitedAt", "block_id") VALUES (2313, 'SN°4', 'Garopaba', NULL, NULL, 222);
INSERT INTO "Address" ("id", "number", "street", "visitUnallowedAt", "visitedAt", "block_id") VALUES (2314, 'SN°1', 'Camélias', NULL, NULL, 222);
INSERT INTO "Address" ("id", "number", "street", "visitUnallowedAt", "visitedAt", "block_id") VALUES (2315, 'SN°2', 'Camélias', NULL, NULL, 222);
INSERT INTO "Address" ("id", "number", "street", "visitUnallowedAt", "visitedAt", "block_id") VALUES (2316, 'SN°3', 'Camélias', NULL, NULL, 222);
INSERT INTO "Block" ("id", "name", "territory_id") VALUES (223, 'C', 13);
INSERT INTO "Address" ("id", "number", "street", "visitUnallowedAt", "visitedAt", "block_id") VALUES (2317, '3609', 'Caiobá Interpraias', NULL, NULL, 223);
INSERT INTO "Address" ("id", "number", "street", "visitUnallowedAt", "visitedAt", "block_id") VALUES (2318, '5181', 'Caiobá Interpraias', NULL, NULL, 223);
INSERT INTO "Address" ("id", "number", "street", "visitUnallowedAt", "visitedAt", "block_id") VALUES (2319, 'SN°3', 'Caiobá Interpraias', NULL, NULL, 223);
INSERT INTO "Address" ("id", "number", "street", "visitUnallowedAt", "visitedAt", "block_id") VALUES (2320, 'SN°1', 'Cerejeiras', NULL, NULL, 223);
INSERT INTO "Address" ("id", "number", "street", "visitUnallowedAt", "visitedAt", "block_id") VALUES (2321, 'SN°2', 'Cerejeiras', NULL, NULL, 223);
INSERT INTO "Address" ("id", "number", "street", "visitUnallowedAt", "visitedAt", "block_id") VALUES (2322, 'SN°3', 'Cerejeiras', NULL, NULL, 223);
INSERT INTO "Address" ("id", "number", "street", "visitUnallowedAt", "visitedAt", "block_id") VALUES (2323, 'SN°1', 'Garopaba', NULL, NULL, 223);
INSERT INTO "Address" ("id", "number", "street", "visitUnallowedAt", "visitedAt", "block_id") VALUES (2324, 'SN°2', 'Garopaba', NULL, NULL, 223);
INSERT INTO "Address" ("id", "number", "street", "visitUnallowedAt", "visitedAt", "block_id") VALUES (2325, 'SN°1', 'Cravina', NULL, NULL, 223);
INSERT INTO "Address" ("id", "number", "street", "visitUnallowedAt", "visitedAt", "block_id") VALUES (2326, '33', 'Cravina', NULL, NULL, 223);
INSERT INTO "Address" ("id", "number", "street", "visitUnallowedAt", "visitedAt", "block_id") VALUES (2327, 'SN°3', 'Cravina', NULL, NULL, 223);
INSERT INTO "Block" ("id", "name", "territory_id") VALUES (224, 'D', 13);
INSERT INTO "Address" ("id", "number", "street", "visitUnallowedAt", "visitedAt", "block_id") VALUES (2328, '4485', 'Caiobá (Interpraias)', NULL, NULL, 224);
INSERT INTO "Address" ("id", "number", "street", "visitUnallowedAt", "visitedAt", "block_id") VALUES (2329, '4497', 'Caiobá (Interpraias)', NULL, NULL, 224);
INSERT INTO "Address" ("id", "number", "street", "visitUnallowedAt", "visitedAt", "block_id") VALUES (2330, 'SN°3', 'Caiobá (Interpraias)', NULL, NULL, 224);
INSERT INTO "Address" ("id", "number", "street", "visitUnallowedAt", "visitedAt", "block_id") VALUES (2331, '4535', 'Caiobá (Interpraias)', NULL, NULL, 224);
INSERT INTO "Address" ("id", "number", "street", "visitUnallowedAt", "visitedAt", "block_id") VALUES (2332, '818', 'Cerejeiras', NULL, NULL, 224);
INSERT INTO "Address" ("id", "number", "street", "visitUnallowedAt", "visitedAt", "block_id") VALUES (2333, 'SN°1', 'Garopaba', NULL, NULL, 224);
INSERT INTO "Address" ("id", "number", "street", "visitUnallowedAt", "visitedAt", "block_id") VALUES (2334, '830', 'Garopaba', NULL, NULL, 224);
INSERT INTO "Address" ("id", "number", "street", "visitUnallowedAt", "visitedAt", "block_id") VALUES (2335, 'SN°3', 'Garopaba', NULL, NULL, 224);
INSERT INTO "Address" ("id", "number", "street", "visitUnallowedAt", "visitedAt", "block_id") VALUES (2336, '835', 'Garopaba', NULL, NULL, 224);
INSERT INTO "Block" ("id", "name", "territory_id") VALUES (225, 'E', 13);
INSERT INTO "Address" ("id", "number", "street", "visitUnallowedAt", "visitedAt", "block_id") VALUES (2337, 'SN°1', 'Garopaba', NULL, NULL, 225);
INSERT INTO "Address" ("id", "number", "street", "visitUnallowedAt", "visitedAt", "block_id") VALUES (2338, '301', 'Garopaba', NULL, NULL, 225);
INSERT INTO "Address" ("id", "number", "street", "visitUnallowedAt", "visitedAt", "block_id") VALUES (2339, 'SN°3', 'Garopaba', NULL, NULL, 225);
INSERT INTO "Address" ("id", "number", "street", "visitUnallowedAt", "visitedAt", "block_id") VALUES (2340, 'SN°4', 'Garopaba', NULL, NULL, 225);
INSERT INTO "Address" ("id", "number", "street", "visitUnallowedAt", "visitedAt", "block_id") VALUES (2341, '519', 'Garopaba', NULL, NULL, 225);
INSERT INTO "Address" ("id", "number", "street", "visitUnallowedAt", "visitedAt", "block_id") VALUES (2342, 'SN°6', 'Garopaba', NULL, NULL, 225);
INSERT INTO "Address" ("id", "number", "street", "visitUnallowedAt", "visitedAt", "block_id") VALUES (2343, '644', 'Guaratuba', NULL, NULL, 225);
INSERT INTO "Address" ("id", "number", "street", "visitUnallowedAt", "visitedAt", "block_id") VALUES (2344, '656', 'Guaratuba', NULL, NULL, 225);
INSERT INTO "Address" ("id", "number", "street", "visitUnallowedAt", "visitedAt", "block_id") VALUES (2345, '668', 'Guaratuba', NULL, NULL, 225);
INSERT INTO "Address" ("id", "number", "street", "visitUnallowedAt", "visitedAt", "block_id") VALUES (2346, 'SN°1', 'Azaléias', NULL, NULL, 225);
INSERT INTO "Block" ("id", "name", "territory_id") VALUES (226, 'F', 13);
INSERT INTO "Address" ("id", "number", "street", "visitUnallowedAt", "visitedAt", "block_id") VALUES (2347, '693', 'Garopaba', NULL, NULL, 226);
INSERT INTO "Address" ("id", "number", "street", "visitUnallowedAt", "visitedAt", "block_id") VALUES (2348, '681', 'Garopaba', NULL, NULL, 226);
INSERT INTO "Address" ("id", "number", "street", "visitUnallowedAt", "visitedAt", "block_id") VALUES (2349, '629', 'Garopaba', NULL, NULL, 226);
INSERT INTO "Address" ("id", "number", "street", "visitUnallowedAt", "visitedAt", "block_id") VALUES (2350, '623', 'Garopaba', NULL, NULL, 226);
INSERT INTO "Address" ("id", "number", "street", "visitUnallowedAt", "visitedAt", "block_id") VALUES (2351, 'SN°1', 'Cravina', NULL, NULL, 226);
INSERT INTO "Address" ("id", "number", "street", "visitUnallowedAt", "visitedAt", "block_id") VALUES (2352, '718', 'Guaratuba', NULL, NULL, 226);
INSERT INTO "Address" ("id", "number", "street", "visitUnallowedAt", "visitedAt", "block_id") VALUES (2353, '742', 'Guaratuba', NULL, NULL, 226);
INSERT INTO "Address" ("id", "number", "street", "visitUnallowedAt", "visitedAt", "block_id") VALUES (2354, '754', 'Guaratuba', NULL, NULL, 226);
INSERT INTO "Address" ("id", "number", "street", "visitUnallowedAt", "visitedAt", "block_id") VALUES (2355, '766', 'Guaratuba', NULL, NULL, 226);
INSERT INTO "Block" ("id", "name", "territory_id") VALUES (227, 'G', 13);
INSERT INTO "Address" ("id", "number", "street", "visitUnallowedAt", "visitedAt", "block_id") VALUES (2356, 'SN°1', 'Garopaba', NULL, NULL, 227);
INSERT INTO "Address" ("id", "number", "street", "visitUnallowedAt", "visitedAt", "block_id") VALUES (2357, 'SN°2', 'Garopaba', NULL, NULL, 227);
INSERT INTO "Address" ("id", "number", "street", "visitUnallowedAt", "visitedAt", "block_id") VALUES (2358, 'SN°3', 'Garopaba', NULL, NULL, 227);
INSERT INTO "Address" ("id", "number", "street", "visitUnallowedAt", "visitedAt", "block_id") VALUES (2359, 'SN°4', 'Garopaba', NULL, NULL, 227);
INSERT INTO "Address" ("id", "number", "street", "visitUnallowedAt", "visitedAt", "block_id") VALUES (2360, '747', 'Garopaba', NULL, NULL, 227);
INSERT INTO "Address" ("id", "number", "street", "visitUnallowedAt", "visitedAt", "block_id") VALUES (2361, '735', 'Garopaba', NULL, NULL, 227);
INSERT INTO "Address" ("id", "number", "street", "visitUnallowedAt", "visitedAt", "block_id") VALUES (2362, '119', 'Cerejeiras', NULL, NULL, 227);
INSERT INTO "Address" ("id", "number", "street", "visitUnallowedAt", "visitedAt", "block_id") VALUES (2363, '512', 'Guaratuba', NULL, NULL, 227);
INSERT INTO "Address" ("id", "number", "street", "visitUnallowedAt", "visitedAt", "block_id") VALUES (2364, '514', 'Guaratuba', NULL, NULL, 227);
INSERT INTO "Address" ("id", "number", "street", "visitUnallowedAt", "visitedAt", "block_id") VALUES (2365, 'SN°3', 'Guaratuba', NULL, NULL, 227);
INSERT INTO "Address" ("id", "number", "street", "visitUnallowedAt", "visitedAt", "block_id") VALUES (2366, 'SN°1', 'Cravina', NULL, NULL, 227);
INSERT INTO "Block" ("id", "name", "territory_id") VALUES (228, 'H', 13);
INSERT INTO "Address" ("id", "number", "street", "visitUnallowedAt", "visitedAt", "block_id") VALUES (2367, '982', 'Guaratuba', NULL, NULL, 228);
INSERT INTO "Address" ("id", "number", "street", "visitUnallowedAt", "visitedAt", "block_id") VALUES (2368, 'SN°2', 'Guaratuba', NULL, NULL, 228);
INSERT INTO "Address" ("id", "number", "street", "visitUnallowedAt", "visitedAt", "block_id") VALUES (2369, 'SN°3', 'Guaratuba', NULL, NULL, 228);
INSERT INTO "Address" ("id", "number", "street", "visitUnallowedAt", "visitedAt", "block_id") VALUES (2370, '1016', 'Guaratuba', NULL, NULL, 228);
INSERT INTO "Address" ("id", "number", "street", "visitUnallowedAt", "visitedAt", "block_id") VALUES (2371, '956', 'Cerejeiras', NULL, NULL, 228);
INSERT INTO "Address" ("id", "number", "street", "visitUnallowedAt", "visitedAt", "block_id") VALUES (2372, '879', 'Garopaba', NULL, NULL, 228);
INSERT INTO "Address" ("id", "number", "street", "visitUnallowedAt", "visitedAt", "block_id") VALUES (2373, 'SN°2', 'Garopaba', NULL, NULL, 228);
INSERT INTO "Address" ("id", "number", "street", "visitUnallowedAt", "visitedAt", "block_id") VALUES (2374, '553', 'Garopaba', NULL, NULL, 228);
INSERT INTO "Block" ("id", "name", "territory_id") VALUES (229, 'I', 13);
INSERT INTO "Address" ("id", "number", "street", "visitUnallowedAt", "visitedAt", "block_id") VALUES (2375, '703', 'Guaratuba', NULL, NULL, 229);
INSERT INTO "Address" ("id", "number", "street", "visitUnallowedAt", "visitedAt", "block_id") VALUES (2376, '691', 'Guaratuba', NULL, NULL, 229);
INSERT INTO "Address" ("id", "number", "street", "visitUnallowedAt", "visitedAt", "block_id") VALUES (2377, 'SN°3', 'Guaratuba', NULL, NULL, 229);
INSERT INTO "Address" ("id", "number", "street", "visitUnallowedAt", "visitedAt", "block_id") VALUES (2378, 'SN°1', 'Camélias', NULL, NULL, 229);
INSERT INTO "Address" ("id", "number", "street", "visitUnallowedAt", "visitedAt", "block_id") VALUES (2379, '589', 'Camélias', NULL, NULL, 229);
INSERT INTO "Address" ("id", "number", "street", "visitUnallowedAt", "visitedAt", "block_id") VALUES (2380, '536', 'Canasvieiras', NULL, NULL, 229);
INSERT INTO "Address" ("id", "number", "street", "visitUnallowedAt", "visitedAt", "block_id") VALUES (2381, '562', 'Canasvieiras', NULL, NULL, 229);
INSERT INTO "Address" ("id", "number", "street", "visitUnallowedAt", "visitedAt", "block_id") VALUES (2382, '584', 'Canasvieiras', NULL, NULL, 229);
INSERT INTO "Address" ("id", "number", "street", "visitUnallowedAt", "visitedAt", "block_id") VALUES (2383, '570', 'Canasvieiras', NULL, NULL, 229);
INSERT INTO "Block" ("id", "name", "territory_id") VALUES (230, 'J', 13);
INSERT INTO "Address" ("id", "number", "street", "visitUnallowedAt", "visitedAt", "block_id") VALUES (2384, '753', 'Camélias', NULL, NULL, 230);
INSERT INTO "Address" ("id", "number", "street", "visitUnallowedAt", "visitedAt", "block_id") VALUES (2385, '753', 'Guaratuba', NULL, NULL, 230);
INSERT INTO "Address" ("id", "number", "street", "visitUnallowedAt", "visitedAt", "block_id") VALUES (2386, 'SN°2', 'Guaratuba', NULL, NULL, 230);
INSERT INTO "Address" ("id", "number", "street", "visitUnallowedAt", "visitedAt", "block_id") VALUES (2387, '765', 'Guaratuba', NULL, NULL, 230);
INSERT INTO "Address" ("id", "number", "street", "visitUnallowedAt", "visitedAt", "block_id") VALUES (2388, '779', 'Guaratuba', NULL, NULL, 230);
INSERT INTO "Address" ("id", "number", "street", "visitUnallowedAt", "visitedAt", "block_id") VALUES (2389, '675', 'Cravjna', NULL, NULL, 230);
INSERT INTO "Address" ("id", "number", "street", "visitUnallowedAt", "visitedAt", "block_id") VALUES (2390, 'SN°2', 'Cravjna', NULL, NULL, 230);
INSERT INTO "Address" ("id", "number", "street", "visitUnallowedAt", "visitedAt", "block_id") VALUES (2391, 'SN°3', 'Cravjna', NULL, NULL, 230);
INSERT INTO "Address" ("id", "number", "street", "visitUnallowedAt", "visitedAt", "block_id") VALUES (2392, 'SN°1', 'Canasvieiras', NULL, NULL, 230);
INSERT INTO "Address" ("id", "number", "street", "visitUnallowedAt", "visitedAt", "block_id") VALUES (2393, '678', 'Canasvieiras', NULL, NULL, 230);
INSERT INTO "Block" ("id", "name", "territory_id") VALUES (231, 'K', 13);
INSERT INTO "Address" ("id", "number", "street", "visitUnallowedAt", "visitedAt", "block_id") VALUES (2394, 'SN°1', 'Guaratuba', NULL, NULL, 231);
INSERT INTO "Address" ("id", "number", "street", "visitUnallowedAt", "visitedAt", "block_id") VALUES (2395, '907', 'Guaratuba', NULL, NULL, 231);
INSERT INTO "Address" ("id", "number", "street", "visitUnallowedAt", "visitedAt", "block_id") VALUES (2396, '919', 'Guaratuba', NULL, NULL, 231);
INSERT INTO "Address" ("id", "number", "street", "visitUnallowedAt", "visitedAt", "block_id") VALUES (2397, 'SN°4', 'Guaratuba', NULL, NULL, 231);
INSERT INTO "Address" ("id", "number", "street", "visitUnallowedAt", "visitedAt", "block_id") VALUES (2398, 'SN°1', 'Canasvieiras', NULL, NULL, 231);
INSERT INTO "Address" ("id", "number", "street", "visitUnallowedAt", "visitedAt", "block_id") VALUES (2399, '764', 'Canasvieiras', NULL, NULL, 231);
INSERT INTO "Address" ("id", "number", "street", "visitUnallowedAt", "visitedAt", "block_id") VALUES (2400, 'SN°3', 'Canasvieiras', NULL, NULL, 231);
INSERT INTO "Address" ("id", "number", "street", "visitUnallowedAt", "visitedAt", "block_id") VALUES (2401, '898', 'Canasvieiras', NULL, NULL, 231);
INSERT INTO "Address" ("id", "number", "street", "visitUnallowedAt", "visitedAt", "block_id") VALUES (2402, 'SN°1', 'Cravina', NULL, NULL, 231);
INSERT INTO "Block" ("id", "name", "territory_id") VALUES (232, 'L', 13);
INSERT INTO "Address" ("id", "number", "street", "visitUnallowedAt", "visitedAt", "block_id") VALUES (2403, '850', 'Canasvieiras', NULL, NULL, 232);
INSERT INTO "Address" ("id", "number", "street", "visitUnallowedAt", "visitedAt", "block_id") VALUES (2404, '860', 'Canasvieiras', NULL, NULL, 232);
INSERT INTO "Address" ("id", "number", "street", "visitUnallowedAt", "visitedAt", "block_id") VALUES (2405, 'SN°3', 'Canasvieiras', NULL, NULL, 232);
INSERT INTO "Address" ("id", "number", "street", "visitUnallowedAt", "visitedAt", "block_id") VALUES (2406, '418', 'Cerejeiras', NULL, NULL, 232);
INSERT INTO "Address" ("id", "number", "street", "visitUnallowedAt", "visitedAt", "block_id") VALUES (2407, '822', 'Cerejeiras', NULL, NULL, 232);
INSERT INTO "Address" ("id", "number", "street", "visitUnallowedAt", "visitedAt", "block_id") VALUES (2408, '979-A', 'Guaratuba', NULL, NULL, 232);
INSERT INTO "Address" ("id", "number", "street", "visitUnallowedAt", "visitedAt", "block_id") VALUES (2409, '979-B', 'Guaratuba', NULL, NULL, 232);
INSERT INTO "Address" ("id", "number", "street", "visitUnallowedAt", "visitedAt", "block_id") VALUES (2410, '993', 'Guaratuba', NULL, NULL, 232);
INSERT INTO "Block" ("id", "name", "territory_id") VALUES (233, 'M', 13);
INSERT INTO "Address" ("id", "number", "street", "visitUnallowedAt", "visitedAt", "block_id") VALUES (2411, '567', 'Canasvieiras', NULL, NULL, 233);
INSERT INTO "Address" ("id", "number", "street", "visitUnallowedAt", "visitedAt", "block_id") VALUES (2412, 'SN°2', 'Canasvieiras', NULL, NULL, 233);
INSERT INTO "Address" ("id", "number", "street", "visitUnallowedAt", "visitedAt", "block_id") VALUES (2413, 'SN°3', 'Canasvieiras', NULL, NULL, 233);
INSERT INTO "Address" ("id", "number", "street", "visitUnallowedAt", "visitedAt", "block_id") VALUES (2414, '525', 'Canasvieiras', NULL, NULL, 233);
INSERT INTO "Address" ("id", "number", "street", "visitUnallowedAt", "visitedAt", "block_id") VALUES (2415, '549', 'Camélias', NULL, NULL, 233);
INSERT INTO "Address" ("id", "number", "street", "visitUnallowedAt", "visitedAt", "block_id") VALUES (2416, 'SN°1', 'Imbituba', NULL, NULL, 233);
INSERT INTO "Address" ("id", "number", "street", "visitUnallowedAt", "visitedAt", "block_id") VALUES (2417, '680', 'Imbituba', NULL, NULL, 233);
INSERT INTO "Address" ("id", "number", "street", "visitUnallowedAt", "visitedAt", "block_id") VALUES (2418, '584', 'Imbituba', NULL, NULL, 233);
INSERT INTO "Address" ("id", "number", "street", "visitUnallowedAt", "visitedAt", "block_id") VALUES (2419, 'SN°4', 'Imbituba', NULL, NULL, 233);
INSERT INTO "Address" ("id", "number", "street", "visitUnallowedAt", "visitedAt", "block_id") VALUES (2420, 'SN°1', 'Azaléias', NULL, NULL, 233);
INSERT INTO "Address" ("id", "number", "street", "visitUnallowedAt", "visitedAt", "block_id") VALUES (2421, 'SN°2', 'Azaléias', NULL, NULL, 233);
INSERT INTO "Address" ("id", "number", "street", "visitUnallowedAt", "visitedAt", "block_id") VALUES (2422, 'SN°3', 'Azaléias', NULL, NULL, 233);
INSERT INTO "Address" ("id", "number", "street", "visitUnallowedAt", "visitedAt", "block_id") VALUES (2423, 'SN°4', 'Azaléias', NULL, NULL, 233);
INSERT INTO "Address" ("id", "number", "street", "visitUnallowedAt", "visitedAt", "block_id") VALUES (2424, 'SN°5', 'Azaléias', NULL, NULL, 233);
INSERT INTO "Block" ("id", "name", "territory_id") VALUES (234, 'N', 13);
INSERT INTO "Address" ("id", "number", "street", "visitUnallowedAt", "visitedAt", "block_id") VALUES (2425, 'SN°1', 'Canasvieiras', NULL, NULL, 234);
INSERT INTO "Address" ("id", "number", "street", "visitUnallowedAt", "visitedAt", "block_id") VALUES (2426, '397', 'Canasvieiras', NULL, NULL, 234);
INSERT INTO "Address" ("id", "number", "street", "visitUnallowedAt", "visitedAt", "block_id") VALUES (2427, 'SN°3', 'Canasvieiras', NULL, NULL, 234);
INSERT INTO "Address" ("id", "number", "street", "visitUnallowedAt", "visitedAt", "block_id") VALUES (2428, 'SN°1', 'Cravina', NULL, NULL, 234);
INSERT INTO "Address" ("id", "number", "street", "visitUnallowedAt", "visitedAt", "block_id") VALUES (2429, 'SN°1', 'Imbituba', NULL, NULL, 234);
INSERT INTO "Address" ("id", "number", "street", "visitUnallowedAt", "visitedAt", "block_id") VALUES (2430, 'SN°2', 'Imbituba', NULL, NULL, 234);
INSERT INTO "Address" ("id", "number", "street", "visitUnallowedAt", "visitedAt", "block_id") VALUES (2431, 'SN°3', 'Imbituba', NULL, NULL, 234);
INSERT INTO "Block" ("id", "name", "territory_id") VALUES (235, 'O', 13);
INSERT INTO "Address" ("id", "number", "street", "visitUnallowedAt", "visitedAt", "block_id") VALUES (2432, '799', 'Canasvieiras', NULL, NULL, 235);
INSERT INTO "Address" ("id", "number", "street", "visitUnallowedAt", "visitedAt", "block_id") VALUES (2433, 'SN°2', 'Canasvieiras', NULL, NULL, 235);
INSERT INTO "Address" ("id", "number", "street", "visitUnallowedAt", "visitedAt", "block_id") VALUES (2434, '65', 'Canasvieiras', NULL, NULL, 235);
INSERT INTO "Address" ("id", "number", "street", "visitUnallowedAt", "visitedAt", "block_id") VALUES (2435, '767', 'Canasvieiras', NULL, NULL, 235);
INSERT INTO "Address" ("id", "number", "street", "visitUnallowedAt", "visitedAt", "block_id") VALUES (2436, '735', 'Canasvieiras', NULL, NULL, 235);
INSERT INTO "Address" ("id", "number", "street", "visitUnallowedAt", "visitedAt", "block_id") VALUES (2437, 'SN°6', 'Canasvieiras', NULL, NULL, 235);
INSERT INTO "Address" ("id", "number", "street", "visitUnallowedAt", "visitedAt", "block_id") VALUES (2438, 'SN°1', 'Cerejeiras', NULL, NULL, 235);
INSERT INTO "Address" ("id", "number", "street", "visitUnallowedAt", "visitedAt", "block_id") VALUES (2439, '878', 'Imbituba', NULL, NULL, 235);
INSERT INTO "Address" ("id", "number", "street", "visitUnallowedAt", "visitedAt", "block_id") VALUES (2440, 'SN°2', 'Imbituba', NULL, NULL, 235);
INSERT INTO "Address" ("id", "number", "street", "visitUnallowedAt", "visitedAt", "block_id") VALUES (2441, '170', 'Cravina', NULL, NULL, 235);
INSERT INTO "Block" ("id", "name", "territory_id") VALUES (236, 'P', 13);
INSERT INTO "Address" ("id", "number", "street", "visitUnallowedAt", "visitedAt", "block_id") VALUES (2442, '972', 'Imbituba', NULL, NULL, 236);
INSERT INTO "Address" ("id", "number", "street", "visitUnallowedAt", "visitedAt", "block_id") VALUES (2443, '996', 'Imbituba', NULL, NULL, 236);
INSERT INTO "Address" ("id", "number", "street", "visitUnallowedAt", "visitedAt", "block_id") VALUES (2444, 'SN°1', 'Cerejeiras', NULL, NULL, 236);
INSERT INTO "Address" ("id", "number", "street", "visitUnallowedAt", "visitedAt", "block_id") VALUES (2445, 'SN°2', 'Cerejeiras', NULL, NULL, 236);
INSERT INTO "Address" ("id", "number", "street", "visitUnallowedAt", "visitedAt", "block_id") VALUES (2446, '833', 'Canasvieiras', NULL, NULL, 236);
INSERT INTO "Address" ("id", "number", "street", "visitUnallowedAt", "visitedAt", "block_id") VALUES (2447, '847', 'Canasvieiras', NULL, NULL, 236);
INSERT INTO "Address" ("id", "number", "street", "visitUnallowedAt", "visitedAt", "block_id") VALUES (2448, '871', 'Canasvieiras', NULL, NULL, 236);
INSERT INTO "Address" ("id", "number", "street", "visitUnallowedAt", "visitedAt", "block_id") VALUES (2449, 'SN°4', 'Canasvieiras', NULL, NULL, 236);
INSERT INTO "Block" ("id", "name", "territory_id") VALUES (237, 'Q', 13);
INSERT INTO "Address" ("id", "number", "street", "visitUnallowedAt", "visitedAt", "block_id") VALUES (2450, 'SN°1', 'Imbituba', NULL, NULL, 237);
INSERT INTO "Address" ("id", "number", "street", "visitUnallowedAt", "visitedAt", "block_id") VALUES (2451, 'SN°2', 'Imbituba', NULL, NULL, 237);
INSERT INTO "Address" ("id", "number", "street", "visitUnallowedAt", "visitedAt", "block_id") VALUES (2452, 'SN°3', 'Imbituba', NULL, NULL, 237);
INSERT INTO "Address" ("id", "number", "street", "visitUnallowedAt", "visitedAt", "block_id") VALUES (2453, '537', 'Imbituba', NULL, NULL, 237);
INSERT INTO "Address" ("id", "number", "street", "visitUnallowedAt", "visitedAt", "block_id") VALUES (2454, '547', 'Imbituba', NULL, NULL, 237);
INSERT INTO "Address" ("id", "number", "street", "visitUnallowedAt", "visitedAt", "block_id") VALUES (2455, 'SN°6', 'Imbituba', NULL, NULL, 237);
INSERT INTO "Address" ("id", "number", "street", "visitUnallowedAt", "visitedAt", "block_id") VALUES (2456, '649', 'Imbituba', NULL, NULL, 237);
INSERT INTO "Address" ("id", "number", "street", "visitUnallowedAt", "visitedAt", "block_id") VALUES (2457, 'SN°1', 'Camélias', NULL, NULL, 237);
INSERT INTO "Address" ("id", "number", "street", "visitUnallowedAt", "visitedAt", "block_id") VALUES (2458, 'SN°2', 'Camélias', NULL, NULL, 237);
INSERT INTO "Address" ("id", "number", "street", "visitUnallowedAt", "visitedAt", "block_id") VALUES (2459, '550', 'Itapema', NULL, NULL, 237);
INSERT INTO "Address" ("id", "number", "street", "visitUnallowedAt", "visitedAt", "block_id") VALUES (2460, 'SN°2', 'Itapema', NULL, NULL, 237);
INSERT INTO "Address" ("id", "number", "street", "visitUnallowedAt", "visitedAt", "block_id") VALUES (2461, 'SN°3', 'Itapema', NULL, NULL, 237);
INSERT INTO "Block" ("id", "name", "territory_id") VALUES (238, 'R', 13);
INSERT INTO "Address" ("id", "number", "street", "visitUnallowedAt", "visitedAt", "block_id") VALUES (2462, 'SN°1', 'Imbituba', NULL, NULL, 238);
INSERT INTO "Address" ("id", "number", "street", "visitUnallowedAt", "visitedAt", "block_id") VALUES (2463, '87', 'Imbituba', NULL, NULL, 238);
INSERT INTO "Address" ("id", "number", "street", "visitUnallowedAt", "visitedAt", "block_id") VALUES (2464, 'SN°3', 'Imbituba', NULL, NULL, 238);
INSERT INTO "Address" ("id", "number", "street", "visitUnallowedAt", "visitedAt", "block_id") VALUES (2465, '831', 'Cravina', NULL, NULL, 238);
INSERT INTO "Block" ("id", "name", "territory_id") VALUES (239, 'S', 13);
INSERT INTO "Address" ("id", "number", "street", "visitUnallowedAt", "visitedAt", "block_id") VALUES (2466, '879', 'Imbituba', NULL, NULL, 239);
INSERT INTO "Address" ("id", "number", "street", "visitUnallowedAt", "visitedAt", "block_id") VALUES (2467, 'SN°2', 'Imbituba', NULL, NULL, 239);
INSERT INTO "Address" ("id", "number", "street", "visitUnallowedAt", "visitedAt", "block_id") VALUES (2468, 'SN°3', 'Imbituba', NULL, NULL, 239);
INSERT INTO "Address" ("id", "number", "street", "visitUnallowedAt", "visitedAt", "block_id") VALUES (2469, '915', 'Imbituba', NULL, NULL, 239);
INSERT INTO "Address" ("id", "number", "street", "visitUnallowedAt", "visitedAt", "block_id") VALUES (2470, 'SN°1', 'Itapema', NULL, NULL, 239);
INSERT INTO "Address" ("id", "number", "street", "visitUnallowedAt", "visitedAt", "block_id") VALUES (2471, 'SN°2', 'Itapema', NULL, NULL, 239);
INSERT INTO "Address" ("id", "number", "street", "visitUnallowedAt", "visitedAt", "block_id") VALUES (2472, 'SN°3', 'Itapema', NULL, NULL, 239);
INSERT INTO "Address" ("id", "number", "street", "visitUnallowedAt", "visitedAt", "block_id") VALUES (2473, 'SN°4', 'Itapema', NULL, NULL, 239);
INSERT INTO "Address" ("id", "number", "street", "visitUnallowedAt", "visitedAt", "block_id") VALUES (2474, 'SN°5', 'Itapema', NULL, NULL, 239);
INSERT INTO "Address" ("id", "number", "street", "visitUnallowedAt", "visitedAt", "block_id") VALUES (2475, 'SN°6', 'Itapema', NULL, NULL, 239);
INSERT INTO "Address" ("id", "number", "street", "visitUnallowedAt", "visitedAt", "block_id") VALUES (2476, 'SN°7', 'Itapema', NULL, NULL, 239);
INSERT INTO "Block" ("id", "name", "territory_id") VALUES (240, 'T', 13);
INSERT INTO "Address" ("id", "number", "street", "visitUnallowedAt", "visitedAt", "block_id") VALUES (2477, 'SN°1', 'Itapema', NULL, NULL, 240);
INSERT INTO "Address" ("id", "number", "street", "visitUnallowedAt", "visitedAt", "block_id") VALUES (2478, '989', 'Itapema', NULL, NULL, 240);
INSERT INTO "Address" ("id", "number", "street", "visitUnallowedAt", "visitedAt", "block_id") VALUES (2479, '1001', 'Itapema', NULL, NULL, 240);
INSERT INTO "Block" ("id", "name", "territory_id") VALUES (241, 'U', 13);
INSERT INTO "Address" ("id", "number", "street", "visitUnallowedAt", "visitedAt", "block_id") VALUES (2480, '527', 'Itapema', NULL, NULL, 241);
INSERT INTO "Address" ("id", "number", "street", "visitUnallowedAt", "visitedAt", "block_id") VALUES (2481, '539', 'Itapema', NULL, NULL, 241);
INSERT INTO "Address" ("id", "number", "street", "visitUnallowedAt", "visitedAt", "block_id") VALUES (2482, '551', 'Itapema', NULL, NULL, 241);
INSERT INTO "Address" ("id", "number", "street", "visitUnallowedAt", "visitedAt", "block_id") VALUES (2483, '575', 'Itapema', NULL, NULL, 241);
INSERT INTO "Block" ("id", "name", "territory_id") VALUES (242, 'V', 13);
INSERT INTO "Address" ("id", "number", "street", "visitUnallowedAt", "visitedAt", "block_id") VALUES (2484, 'SN°1', 'Itapema', NULL, NULL, 242);
INSERT INTO "Address" ("id", "number", "street", "visitUnallowedAt", "visitedAt", "block_id") VALUES (2485, 'SN°2', 'Itapema', NULL, NULL, 242);
INSERT INTO "Address" ("id", "number", "street", "visitUnallowedAt", "visitedAt", "block_id") VALUES (2486, 'SN°3', 'Itapema', NULL, NULL, 242);
